actions	1	aid	varchar	varchar(255)	NO	'0'	PRI	utf8mb3
actions	2	type	varchar	varchar(32)	NO	''		utf8mb3
actions	3	callback	varchar	varchar(255)	NO	''		utf8mb3
actions	4	parameters	longblob	longblob	NO	~NULL~		
actions	5	label	varchar	varchar(255)	NO	'0'		utf8mb3
authmap	1	aid	int	int(10) unsigned	NO	~NULL~	PRI	
authmap	2	uid	int	int(11)	NO	0	MUL	
authmap	3	authname	varchar	varchar(128)	NO	''	UNI	utf8mb3
authmap	4	module	varchar	varchar(128)	NO	''		utf8mb3
backup_migrate_destinations	1	destination_id	int	int(10) unsigned	NO	~NULL~	PRI	
backup_migrate_destinations	2	machine_name	varchar	varchar(255)	NO	'0'		utf8mb3
backup_migrate_destinations	3	name	varchar	varchar(255)	NO	~NULL~		utf8mb3
backup_migrate_destinations	4	subtype	varchar	varchar(32)	NO	~NULL~		utf8mb3
backup_migrate_destinations	5	location	text	text	NO	~NULL~		utf8mb3
backup_migrate_destinations	6	settings	text	text	NO	~NULL~		utf8mb3
backup_migrate_profiles	1	profile_id	int	int(10) unsigned	NO	~NULL~	PRI	
backup_migrate_profiles	2	machine_name	varchar	varchar(255)	NO	'0'		utf8mb3
backup_migrate_profiles	3	name	varchar	varchar(255)	NO	~NULL~		utf8mb3
backup_migrate_profiles	4	filename	varchar	varchar(255)	NO	~NULL~		utf8mb3
backup_migrate_profiles	5	append_timestamp	tinyint	tinyint(3) unsigned	NO	0		
backup_migrate_profiles	6	timestamp_format	varchar	varchar(14)	NO	~NULL~		utf8mb3
backup_migrate_profiles	7	filters	text	text	NO	~NULL~		utf8mb3
backup_migrate_schedules	1	schedule_id	int	int(10) unsigned	NO	~NULL~	PRI	
backup_migrate_schedules	2	machine_name	varchar	varchar(255)	NO	'0'		utf8mb3
backup_migrate_schedules	3	name	varchar	varchar(255)	NO	~NULL~		utf8mb3
backup_migrate_schedules	4	source_id	varchar	varchar(255)	NO	'db'		utf8mb3
backup_migrate_schedules	5	destination_id	varchar	varchar(255)	NO	'0'		utf8mb3
backup_migrate_schedules	6	copy_destination_id	varchar	varchar(32)	NO	'0'		utf8mb3
backup_migrate_schedules	7	profile_id	varchar	varchar(255)	NO	'0'		utf8mb3
backup_migrate_schedules	8	keep	int	int(11)	NO	0		
backup_migrate_schedules	9	period	int	int(11)	NO	0		
backup_migrate_schedules	10	enabled	tinyint	tinyint(3) unsigned	NO	0		
backup_migrate_schedules	11	cron	varchar	varchar(32)	NO	'builtin'		utf8mb3
backup_migrate_schedules	12	cron_schedule	varchar	varchar(255)	NO	'0 4 * * *'		utf8mb3
backup_migrate_sources	1	source_id	int	int(10) unsigned	NO	~NULL~	PRI	
backup_migrate_sources	2	machine_name	varchar	varchar(255)	NO	'0'		utf8mb3
backup_migrate_sources	3	name	varchar	varchar(255)	NO	~NULL~		utf8mb3
backup_migrate_sources	4	subtype	varchar	varchar(32)	NO	~NULL~		utf8mb3
backup_migrate_sources	5	location	text	text	NO	~NULL~		utf8mb3
backup_migrate_sources	6	settings	text	text	NO	~NULL~		utf8mb3
batch	1	bid	int	int(10) unsigned	NO	~NULL~	PRI	
batch	2	token	varchar	varchar(64)	NO	~NULL~	MUL	utf8mb3
batch	3	timestamp	int	int(11)	NO	~NULL~		
batch	4	batch	longblob	longblob	YES	NULL		
block	1	bid	int	int(11)	NO	~NULL~	PRI	
block	2	module	varchar	varchar(64)	NO	''		utf8mb3
block	3	delta	varchar	varchar(32)	NO	'0'		utf8mb3
block	4	theme	varchar	varchar(64)	NO	''	MUL	utf8mb3
block	5	status	tinyint	tinyint(4)	NO	0		
block	6	weight	int	int(11)	NO	0		
block	7	region	varchar	varchar(64)	NO	''		utf8mb3
block	8	custom	tinyint	tinyint(4)	NO	0		
block	9	visibility	tinyint	tinyint(4)	NO	0		
block	10	pages	text	text	NO	~NULL~		utf8mb3
block	11	title	varchar	varchar(255)	NO	''		utf8mb3
block	12	cache	tinyint	tinyint(4)	NO	1		
block	13	i18n_mode	int	int(11)	NO	0		
blocked_ips	1	iid	int	int(10) unsigned	NO	~NULL~	PRI	
blocked_ips	2	ip	varchar	varchar(40)	NO	''	MUL	utf8mb3
block_custom	1	bid	int	int(10) unsigned	NO	~NULL~	PRI	
block_custom	2	body	longtext	longtext	YES	NULL		utf8mb3
block_custom	3	info	varchar	varchar(128)	NO	''	UNI	utf8mb3
block_custom	4	format	varchar	varchar(255)	YES	NULL		utf8mb3
block_node_type	1	module	varchar	varchar(64)	NO	~NULL~	PRI	utf8mb3
block_node_type	2	delta	varchar	varchar(32)	NO	~NULL~	PRI	utf8mb3
block_node_type	3	type	varchar	varchar(32)	NO	~NULL~	PRI	utf8mb3
block_role	1	module	varchar	varchar(64)	NO	~NULL~	PRI	utf8mb3
block_role	2	delta	varchar	varchar(32)	NO	~NULL~	PRI	utf8mb3
block_role	3	rid	int	int(10) unsigned	NO	~NULL~	PRI	
cache	1	cid	varchar	varchar(255)	NO	''	PRI	utf8mb3
cache	2	data	longblob	longblob	YES	NULL		
cache	3	expire	int	int(11)	NO	0	MUL	
cache	4	created	int	int(11)	NO	0		
cache	5	serialized	smallint	smallint(6)	NO	0		
cache_admin_menu	1	cid	varchar	varchar(255)	NO	''	PRI	utf8mb3
cache_admin_menu	2	data	longblob	longblob	YES	NULL		
cache_admin_menu	3	expire	int	int(11)	NO	0	MUL	
cache_admin_menu	4	created	int	int(11)	NO	0		
cache_admin_menu	5	serialized	smallint	smallint(6)	NO	0		
cache_admin_menu__truncated_table	1	cid	varchar	varchar(255)	NO	''	PRI	utf8mb3
cache_admin_menu__truncated_table	2	data	longblob	longblob	YES	NULL		
cache_admin_menu__truncated_table	3	expire	int	int(11)	NO	0	MUL	
cache_admin_menu__truncated_table	4	created	int	int(11)	NO	0		
cache_admin_menu__truncated_table	5	serialized	smallint	smallint(6)	NO	0		
cache_block	1	cid	varchar	varchar(255)	NO	''	PRI	utf8mb3
cache_block	2	data	longblob	longblob	YES	NULL		
cache_block	3	expire	int	int(11)	NO	0	MUL	
cache_block	4	created	int	int(11)	NO	0		
cache_block	5	serialized	smallint	smallint(6)	NO	0		
cache_bootstrap	1	cid	varchar	varchar(255)	NO	''	PRI	utf8mb3
cache_bootstrap	2	data	longblob	longblob	YES	NULL		
cache_bootstrap	3	expire	int	int(11)	NO	0	MUL	
cache_bootstrap	4	created	int	int(11)	NO	0		
cache_bootstrap	5	serialized	smallint	smallint(6)	NO	0		
cache_bootstrap__truncated_table	1	cid	varchar	varchar(255)	NO	''	PRI	utf8mb3
cache_bootstrap__truncated_table	2	data	longblob	longblob	YES	NULL		
cache_bootstrap__truncated_table	3	expire	int	int(11)	NO	0	MUL	
cache_bootstrap__truncated_table	4	created	int	int(11)	NO	0		
cache_bootstrap__truncated_table	5	serialized	smallint	smallint(6)	NO	0		
cache_features	1	cid	varchar	varchar(255)	NO	''	PRI	utf8mb3
cache_features	2	data	longblob	longblob	YES	NULL		
cache_features	3	expire	int	int(11)	NO	0	MUL	
cache_features	4	created	int	int(11)	NO	0		
cache_features	5	serialized	smallint	smallint(6)	NO	0		
cache_features__truncated_table	1	cid	varchar	varchar(255)	NO	''	PRI	utf8mb3
cache_features__truncated_table	2	data	longblob	longblob	YES	NULL		
cache_features__truncated_table	3	expire	int	int(11)	NO	0	MUL	
cache_features__truncated_table	4	created	int	int(11)	NO	0		
cache_features__truncated_table	5	serialized	smallint	smallint(6)	NO	0		
cache_feeds_http	1	cid	varchar	varchar(255)	NO	''	PRI	utf8mb3
cache_feeds_http	2	data	longblob	longblob	YES	NULL		
cache_feeds_http	3	expire	int	int(11)	NO	0	MUL	
cache_feeds_http	4	created	int	int(11)	NO	0		
cache_feeds_http	5	serialized	smallint	smallint(6)	NO	0		
cache_field	1	cid	varchar	varchar(255)	NO	''	PRI	utf8mb3
cache_field	2	data	longblob	longblob	YES	NULL		
cache_field	3	expire	int	int(11)	NO	0	MUL	
cache_field	4	created	int	int(11)	NO	0		
cache_field	5	serialized	smallint	smallint(6)	NO	0		
cache_field__truncated_table	1	cid	varchar	varchar(255)	NO	''	PRI	utf8mb3
cache_field__truncated_table	2	data	longblob	longblob	YES	NULL		
cache_field__truncated_table	3	expire	int	int(11)	NO	0	MUL	
cache_field__truncated_table	4	created	int	int(11)	NO	0		
cache_field__truncated_table	5	serialized	smallint	smallint(6)	NO	0		
cache_filter	1	cid	varchar	varchar(255)	NO	''	PRI	utf8mb3
cache_filter	2	data	longblob	longblob	YES	NULL		
cache_filter	3	expire	int	int(11)	NO	0	MUL	
cache_filter	4	created	int	int(11)	NO	0		
cache_filter	5	serialized	smallint	smallint(6)	NO	0		
cache_filter__truncated_table	1	cid	varchar	varchar(255)	NO	''	PRI	utf8mb3
cache_filter__truncated_table	2	data	longblob	longblob	YES	NULL		
cache_filter__truncated_table	3	expire	int	int(11)	NO	0	MUL	
cache_filter__truncated_table	4	created	int	int(11)	NO	0		
cache_filter__truncated_table	5	serialized	smallint	smallint(6)	NO	0		
cache_form	1	cid	varchar	varchar(255)	NO	''	PRI	utf8mb3
cache_form	2	data	longblob	longblob	YES	NULL		
cache_form	3	expire	int	int(11)	NO	0	MUL	
cache_form	4	created	int	int(11)	NO	0		
cache_form	5	serialized	smallint	smallint(6)	NO	0		
cache_geocoder	1	cid	varchar	varchar(255)	NO	''	PRI	utf8mb3
cache_geocoder	2	data	longblob	longblob	YES	NULL		
cache_geocoder	3	expire	int	int(11)	NO	0	MUL	
cache_geocoder	4	created	int	int(11)	NO	0		
cache_geocoder	5	serialized	smallint	smallint(6)	NO	0		
cache_image	1	cid	varchar	varchar(255)	NO	''	PRI	utf8mb3
cache_image	2	data	longblob	longblob	YES	NULL		
cache_image	3	expire	int	int(11)	NO	0	MUL	
cache_image	4	created	int	int(11)	NO	0		
cache_image	5	serialized	smallint	smallint(6)	NO	0		
cache_libraries	1	cid	varchar	varchar(255)	NO	''	PRI	utf8mb3
cache_libraries	2	data	longblob	longblob	YES	NULL		
cache_libraries	3	expire	int	int(11)	NO	0	MUL	
cache_libraries	4	created	int	int(11)	NO	0		
cache_libraries	5	serialized	smallint	smallint(6)	NO	0		
cache_libraries__truncated_table	1	cid	varchar	varchar(255)	NO	''	PRI	utf8mb3
cache_libraries__truncated_table	2	data	longblob	longblob	YES	NULL		
cache_libraries__truncated_table	3	expire	int	int(11)	NO	0	MUL	
cache_libraries__truncated_table	4	created	int	int(11)	NO	0		
cache_libraries__truncated_table	5	serialized	smallint	smallint(6)	NO	0		
cache_menu	1	cid	varchar	varchar(255)	NO	''	PRI	utf8mb3
cache_menu	2	data	longblob	longblob	YES	NULL		
cache_menu	3	expire	int	int(11)	NO	0	MUL	
cache_menu	4	created	int	int(11)	NO	0		
cache_menu	5	serialized	smallint	smallint(6)	NO	0		
cache_page	1	cid	varchar	varchar(255)	NO	''	PRI	utf8mb3
cache_page	2	data	longblob	longblob	YES	NULL		
cache_page	3	expire	int	int(11)	NO	0	MUL	
cache_page	4	created	int	int(11)	NO	0		
cache_page	5	serialized	smallint	smallint(6)	NO	0		
cache_page__truncated_table	1	cid	varchar	varchar(255)	NO	''	PRI	utf8mb3
cache_page__truncated_table	2	data	longblob	longblob	YES	NULL		
cache_page__truncated_table	3	expire	int	int(11)	NO	0	MUL	
cache_page__truncated_table	4	created	int	int(11)	NO	0		
cache_page__truncated_table	5	serialized	smallint	smallint(6)	NO	0		
cache_path	1	cid	varchar	varchar(255)	NO	''	PRI	utf8mb3
cache_path	2	data	longblob	longblob	YES	NULL		
cache_path	3	expire	int	int(11)	NO	0	MUL	
cache_path	4	created	int	int(11)	NO	0		
cache_path	5	serialized	smallint	smallint(6)	NO	0		
cache_path__truncated_table	1	cid	varchar	varchar(255)	NO	''	PRI	utf8mb3
cache_path__truncated_table	2	data	longblob	longblob	YES	NULL		
cache_path__truncated_table	3	expire	int	int(11)	NO	0	MUL	
cache_path__truncated_table	4	created	int	int(11)	NO	0		
cache_path__truncated_table	5	serialized	smallint	smallint(6)	NO	0		
cache_rules	1	cid	varchar	varchar(255)	NO	''	PRI	utf8mb3
cache_rules	2	data	longblob	longblob	YES	NULL		
cache_rules	3	expire	int	int(11)	NO	0	MUL	
cache_rules	4	created	int	int(11)	NO	0		
cache_rules	5	serialized	smallint	smallint(6)	NO	0		
cache_shorten	1	cid	varchar	varchar(255)	NO	''	PRI	utf8mb3
cache_shorten	2	data	longblob	longblob	YES	NULL		
cache_shorten	3	expire	int	int(11)	NO	0	MUL	
cache_shorten	4	created	int	int(11)	NO	0		
cache_shorten	5	serialized	smallint	smallint(6)	NO	0		
cache_token	1	cid	varchar	varchar(255)	NO	''	PRI	utf8mb3
cache_token	2	data	longblob	longblob	YES	NULL		
cache_token	3	expire	int	int(11)	NO	0	MUL	
cache_token	4	created	int	int(11)	NO	0		
cache_token	5	serialized	smallint	smallint(6)	NO	0		
cache_token__truncated_table	1	cid	varchar	varchar(255)	NO	''	PRI	utf8mb3
cache_token__truncated_table	2	data	longblob	longblob	YES	NULL		
cache_token__truncated_table	3	expire	int	int(11)	NO	0	MUL	
cache_token__truncated_table	4	created	int	int(11)	NO	0		
cache_token__truncated_table	5	serialized	smallint	smallint(6)	NO	0		
cache_update	1	cid	varchar	varchar(255)	NO	''	PRI	utf8mb3
cache_update	2	data	longblob	longblob	YES	NULL		
cache_update	3	expire	int	int(11)	NO	0	MUL	
cache_update	4	created	int	int(11)	NO	0		
cache_update	5	serialized	smallint	smallint(6)	NO	0		
cache_update__truncated_table	1	cid	varchar	varchar(255)	NO	''	PRI	utf8mb3
cache_update__truncated_table	2	data	longblob	longblob	YES	NULL		
cache_update__truncated_table	3	expire	int	int(11)	NO	0	MUL	
cache_update__truncated_table	4	created	int	int(11)	NO	0		
cache_update__truncated_table	5	serialized	smallint	smallint(6)	NO	0		
cache_variable	1	cid	varchar	varchar(255)	NO	''	PRI	utf8mb3
cache_variable	2	data	longblob	longblob	YES	NULL		
cache_variable	3	expire	int	int(11)	NO	0	MUL	
cache_variable	4	created	int	int(11)	NO	0		
cache_variable	5	serialized	smallint	smallint(6)	NO	0		
cache_variable__truncated_table	1	cid	varchar	varchar(255)	NO	''	PRI	utf8mb3
cache_variable__truncated_table	2	data	longblob	longblob	YES	NULL		
cache_variable__truncated_table	3	expire	int	int(11)	NO	0	MUL	
cache_variable__truncated_table	4	created	int	int(11)	NO	0		
cache_variable__truncated_table	5	serialized	smallint	smallint(6)	NO	0		
cache_views	1	cid	varchar	varchar(255)	NO	''	PRI	utf8mb3
cache_views	2	data	longblob	longblob	YES	NULL		
cache_views	3	expire	int	int(11)	NO	0	MUL	
cache_views	4	created	int	int(11)	NO	0		
cache_views	5	serialized	smallint	smallint(6)	NO	0		
cache_views_data	1	cid	varchar	varchar(255)	NO	''	PRI	utf8mb3
cache_views_data	2	data	longblob	longblob	YES	NULL		
cache_views_data	3	expire	int	int(11)	NO	0	MUL	
cache_views_data	4	created	int	int(11)	NO	0		
cache_views_data	5	serialized	smallint	smallint(6)	NO	1		
cache_views__truncated_table	1	cid	varchar	varchar(255)	NO	''	PRI	utf8mb3
cache_views__truncated_table	2	data	longblob	longblob	YES	NULL		
cache_views__truncated_table	3	expire	int	int(11)	NO	0	MUL	
cache_views__truncated_table	4	created	int	int(11)	NO	0		
cache_views__truncated_table	5	serialized	smallint	smallint(6)	NO	0		
cache__truncated_table	1	cid	varchar	varchar(255)	NO	''	PRI	utf8mb3
cache__truncated_table	2	data	longblob	longblob	YES	NULL		
cache__truncated_table	3	expire	int	int(11)	NO	0	MUL	
cache__truncated_table	4	created	int	int(11)	NO	0		
cache__truncated_table	5	serialized	smallint	smallint(6)	NO	0		
ckeditor_input_format	1	name	varchar	varchar(128)	NO	''	PRI	utf8mb3
ckeditor_input_format	2	format	varchar	varchar(128)	NO	''	PRI	utf8mb3
ckeditor_settings	1	name	varchar	varchar(128)	NO	''	PRI	utf8mb3
ckeditor_settings	2	settings	text	text	YES	NULL		utf8mb3
comment	1	cid	int	int(11)	NO	~NULL~	PRI	
comment	2	pid	int	int(11)	NO	0	MUL	
comment	3	nid	int	int(11)	NO	0	MUL	
comment	4	uid	int	int(11)	NO	0	MUL	
comment	5	subject	varchar	varchar(64)	NO	''		utf8mb3
comment	6	hostname	varchar	varchar(128)	NO	''		utf8mb3
comment	7	created	int	int(11)	NO	0	MUL	
comment	8	changed	int	int(11)	NO	0		
comment	9	status	tinyint	tinyint(3) unsigned	NO	1		
comment	10	thread	varchar	varchar(255)	NO	~NULL~		utf8mb3
comment	11	name	varchar	varchar(60)	YES	NULL		utf8mb3
comment	12	mail	varchar	varchar(64)	YES	NULL		utf8mb3
comment	13	homepage	varchar	varchar(255)	YES	NULL		utf8mb3
comment	14	language	varchar	varchar(12)	NO	''		utf8mb3
conditional_fields	1	id	int	int(11)	NO	~NULL~	PRI	
conditional_fields	2	dependee	int	int(11)	NO	~NULL~		
conditional_fields	3	dependent	int	int(11)	NO	~NULL~		
conditional_fields	4	options	longblob	longblob	NO	~NULL~		
ctools_css_cache	1	cid	varchar	varchar(128)	NO	~NULL~	PRI	utf8mb3
ctools_css_cache	2	filename	varchar	varchar(255)	YES	NULL		utf8mb3
ctools_css_cache	3	css	longtext	longtext	YES	NULL		utf8mb3
ctools_css_cache	4	filter	tinyint	tinyint(4)	YES	NULL		
ctools_object_cache	1	sid	varchar	varchar(64)	NO	~NULL~	PRI	utf8mb3
ctools_object_cache	2	name	varchar	varchar(128)	NO	~NULL~	PRI	utf8mb3
ctools_object_cache	3	obj	varchar	varchar(128)	NO	~NULL~	PRI	utf8mb3
ctools_object_cache	4	updated	int	int(10) unsigned	NO	0	MUL	
ctools_object_cache	5	data	longblob	longblob	YES	NULL		
custom_help_text_roles	1	hid	int	int(11)	NO	~NULL~	PRI	
custom_help_text_roles	2	rid	int	int(11)	NO	~NULL~	PRI	
date_formats	1	dfid	int	int(10) unsigned	NO	~NULL~	PRI	
date_formats	2	format	varchar	varchar(100)	NO	~NULL~	MUL	utf8mb3
date_formats	3	type	varchar	varchar(64)	NO	~NULL~		utf8mb3
date_formats	4	locked	tinyint	tinyint(4)	NO	0		
date_format_locale	1	format	varchar	varchar(100)	NO	~NULL~		utf8mb3
date_format_locale	2	type	varchar	varchar(64)	NO	~NULL~	PRI	utf8mb3
date_format_locale	3	language	varchar	varchar(12)	NO	~NULL~	PRI	utf8mb3
date_format_type	1	type	varchar	varchar(64)	NO	~NULL~	PRI	utf8mb3
date_format_type	2	title	varchar	varchar(255)	NO	~NULL~	MUL	utf8mb3
date_format_type	3	locked	tinyint	tinyint(4)	NO	0		
draggableviews_structure	1	dvid	int	int(10) unsigned	NO	~NULL~	PRI	
draggableviews_structure	2	view_name	varchar	varchar(128)	NO	''	MUL	utf8mb3
draggableviews_structure	3	view_display	varchar	varchar(64)	NO	''		utf8mb3
draggableviews_structure	4	args	varchar	varchar(255)	YES	''		utf8mb3
draggableviews_structure	5	entity_id	int	int(10) unsigned	NO	~NULL~	MUL	
draggableviews_structure	6	weight	int	int(11)	NO	0	MUL	
draggableviews_structure	7	parent	int	int(11)	NO	0		
ds_fields	1	field	varchar	varchar(32)	NO	''	PRI	utf8mb3
ds_fields	2	label	varchar	varchar(128)	NO	''		utf8mb3
ds_fields	3	field_type	smallint	smallint(6)	NO	0		
ds_fields	4	entities	longblob	longblob	YES	NULL		
ds_fields	5	ui_limit	longblob	longblob	YES	NULL		
ds_fields	6	properties	longblob	longblob	YES	NULL		
ds_field_settings	1	id	varchar	varchar(255)	NO	''	PRI	utf8mb3
ds_field_settings	2	entity_type	varchar	varchar(32)	NO	''	MUL	utf8mb3
ds_field_settings	3	bundle	varchar	varchar(64)	NO	''	MUL	utf8mb3
ds_field_settings	4	view_mode	varchar	varchar(64)	NO	''	MUL	utf8mb3
ds_field_settings	5	settings	longblob	longblob	YES	NULL		
ds_layout_settings	1	id	varchar	varchar(255)	NO	''	PRI	utf8mb3
ds_layout_settings	2	entity_type	varchar	varchar(32)	NO	''	MUL	utf8mb3
ds_layout_settings	3	bundle	varchar	varchar(64)	NO	''	MUL	utf8mb3
ds_layout_settings	4	view_mode	varchar	varchar(64)	NO	''	MUL	utf8mb3
ds_layout_settings	5	layout	varchar	varchar(64)	NO	''		utf8mb3
ds_layout_settings	6	settings	longblob	longblob	YES	NULL		
ds_vd	1	vd	varchar	varchar(128)	NO	''	PRI	utf8mb3
ds_vd	2	label	varchar	varchar(132)	NO	''		utf8mb3
ds_view_modes	1	view_mode	varchar	varchar(64)	NO	''	PRI	utf8mb3
ds_view_modes	2	label	varchar	varchar(32)	NO	''		utf8mb3
ds_view_modes	3	entities	longblob	longblob	YES	NULL		
elysia_cron	1	name	varchar	varchar(120)	NO	~NULL~	PRI	utf8mb3
elysia_cron	2	disable	tinyint	tinyint(4)	YES	NULL		
elysia_cron	3	rule	varchar	varchar(256)	YES	NULL		utf8mb3
elysia_cron	4	weight	int	int(11)	YES	NULL		
elysia_cron	5	context	varchar	varchar(32)	YES	NULL		utf8mb3
elysia_cron	6	running	int	int(11)	NO	0		
elysia_cron	7	last_run	int	int(11)	NO	0		
elysia_cron	8	last_aborted	tinyint	tinyint(4)	NO	0		
elysia_cron	9	abort_count	int	int(11)	NO	0		
elysia_cron	10	last_abort_function	varchar	varchar(128)	YES	NULL		utf8mb3
elysia_cron	11	last_execution_time	int	int(11)	NO	0		
elysia_cron	12	execution_count	int	int(11)	NO	0		
elysia_cron	13	avg_execution_time	float	float	NO	0		
elysia_cron	14	max_execution_time	int	int(11)	NO	0		
elysia_cron	15	last_shutdown_time	int	int(11)	NO	0		
environment_indicator_environment	1	machine	varchar	varchar(32)	YES	NULL	UNI	utf8mb3
environment_indicator_environment	2	name	varchar	varchar(255)	YES	NULL		utf8mb3
environment_indicator_environment	3	envid	int	int(10) unsigned	NO	~NULL~	PRI	
environment_indicator_environment	4	regexurl	varchar	varchar(255)	YES	NULL		utf8mb3
environment_indicator_environment	5	settings	longtext	longtext	YES	NULL		utf8mb3
features_signature	1	module	varchar	varchar(64)	NO	~NULL~	PRI	utf8mb3
features_signature	2	component	varchar	varchar(128)	NO	~NULL~	PRI	utf8mb3
features_signature	3	signature	varchar	varchar(128)	NO	~NULL~		utf8mb3
features_signature	4	updated	int	int(11)	NO	0		
features_signature	5	message	varchar	varchar(255)	YES	NULL		utf8mb3
feeds_importer	1	id	varchar	varchar(128)	NO	''	PRI	utf8mb3
feeds_importer	2	config	longblob	longblob	YES	NULL		
feeds_item	1	entity_type	varchar	varchar(32)	NO	''	PRI	utf8mb3
feeds_item	2	entity_id	int	int(10) unsigned	NO	~NULL~	PRI	
feeds_item	3	id	varchar	varchar(128)	NO	''	MUL	utf8mb3
feeds_item	4	feed_nid	int	int(10) unsigned	NO	~NULL~	MUL	
feeds_item	5	imported	int	int(11)	NO	0	MUL	
feeds_item	6	url	text	text	NO	~NULL~		utf8mb3
feeds_item	7	guid	text	text	NO	~NULL~		utf8mb3
feeds_item	8	hash	varchar	varchar(32)	NO	''		utf8mb3
feeds_log	1	flid	int	int(11)	NO	~NULL~	PRI	
feeds_log	2	id	varchar	varchar(128)	NO	''	MUL	utf8mb3
feeds_log	3	feed_nid	int	int(10) unsigned	NO	~NULL~		
feeds_log	4	log_time	int	int(11)	NO	0	MUL	
feeds_log	5	request_time	int	int(11)	NO	0	MUL	
feeds_log	6	type	varchar	varchar(64)	NO	''	MUL	utf8mb3
feeds_log	7	message	longtext	longtext	NO	~NULL~		utf8mb3
feeds_log	8	variables	longblob	longblob	NO	~NULL~		
feeds_log	9	severity	tinyint	tinyint(3) unsigned	NO	0		
feeds_push_subscriptions	1	domain	varchar	varchar(128)	NO	''	PRI	utf8mb3
feeds_push_subscriptions	2	subscriber_id	int	int(10) unsigned	NO	0	PRI	
feeds_push_subscriptions	3	timestamp	int	int(11)	NO	0	MUL	
feeds_push_subscriptions	4	hub	text	text	NO	~NULL~		utf8mb3
feeds_push_subscriptions	5	topic	text	text	NO	~NULL~		utf8mb3
feeds_push_subscriptions	6	secret	varchar	varchar(128)	NO	''		utf8mb3
feeds_push_subscriptions	7	status	varchar	varchar(64)	NO	''		utf8mb3
feeds_push_subscriptions	8	post_fields	text	text	YES	NULL		utf8mb3
feeds_source	1	id	varchar	varchar(128)	NO	''	PRI	utf8mb3
feeds_source	2	feed_nid	int	int(10) unsigned	NO	0	PRI	
feeds_source	3	config	longblob	longblob	YES	NULL		
feeds_source	4	source	text	text	NO	~NULL~		utf8mb3
feeds_source	5	state	longblob	longblob	YES	NULL		
feeds_source	6	fetcher_result	longblob	longblob	YES	NULL		
feeds_source	7	imported	int	int(10) unsigned	NO	0		
fieldset_helper_state_manager	1	id	int	int(10) unsigned	NO	~NULL~	PRI	
fieldset_helper_state_manager	2	path	varchar	varchar(255)	NO	~NULL~	MUL	utf8mb3
fieldset_helper_state_manager	3	element_id	varchar	varchar(255)	NO	~NULL~		utf8mb3
field_config	1	id	int	int(11)	NO	~NULL~	PRI	
field_config	2	field_name	varchar	varchar(32)	NO	~NULL~	MUL	utf8mb3
field_config	3	type	varchar	varchar(128)	NO	~NULL~	MUL	utf8mb3
field_config	4	module	varchar	varchar(128)	NO	''	MUL	utf8mb3
field_config	5	active	tinyint	tinyint(4)	NO	0	MUL	
field_config	6	storage_type	varchar	varchar(128)	NO	~NULL~	MUL	utf8mb3
field_config	7	storage_module	varchar	varchar(128)	NO	''	MUL	utf8mb3
field_config	8	storage_active	tinyint	tinyint(4)	NO	0	MUL	
field_config	9	locked	tinyint	tinyint(4)	NO	0		
field_config	10	data	longblob	longblob	NO	~NULL~		
field_config	11	cardinality	tinyint	tinyint(4)	NO	0		
field_config	12	translatable	tinyint	tinyint(4)	NO	0		
field_config	13	deleted	tinyint	tinyint(4)	NO	0	MUL	
field_config_instance	1	id	int	int(11)	NO	~NULL~	PRI	
field_config_instance	2	field_id	int	int(11)	NO	~NULL~		
field_config_instance	3	field_name	varchar	varchar(32)	NO	''	MUL	utf8mb3
field_config_instance	4	entity_type	varchar	varchar(32)	NO	''		utf8mb3
field_config_instance	5	bundle	varchar	varchar(128)	NO	''		utf8mb3
field_config_instance	6	data	longblob	longblob	NO	~NULL~		
field_config_instance	7	deleted	tinyint	tinyint(4)	NO	0	MUL	
field_data_body	1	entity_type	varchar	varchar(128)	NO	''	PRI	utf8mb3
field_data_body	2	bundle	varchar	varchar(128)	NO	''	MUL	utf8mb3
field_data_body	3	deleted	tinyint	tinyint(4)	NO	0	PRI	
field_data_body	4	entity_id	int	int(10) unsigned	NO	~NULL~	PRI	
field_data_body	5	revision_id	int	int(10) unsigned	YES	NULL	MUL	
field_data_body	6	language	varchar	varchar(32)	NO	''	PRI	utf8mb3
field_data_body	7	delta	int	int(10) unsigned	NO	~NULL~	PRI	
field_data_body	8	body_value	longtext	longtext	YES	NULL		utf8mb3
field_data_body	9	body_summary	longtext	longtext	YES	NULL		utf8mb3
field_data_body	10	body_format	varchar	varchar(255)	YES	NULL	MUL	utf8mb3
field_data_comment_body	1	entity_type	varchar	varchar(128)	NO	''	PRI	utf8mb3
field_data_comment_body	2	bundle	varchar	varchar(128)	NO	''	MUL	utf8mb3
field_data_comment_body	3	deleted	tinyint	tinyint(4)	NO	0	PRI	
field_data_comment_body	4	entity_id	int	int(10) unsigned	NO	~NULL~	PRI	
field_data_comment_body	5	revision_id	int	int(10) unsigned	YES	NULL	MUL	
field_data_comment_body	6	language	varchar	varchar(32)	NO	''	PRI	utf8mb3
field_data_comment_body	7	delta	int	int(10) unsigned	NO	~NULL~	PRI	
field_data_comment_body	8	comment_body_value	longtext	longtext	YES	NULL		utf8mb3
field_data_comment_body	9	comment_body_format	varchar	varchar(255)	YES	NULL	MUL	utf8mb3
field_data_field_field_grievance_resproc_ua	1	entity_type	varchar	varchar(128)	NO	''	PRI	utf8mb3
field_data_field_field_grievance_resproc_ua	2	bundle	varchar	varchar(128)	NO	''	MUL	utf8mb3
field_data_field_field_grievance_resproc_ua	3	deleted	tinyint	tinyint(4)	NO	0	PRI	
field_data_field_field_grievance_resproc_ua	4	entity_id	int	int(10) unsigned	NO	~NULL~	PRI	
field_data_field_field_grievance_resproc_ua	5	revision_id	int	int(10) unsigned	YES	NULL	MUL	
field_data_field_field_grievance_resproc_ua	6	language	varchar	varchar(32)	NO	''	PRI	utf8mb3
field_data_field_field_grievance_resproc_ua	7	delta	int	int(10) unsigned	NO	~NULL~	PRI	
field_data_field_field_grievance_resproc_ua	8	field_field_grievance_resproc_ua_value	varchar	varchar(255)	YES	NULL		utf8mb3
field_data_field_field_grievance_resproc_ua	9	field_field_grievance_resproc_ua_format	varchar	varchar(255)	YES	NULL	MUL	utf8mb3
field_data_field_file_image_alt_text	1	entity_type	varchar	varchar(128)	NO	''	PRI	utf8mb3
field_data_field_file_image_alt_text	2	bundle	varchar	varchar(128)	NO	''	MUL	utf8mb3
field_data_field_file_image_alt_text	3	deleted	tinyint	tinyint(4)	NO	0	PRI	
field_data_field_file_image_alt_text	4	entity_id	int	int(10) unsigned	NO	~NULL~	PRI	
field_data_field_file_image_alt_text	5	revision_id	int	int(10) unsigned	YES	NULL	MUL	
field_data_field_file_image_alt_text	6	language	varchar	varchar(32)	NO	''	PRI	utf8mb3
field_data_field_file_image_alt_text	7	delta	int	int(10) unsigned	NO	~NULL~	PRI	
field_data_field_file_image_alt_text	8	field_file_image_alt_text_value	varchar	varchar(255)	YES	NULL		utf8mb3
field_data_field_file_image_alt_text	9	field_file_image_alt_text_format	varchar	varchar(255)	YES	NULL	MUL	utf8mb3
field_data_field_file_image_title_text	1	entity_type	varchar	varchar(128)	NO	''	PRI	utf8mb3
field_data_field_file_image_title_text	2	bundle	varchar	varchar(128)	NO	''	MUL	utf8mb3
field_data_field_file_image_title_text	3	deleted	tinyint	tinyint(4)	NO	0	PRI	
field_data_field_file_image_title_text	4	entity_id	int	int(10) unsigned	NO	~NULL~	PRI	
field_data_field_file_image_title_text	5	revision_id	int	int(10) unsigned	YES	NULL	MUL	
field_data_field_file_image_title_text	6	language	varchar	varchar(32)	NO	''	PRI	utf8mb3
field_data_field_file_image_title_text	7	delta	int	int(10) unsigned	NO	~NULL~	PRI	
field_data_field_file_image_title_text	8	field_file_image_title_text_value	varchar	varchar(255)	YES	NULL		utf8mb3
field_data_field_file_image_title_text	9	field_file_image_title_text_format	varchar	varchar(255)	YES	NULL	MUL	utf8mb3
field_data_field_grievance	1	entity_type	varchar	varchar(128)	NO	''	PRI	utf8mb3
field_data_field_grievance	2	bundle	varchar	varchar(128)	NO	''	MUL	utf8mb3
field_data_field_grievance	3	deleted	tinyint	tinyint(4)	NO	0	PRI	
field_data_field_grievance	4	entity_id	int	int(10) unsigned	NO	~NULL~	PRI	
field_data_field_grievance	5	revision_id	int	int(10) unsigned	YES	NULL	MUL	
field_data_field_grievance	6	language	varchar	varchar(32)	NO	''	PRI	utf8mb3
field_data_field_grievance	7	delta	int	int(10) unsigned	NO	~NULL~	PRI	
field_data_field_grievance	8	field_grievance_target_id	int	int(10) unsigned	NO	~NULL~	MUL	
field_data_field_grievance_actor	1	entity_type	varchar	varchar(128)	NO	''	PRI	utf8mb3
field_data_field_grievance_actor	2	bundle	varchar	varchar(128)	NO	''	MUL	utf8mb3
field_data_field_grievance_actor	3	deleted	tinyint	tinyint(4)	NO	0	PRI	
field_data_field_grievance_actor	4	entity_id	int	int(10) unsigned	NO	~NULL~	PRI	
field_data_field_grievance_actor	5	revision_id	int	int(10) unsigned	YES	NULL	MUL	
field_data_field_grievance_actor	6	language	varchar	varchar(32)	NO	''	PRI	utf8mb3
field_data_field_grievance_actor	7	delta	int	int(10) unsigned	NO	~NULL~	PRI	
field_data_field_grievance_actor	8	field_grievance_actor_value	varchar	varchar(255)	YES	NULL	MUL	utf8mb3
field_data_field_grievance_address	1	entity_type	varchar	varchar(128)	NO	''	PRI	utf8mb3
field_data_field_grievance_address	2	bundle	varchar	varchar(128)	NO	''	MUL	utf8mb3
field_data_field_grievance_address	3	deleted	tinyint	tinyint(4)	NO	0	PRI	
field_data_field_grievance_address	4	entity_id	int	int(10) unsigned	NO	~NULL~	PRI	
field_data_field_grievance_address	5	revision_id	int	int(10) unsigned	YES	NULL	MUL	
field_data_field_grievance_address	6	language	varchar	varchar(32)	NO	''	PRI	utf8mb3
field_data_field_grievance_address	7	delta	int	int(10) unsigned	NO	~NULL~	PRI	
field_data_field_grievance_address	8	field_grievance_address_value	varchar	varchar(255)	YES	NULL		utf8mb3
field_data_field_grievance_address	9	field_grievance_address_format	varchar	varchar(255)	YES	NULL	MUL	utf8mb3
field_data_field_grievance_address_2	1	entity_type	varchar	varchar(128)	NO	''	PRI	utf8mb3
field_data_field_grievance_address_2	2	bundle	varchar	varchar(128)	NO	''	MUL	utf8mb3
field_data_field_grievance_address_2	3	deleted	tinyint	tinyint(4)	NO	0	PRI	
field_data_field_grievance_address_2	4	entity_id	int	int(10) unsigned	NO	~NULL~	PRI	
field_data_field_grievance_address_2	5	revision_id	int	int(10) unsigned	YES	NULL	MUL	
field_data_field_grievance_address_2	6	language	varchar	varchar(32)	NO	''	PRI	utf8mb3
field_data_field_grievance_address_2	7	delta	int	int(10) unsigned	NO	~NULL~	PRI	
field_data_field_grievance_address_2	8	field_grievance_address_2_value	varchar	varchar(255)	YES	NULL		utf8mb3
field_data_field_grievance_address_2	9	field_grievance_address_2_format	varchar	varchar(255)	YES	NULL	MUL	utf8mb3
field_data_field_grievance_alert	1	entity_type	varchar	varchar(128)	NO	''	PRI	utf8mb3
field_data_field_grievance_alert	2	bundle	varchar	varchar(128)	NO	''	MUL	utf8mb3
field_data_field_grievance_alert	3	deleted	tinyint	tinyint(4)	NO	0	PRI	
field_data_field_grievance_alert	4	entity_id	int	int(10) unsigned	NO	~NULL~	PRI	
field_data_field_grievance_alert	5	revision_id	int	int(10) unsigned	YES	NULL	MUL	
field_data_field_grievance_alert	6	language	varchar	varchar(32)	NO	''	PRI	utf8mb3
field_data_field_grievance_alert	7	delta	int	int(10) unsigned	NO	~NULL~	PRI	
field_data_field_grievance_alert	8	field_grievance_alert_value	varchar	varchar(255)	YES	NULL		utf8mb3
field_data_field_grievance_alert	9	field_grievance_alert_format	varchar	varchar(255)	YES	NULL	MUL	utf8mb3
field_data_field_grievance_alert_date	1	entity_type	varchar	varchar(128)	NO	''	PRI	utf8mb3
field_data_field_grievance_alert_date	2	bundle	varchar	varchar(128)	NO	''	MUL	utf8mb3
field_data_field_grievance_alert_date	3	deleted	tinyint	tinyint(4)	NO	0	PRI	
field_data_field_grievance_alert_date	4	entity_id	int	int(10) unsigned	NO	~NULL~	PRI	
field_data_field_grievance_alert_date	5	revision_id	int	int(10) unsigned	YES	NULL	MUL	
field_data_field_grievance_alert_date	6	language	varchar	varchar(32)	NO	''	PRI	utf8mb3
field_data_field_grievance_alert_date	7	delta	int	int(10) unsigned	NO	~NULL~	PRI	
field_data_field_grievance_alert_date	8	field_grievance_alert_date_value	datetime	datetime	YES	NULL	MUL	
field_data_field_grievance_alert_tid	1	entity_type	varchar	varchar(128)	NO	''	PRI	utf8mb3
field_data_field_grievance_alert_tid	2	bundle	varchar	varchar(128)	NO	''	MUL	utf8mb3
field_data_field_grievance_alert_tid	3	deleted	tinyint	tinyint(4)	NO	0	PRI	
field_data_field_grievance_alert_tid	4	entity_id	int	int(10) unsigned	NO	~NULL~	PRI	
field_data_field_grievance_alert_tid	5	revision_id	int	int(10) unsigned	YES	NULL	MUL	
field_data_field_grievance_alert_tid	6	language	varchar	varchar(32)	NO	''	PRI	utf8mb3
field_data_field_grievance_alert_tid	7	delta	int	int(10) unsigned	NO	~NULL~	PRI	
field_data_field_grievance_alert_tid	8	field_grievance_alert_tid_tid	int	int(10) unsigned	YES	NULL	MUL	
field_data_field_grievance_alert_waived	1	entity_type	varchar	varchar(128)	NO	''	PRI	utf8mb3
field_data_field_grievance_alert_waived	2	bundle	varchar	varchar(128)	NO	''	MUL	utf8mb3
field_data_field_grievance_alert_waived	3	deleted	tinyint	tinyint(4)	NO	0	PRI	
field_data_field_grievance_alert_waived	4	entity_id	int	int(10) unsigned	NO	~NULL~	PRI	
field_data_field_grievance_alert_waived	5	revision_id	int	int(10) unsigned	YES	NULL	MUL	
field_data_field_grievance_alert_waived	6	language	varchar	varchar(32)	NO	''	PRI	utf8mb3
field_data_field_grievance_alert_waived	7	delta	int	int(10) unsigned	NO	~NULL~	PRI	
field_data_field_grievance_alert_waived	8	field_grievance_alert_waived_value	datetime	datetime	YES	NULL	MUL	
field_data_field_grievance_amt	1	entity_type	varchar	varchar(128)	NO	''	PRI	utf8mb3
field_data_field_grievance_amt	2	bundle	varchar	varchar(128)	NO	''	MUL	utf8mb3
field_data_field_grievance_amt	3	deleted	tinyint	tinyint(4)	NO	0	PRI	
field_data_field_grievance_amt	4	entity_id	int	int(10) unsigned	NO	~NULL~	PRI	
field_data_field_grievance_amt	5	revision_id	int	int(10) unsigned	YES	NULL	MUL	
field_data_field_grievance_amt	6	language	varchar	varchar(32)	NO	''	PRI	utf8mb3
field_data_field_grievance_amt	7	delta	int	int(10) unsigned	NO	~NULL~	PRI	
field_data_field_grievance_amt	8	field_grievance_amt_value	decimal	decimal(10,2)	YES	NULL		
field_data_field_grievance_amt_rcvd	1	entity_type	varchar	varchar(128)	NO	''	PRI	utf8mb3
field_data_field_grievance_amt_rcvd	2	bundle	varchar	varchar(128)	NO	''	MUL	utf8mb3
field_data_field_grievance_amt_rcvd	3	deleted	tinyint	tinyint(4)	NO	0	PRI	
field_data_field_grievance_amt_rcvd	4	entity_id	int	int(10) unsigned	NO	~NULL~	PRI	
field_data_field_grievance_amt_rcvd	5	revision_id	int	int(10) unsigned	YES	NULL	MUL	
field_data_field_grievance_amt_rcvd	6	language	varchar	varchar(32)	NO	''	PRI	utf8mb3
field_data_field_grievance_amt_rcvd	7	delta	int	int(10) unsigned	NO	~NULL~	PRI	
field_data_field_grievance_amt_rcvd	8	field_grievance_amt_rcvd_value	decimal	decimal(10,2)	YES	NULL		
field_data_field_grievance_annual	1	entity_type	varchar	varchar(128)	NO	''	PRI	utf8mb3
field_data_field_grievance_annual	2	bundle	varchar	varchar(128)	NO	''	MUL	utf8mb3
field_data_field_grievance_annual	3	deleted	tinyint	tinyint(4)	NO	0	PRI	
field_data_field_grievance_annual	4	entity_id	int	int(10) unsigned	NO	~NULL~	PRI	
field_data_field_grievance_annual	5	revision_id	int	int(10) unsigned	YES	NULL	MUL	
field_data_field_grievance_annual	6	language	varchar	varchar(32)	NO	''	PRI	utf8mb3
field_data_field_grievance_annual	7	delta	int	int(10) unsigned	NO	~NULL~	PRI	
field_data_field_grievance_annual	8	field_grievance_annual_value	varchar	varchar(255)	YES	NULL	MUL	utf8mb3
field_data_field_grievance_arbitration_a	1	entity_type	varchar	varchar(128)	NO	''	PRI	utf8mb3
field_data_field_grievance_arbitration_a	2	bundle	varchar	varchar(128)	NO	''	MUL	utf8mb3
field_data_field_grievance_arbitration_a	3	deleted	tinyint	tinyint(4)	NO	0	PRI	
field_data_field_grievance_arbitration_a	4	entity_id	int	int(10) unsigned	NO	~NULL~	PRI	
field_data_field_grievance_arbitration_a	5	revision_id	int	int(10) unsigned	YES	NULL	MUL	
field_data_field_grievance_arbitration_a	6	language	varchar	varchar(32)	NO	''	PRI	utf8mb3
field_data_field_grievance_arbitration_a	7	delta	int	int(10) unsigned	NO	~NULL~	PRI	
field_data_field_grievance_arbitration_a	8	field_grievance_arbitration_a_value	longtext	longtext	YES	NULL		utf8mb3
field_data_field_grievance_arbitration_a	9	field_grievance_arbitration_a_format	varchar	varchar(255)	YES	NULL	MUL	utf8mb3
field_data_field_grievance_arbitration_b	1	entity_type	varchar	varchar(128)	NO	''	PRI	utf8mb3
field_data_field_grievance_arbitration_b	2	bundle	varchar	varchar(128)	NO	''	MUL	utf8mb3
field_data_field_grievance_arbitration_b	3	deleted	tinyint	tinyint(4)	NO	0	PRI	
field_data_field_grievance_arbitration_b	4	entity_id	int	int(10) unsigned	NO	~NULL~	PRI	
field_data_field_grievance_arbitration_b	5	revision_id	int	int(10) unsigned	YES	NULL	MUL	
field_data_field_grievance_arbitration_b	6	language	varchar	varchar(32)	NO	''	PRI	utf8mb3
field_data_field_grievance_arbitration_b	7	delta	int	int(10) unsigned	NO	~NULL~	PRI	
field_data_field_grievance_arbitration_b	8	field_grievance_arbitration_b_value	longtext	longtext	YES	NULL		utf8mb3
field_data_field_grievance_arbitration_b	9	field_grievance_arbitration_b_format	varchar	varchar(255)	YES	NULL	MUL	utf8mb3
field_data_field_grievance_arbitration_c	1	entity_type	varchar	varchar(128)	NO	''	PRI	utf8mb3
field_data_field_grievance_arbitration_c	2	bundle	varchar	varchar(128)	NO	''	MUL	utf8mb3
field_data_field_grievance_arbitration_c	3	deleted	tinyint	tinyint(4)	NO	0	PRI	
field_data_field_grievance_arbitration_c	4	entity_id	int	int(10) unsigned	NO	~NULL~	PRI	
field_data_field_grievance_arbitration_c	5	revision_id	int	int(10) unsigned	YES	NULL	MUL	
field_data_field_grievance_arbitration_c	6	language	varchar	varchar(32)	NO	''	PRI	utf8mb3
field_data_field_grievance_arbitration_c	7	delta	int	int(10) unsigned	NO	~NULL~	PRI	
field_data_field_grievance_arbitration_c	8	field_grievance_arbitration_c_value	longtext	longtext	YES	NULL		utf8mb3
field_data_field_grievance_arbitration_c	9	field_grievance_arbitration_c_format	varchar	varchar(255)	YES	NULL	MUL	utf8mb3
field_data_field_grievance_arbitration_d	1	entity_type	varchar	varchar(128)	NO	''	PRI	utf8mb3
field_data_field_grievance_arbitration_d	2	bundle	varchar	varchar(128)	NO	''	MUL	utf8mb3
field_data_field_grievance_arbitration_d	3	deleted	tinyint	tinyint(4)	NO	0	PRI	
field_data_field_grievance_arbitration_d	4	entity_id	int	int(10) unsigned	NO	~NULL~	PRI	
field_data_field_grievance_arbitration_d	5	revision_id	int	int(10) unsigned	YES	NULL	MUL	
field_data_field_grievance_arbitration_d	6	language	varchar	varchar(32)	NO	''	PRI	utf8mb3
field_data_field_grievance_arbitration_d	7	delta	int	int(10) unsigned	NO	~NULL~	PRI	
field_data_field_grievance_arbitration_d	8	field_grievance_arbitration_d_value	longtext	longtext	YES	NULL		utf8mb3
field_data_field_grievance_arbitration_d	9	field_grievance_arbitration_d_format	varchar	varchar(255)	YES	NULL	MUL	utf8mb3
field_data_field_grievance_artsel	1	entity_type	varchar	varchar(128)	NO	''	PRI	utf8mb3
field_data_field_grievance_artsel	2	bundle	varchar	varchar(128)	NO	''	MUL	utf8mb3
field_data_field_grievance_artsel	3	deleted	tinyint	tinyint(4)	NO	0	PRI	
field_data_field_grievance_artsel	4	entity_id	int	int(10) unsigned	NO	~NULL~	PRI	
field_data_field_grievance_artsel	5	revision_id	int	int(10) unsigned	YES	NULL	MUL	
field_data_field_grievance_artsel	6	language	varchar	varchar(32)	NO	''	PRI	utf8mb3
field_data_field_grievance_artsel	7	delta	int	int(10) unsigned	NO	~NULL~	PRI	
field_data_field_grievance_artsel	8	field_grievance_artsel_value	varchar	varchar(255)	YES	NULL	MUL	utf8mb3
field_data_field_grievance_assignee_notes	1	entity_type	varchar	varchar(128)	NO	''	PRI	utf8mb3
field_data_field_grievance_assignee_notes	2	bundle	varchar	varchar(128)	NO	''	MUL	utf8mb3
field_data_field_grievance_assignee_notes	3	deleted	tinyint	tinyint(4)	NO	0	PRI	
field_data_field_grievance_assignee_notes	4	entity_id	int	int(10) unsigned	NO	~NULL~	PRI	
field_data_field_grievance_assignee_notes	5	revision_id	int	int(10) unsigned	YES	NULL	MUL	
field_data_field_grievance_assignee_notes	6	language	varchar	varchar(32)	NO	''	PRI	utf8mb3
field_data_field_grievance_assignee_notes	7	delta	int	int(10) unsigned	NO	~NULL~	PRI	
field_data_field_grievance_assignee_notes	8	field_grievance_assignee_notes_value	longtext	longtext	YES	NULL		utf8mb3
field_data_field_grievance_assignee_notes	9	field_grievance_assignee_notes_format	varchar	varchar(255)	YES	NULL	MUL	utf8mb3
field_data_field_grievance_attachments	1	entity_type	varchar	varchar(128)	NO	''	PRI	utf8mb3
field_data_field_grievance_attachments	2	bundle	varchar	varchar(128)	NO	''	MUL	utf8mb3
field_data_field_grievance_attachments	3	deleted	tinyint	tinyint(4)	NO	0	PRI	
field_data_field_grievance_attachments	4	entity_id	int	int(10) unsigned	NO	~NULL~	PRI	
field_data_field_grievance_attachments	5	revision_id	int	int(10) unsigned	YES	NULL	MUL	
field_data_field_grievance_attachments	6	language	varchar	varchar(32)	NO	''	PRI	utf8mb3
field_data_field_grievance_attachments	7	delta	int	int(10) unsigned	NO	~NULL~	PRI	
field_data_field_grievance_attachments	8	field_grievance_attachments_fid	int	int(10) unsigned	YES	NULL	MUL	
field_data_field_grievance_attachments	9	field_grievance_attachments_display	tinyint	tinyint(3) unsigned	NO	1		
field_data_field_grievance_attachments	10	field_grievance_attachments_description	text	text	YES	NULL		utf8mb3
field_data_field_grievance_broughtby	1	entity_type	varchar	varchar(128)	NO	''	PRI	utf8mb3
field_data_field_grievance_broughtby	2	bundle	varchar	varchar(128)	NO	''	MUL	utf8mb3
field_data_field_grievance_broughtby	3	deleted	tinyint	tinyint(4)	NO	0	PRI	
field_data_field_grievance_broughtby	4	entity_id	int	int(10) unsigned	NO	~NULL~	PRI	
field_data_field_grievance_broughtby	5	revision_id	int	int(10) unsigned	YES	NULL	MUL	
field_data_field_grievance_broughtby	6	language	varchar	varchar(32)	NO	''	PRI	utf8mb3
field_data_field_grievance_broughtby	7	delta	int	int(10) unsigned	NO	~NULL~	PRI	
field_data_field_grievance_broughtby	8	field_grievance_broughtby_tid	int	int(10) unsigned	YES	NULL	MUL	
field_data_field_grievance_bundle	1	entity_type	varchar	varchar(128)	NO	''	PRI	utf8mb3
field_data_field_grievance_bundle	2	bundle	varchar	varchar(128)	NO	''	MUL	utf8mb3
field_data_field_grievance_bundle	3	deleted	tinyint	tinyint(4)	NO	0	PRI	
field_data_field_grievance_bundle	4	entity_id	int	int(10) unsigned	NO	~NULL~	PRI	
field_data_field_grievance_bundle	5	revision_id	int	int(10) unsigned	YES	NULL	MUL	
field_data_field_grievance_bundle	6	language	varchar	varchar(32)	NO	''	PRI	utf8mb3
field_data_field_grievance_bundle	7	delta	int	int(10) unsigned	NO	~NULL~	PRI	
field_data_field_grievance_bundle	8	field_grievance_bundle_value	varchar	varchar(255)	YES	NULL		utf8mb3
field_data_field_grievance_bundle	9	field_grievance_bundle_format	varchar	varchar(255)	YES	NULL	MUL	utf8mb3
field_data_field_grievance_can_attach	1	entity_type	varchar	varchar(128)	NO	''	PRI	utf8mb3
field_data_field_grievance_can_attach	2	bundle	varchar	varchar(128)	NO	''	MUL	utf8mb3
field_data_field_grievance_can_attach	3	deleted	tinyint	tinyint(4)	NO	0	PRI	
field_data_field_grievance_can_attach	4	entity_id	int	int(10) unsigned	NO	~NULL~	PRI	
field_data_field_grievance_can_attach	5	revision_id	int	int(10) unsigned	YES	NULL	MUL	
field_data_field_grievance_can_attach	6	language	varchar	varchar(32)	NO	''	PRI	utf8mb3
field_data_field_grievance_can_attach	7	delta	int	int(10) unsigned	NO	~NULL~	PRI	
field_data_field_grievance_can_attach	8	field_grievance_can_attach_value	varchar	varchar(255)	YES	NULL	MUL	utf8mb3
field_data_field_grievance_can_ir	1	entity_type	varchar	varchar(128)	NO	''	PRI	utf8mb3
field_data_field_grievance_can_ir	2	bundle	varchar	varchar(128)	NO	''	MUL	utf8mb3
field_data_field_grievance_can_ir	3	deleted	tinyint	tinyint(4)	NO	0	PRI	
field_data_field_grievance_can_ir	4	entity_id	int	int(10) unsigned	NO	~NULL~	PRI	
field_data_field_grievance_can_ir	5	revision_id	int	int(10) unsigned	YES	NULL	MUL	
field_data_field_grievance_can_ir	6	language	varchar	varchar(32)	NO	''	PRI	utf8mb3
field_data_field_grievance_can_ir	7	delta	int	int(10) unsigned	NO	~NULL~	PRI	
field_data_field_grievance_can_ir	8	field_grievance_can_ir_value	varchar	varchar(255)	YES	NULL	MUL	utf8mb3
field_data_field_grievance_category	1	entity_type	varchar	varchar(128)	NO	''	PRI	utf8mb3
field_data_field_grievance_category	2	bundle	varchar	varchar(128)	NO	''	MUL	utf8mb3
field_data_field_grievance_category	3	deleted	tinyint	tinyint(4)	NO	0	PRI	
field_data_field_grievance_category	4	entity_id	int	int(10) unsigned	NO	~NULL~	PRI	
field_data_field_grievance_category	5	revision_id	int	int(10) unsigned	YES	NULL	MUL	
field_data_field_grievance_category	6	language	varchar	varchar(32)	NO	''	PRI	utf8mb3
field_data_field_grievance_category	7	delta	int	int(10) unsigned	NO	~NULL~	PRI	
field_data_field_grievance_category	8	field_grievance_category_tid	int	int(10) unsigned	YES	NULL	MUL	
field_data_field_grievance_chapter	1	entity_type	varchar	varchar(128)	NO	''	PRI	utf8mb3
field_data_field_grievance_chapter	2	bundle	varchar	varchar(128)	NO	''	MUL	utf8mb3
field_data_field_grievance_chapter	3	deleted	tinyint	tinyint(4)	NO	0	PRI	
field_data_field_grievance_chapter	4	entity_id	int	int(10) unsigned	NO	~NULL~	PRI	
field_data_field_grievance_chapter	5	revision_id	int	int(10) unsigned	YES	NULL	MUL	
field_data_field_grievance_chapter	6	language	varchar	varchar(32)	NO	''	PRI	utf8mb3
field_data_field_grievance_chapter	7	delta	int	int(10) unsigned	NO	~NULL~	PRI	
field_data_field_grievance_chapter	8	field_grievance_chapter_target_id	int	int(10) unsigned	NO	~NULL~	MUL	
field_data_field_grievance_checkno	1	entity_type	varchar	varchar(128)	NO	''	PRI	utf8mb3
field_data_field_grievance_checkno	2	bundle	varchar	varchar(128)	NO	''	MUL	utf8mb3
field_data_field_grievance_checkno	3	deleted	tinyint	tinyint(4)	NO	0	PRI	
field_data_field_grievance_checkno	4	entity_id	int	int(10) unsigned	NO	~NULL~	PRI	
field_data_field_grievance_checkno	5	revision_id	int	int(10) unsigned	YES	NULL	MUL	
field_data_field_grievance_checkno	6	language	varchar	varchar(32)	NO	''	PRI	utf8mb3
field_data_field_grievance_checkno	7	delta	int	int(10) unsigned	NO	~NULL~	PRI	
field_data_field_grievance_checkno	8	field_grievance_checkno_value	varchar	varchar(255)	YES	NULL		utf8mb3
field_data_field_grievance_checkno	9	field_grievance_checkno_format	varchar	varchar(255)	YES	NULL	MUL	utf8mb3
field_data_field_grievance_city	1	entity_type	varchar	varchar(128)	NO	''	PRI	utf8mb3
field_data_field_grievance_city	2	bundle	varchar	varchar(128)	NO	''	MUL	utf8mb3
field_data_field_grievance_city	3	deleted	tinyint	tinyint(4)	NO	0	PRI	
field_data_field_grievance_city	4	entity_id	int	int(10) unsigned	NO	~NULL~	PRI	
field_data_field_grievance_city	5	revision_id	int	int(10) unsigned	YES	NULL	MUL	
field_data_field_grievance_city	6	language	varchar	varchar(32)	NO	''	PRI	utf8mb3
field_data_field_grievance_city	7	delta	int	int(10) unsigned	NO	~NULL~	PRI	
field_data_field_grievance_city	8	field_grievance_city_value	varchar	varchar(255)	YES	NULL		utf8mb3
field_data_field_grievance_city	9	field_grievance_city_format	varchar	varchar(255)	YES	NULL	MUL	utf8mb3
field_data_field_grievance_classaction	1	entity_type	varchar	varchar(128)	NO	''	PRI	utf8mb3
field_data_field_grievance_classaction	2	bundle	varchar	varchar(128)	NO	''	MUL	utf8mb3
field_data_field_grievance_classaction	3	deleted	tinyint	tinyint(4)	NO	0	PRI	
field_data_field_grievance_classaction	4	entity_id	int	int(10) unsigned	NO	~NULL~	PRI	
field_data_field_grievance_classaction	5	revision_id	int	int(10) unsigned	YES	NULL	MUL	
field_data_field_grievance_classaction	6	language	varchar	varchar(32)	NO	''	PRI	utf8mb3
field_data_field_grievance_classaction	7	delta	int	int(10) unsigned	NO	~NULL~	PRI	
field_data_field_grievance_classaction	8	field_grievance_classaction_value	varchar	varchar(255)	YES	NULL	MUL	utf8mb3
field_data_field_grievance_classification	1	entity_type	varchar	varchar(128)	NO	''	PRI	utf8mb3
field_data_field_grievance_classification	2	bundle	varchar	varchar(128)	NO	''	MUL	utf8mb3
field_data_field_grievance_classification	3	deleted	tinyint	tinyint(4)	NO	0	PRI	
field_data_field_grievance_classification	4	entity_id	int	int(10) unsigned	NO	~NULL~	PRI	
field_data_field_grievance_classification	5	revision_id	int	int(10) unsigned	YES	NULL	MUL	
field_data_field_grievance_classification	6	language	varchar	varchar(32)	NO	''	PRI	utf8mb3
field_data_field_grievance_classification	7	delta	int	int(10) unsigned	NO	~NULL~	PRI	
field_data_field_grievance_classification	8	field_grievance_classification_value	varchar	varchar(255)	YES	NULL		utf8mb3
field_data_field_grievance_classification	9	field_grievance_classification_format	varchar	varchar(255)	YES	NULL	MUL	utf8mb3
field_data_field_grievance_classifications	1	entity_type	varchar	varchar(128)	NO	''	PRI	utf8mb3
field_data_field_grievance_classifications	2	bundle	varchar	varchar(128)	NO	''	MUL	utf8mb3
field_data_field_grievance_classifications	3	deleted	tinyint	tinyint(4)	NO	0	PRI	
field_data_field_grievance_classifications	4	entity_id	int	int(10) unsigned	NO	~NULL~	PRI	
field_data_field_grievance_classifications	5	revision_id	int	int(10) unsigned	YES	NULL	MUL	
field_data_field_grievance_classifications	6	language	varchar	varchar(32)	NO	''	PRI	utf8mb3
field_data_field_grievance_classifications	7	delta	int	int(10) unsigned	NO	~NULL~	PRI	
field_data_field_grievance_classifications	8	field_grievance_classifications_tid	int	int(10) unsigned	YES	NULL	MUL	
field_data_field_grievance_class_tid	1	entity_type	varchar	varchar(128)	NO	''	PRI	utf8mb3
field_data_field_grievance_class_tid	2	bundle	varchar	varchar(128)	NO	''	MUL	utf8mb3
field_data_field_grievance_class_tid	3	deleted	tinyint	tinyint(4)	NO	0	PRI	
field_data_field_grievance_class_tid	4	entity_id	int	int(10) unsigned	NO	~NULL~	PRI	
field_data_field_grievance_class_tid	5	revision_id	int	int(10) unsigned	YES	NULL	MUL	
field_data_field_grievance_class_tid	6	language	varchar	varchar(32)	NO	''	PRI	utf8mb3
field_data_field_grievance_class_tid	7	delta	int	int(10) unsigned	NO	~NULL~	PRI	
field_data_field_grievance_class_tid	8	field_grievance_class_tid_tid	int	int(10) unsigned	YES	NULL	MUL	
field_data_field_grievance_clause	1	entity_type	varchar	varchar(128)	NO	''	PRI	utf8mb3
field_data_field_grievance_clause	2	bundle	varchar	varchar(128)	NO	''	MUL	utf8mb3
field_data_field_grievance_clause	3	deleted	tinyint	tinyint(4)	NO	0	PRI	
field_data_field_grievance_clause	4	entity_id	int	int(10) unsigned	NO	~NULL~	PRI	
field_data_field_grievance_clause	5	revision_id	int	int(10) unsigned	YES	NULL	MUL	
field_data_field_grievance_clause	6	language	varchar	varchar(32)	NO	''	PRI	utf8mb3
field_data_field_grievance_clause	7	delta	int	int(10) unsigned	NO	~NULL~	PRI	
field_data_field_grievance_clause	8	field_grievance_clause_value	longtext	longtext	YES	NULL		utf8mb3
field_data_field_grievance_clause	9	field_grievance_clause_format	varchar	varchar(255)	YES	NULL	MUL	utf8mb3
field_data_field_grievance_clauseref	1	entity_type	varchar	varchar(128)	NO	''	PRI	utf8mb3
field_data_field_grievance_clauseref	2	bundle	varchar	varchar(128)	NO	''	MUL	utf8mb3
field_data_field_grievance_clauseref	3	deleted	tinyint	tinyint(4)	NO	0	PRI	
field_data_field_grievance_clauseref	4	entity_id	int	int(10) unsigned	NO	~NULL~	PRI	
field_data_field_grievance_clauseref	5	revision_id	int	int(10) unsigned	YES	NULL	MUL	
field_data_field_grievance_clauseref	6	language	varchar	varchar(32)	NO	''	PRI	utf8mb3
field_data_field_grievance_clauseref	7	delta	int	int(10) unsigned	NO	~NULL~	PRI	
field_data_field_grievance_clauseref	8	field_grievance_clauseref_target_id	int	int(10) unsigned	NO	~NULL~	MUL	
field_data_field_grievance_comments	1	entity_type	varchar	varchar(128)	NO	''	PRI	utf8mb3
field_data_field_grievance_comments	2	bundle	varchar	varchar(128)	NO	''	MUL	utf8mb3
field_data_field_grievance_comments	3	deleted	tinyint	tinyint(4)	NO	0	PRI	
field_data_field_grievance_comments	4	entity_id	int	int(10) unsigned	NO	~NULL~	PRI	
field_data_field_grievance_comments	5	revision_id	int	int(10) unsigned	YES	NULL	MUL	
field_data_field_grievance_comments	6	language	varchar	varchar(32)	NO	''	PRI	utf8mb3
field_data_field_grievance_comments	7	delta	int	int(10) unsigned	NO	~NULL~	PRI	
field_data_field_grievance_comments	8	field_grievance_comments_value	longtext	longtext	YES	NULL		utf8mb3
field_data_field_grievance_comments	9	field_grievance_comments_summary	longtext	longtext	YES	NULL		utf8mb3
field_data_field_grievance_comments	10	field_grievance_comments_format	varchar	varchar(255)	YES	NULL	MUL	utf8mb3
field_data_field_grievance_company	1	entity_type	varchar	varchar(128)	NO	''	PRI	utf8mb3
field_data_field_grievance_company	2	bundle	varchar	varchar(128)	NO	''	MUL	utf8mb3
field_data_field_grievance_company	3	deleted	tinyint	tinyint(4)	NO	0	PRI	
field_data_field_grievance_company	4	entity_id	int	int(10) unsigned	NO	~NULL~	PRI	
field_data_field_grievance_company	5	revision_id	int	int(10) unsigned	YES	NULL	MUL	
field_data_field_grievance_company	6	language	varchar	varchar(32)	NO	''	PRI	utf8mb3
field_data_field_grievance_company	7	delta	int	int(10) unsigned	NO	~NULL~	PRI	
field_data_field_grievance_company	8	field_grievance_company_target_id	int	int(10) unsigned	NO	~NULL~	MUL	
field_data_field_grievance_contact_selector	1	entity_type	varchar	varchar(128)	NO	''	PRI	utf8mb3
field_data_field_grievance_contact_selector	2	bundle	varchar	varchar(128)	NO	''	MUL	utf8mb3
field_data_field_grievance_contact_selector	3	deleted	tinyint	tinyint(4)	NO	0	PRI	
field_data_field_grievance_contact_selector	4	entity_id	int	int(10) unsigned	NO	~NULL~	PRI	
field_data_field_grievance_contact_selector	5	revision_id	int	int(10) unsigned	YES	NULL	MUL	
field_data_field_grievance_contact_selector	6	language	varchar	varchar(32)	NO	''	PRI	utf8mb3
field_data_field_grievance_contact_selector	7	delta	int	int(10) unsigned	NO	~NULL~	PRI	
field_data_field_grievance_contact_types	1	entity_type	varchar	varchar(128)	NO	''	PRI	utf8mb3
field_data_field_grievance_contact_types	2	bundle	varchar	varchar(128)	NO	''	MUL	utf8mb3
field_data_field_grievance_contact_types	3	deleted	tinyint	tinyint(4)	NO	0	PRI	
field_data_field_grievance_contact_types	4	entity_id	int	int(10) unsigned	NO	~NULL~	PRI	
field_data_field_grievance_contact_types	5	revision_id	int	int(10) unsigned	YES	NULL	MUL	
field_data_field_grievance_contact_types	6	language	varchar	varchar(32)	NO	''	PRI	utf8mb3
field_data_field_grievance_contact_types	7	delta	int	int(10) unsigned	NO	~NULL~	PRI	
field_data_field_grievance_contact_types	8	field_grievance_contact_types_tid	int	int(10) unsigned	YES	NULL	MUL	
field_data_field_grievance_contract	1	entity_type	varchar	varchar(128)	NO	''	PRI	utf8mb3
field_data_field_grievance_contract	2	bundle	varchar	varchar(128)	NO	''	MUL	utf8mb3
field_data_field_grievance_contract	3	deleted	tinyint	tinyint(4)	NO	0	PRI	
field_data_field_grievance_contract	4	entity_id	int	int(10) unsigned	NO	~NULL~	PRI	
field_data_field_grievance_contract	5	revision_id	int	int(10) unsigned	YES	NULL	MUL	
field_data_field_grievance_contract	6	language	varchar	varchar(32)	NO	''	PRI	utf8mb3
field_data_field_grievance_contract	7	delta	int	int(10) unsigned	NO	~NULL~	PRI	
field_data_field_grievance_contract	8	field_grievance_contract_fid	int	int(10) unsigned	YES	NULL	MUL	
field_data_field_grievance_contract	9	field_grievance_contract_display	tinyint	tinyint(3) unsigned	NO	1		
field_data_field_grievance_contract	10	field_grievance_contract_description	text	text	YES	NULL		utf8mb3
field_data_field_grievance_contract_section	1	entity_type	varchar	varchar(128)	NO	''	PRI	utf8mb3
field_data_field_grievance_contract_section	2	bundle	varchar	varchar(128)	NO	''	MUL	utf8mb3
field_data_field_grievance_contract_section	3	deleted	tinyint	tinyint(4)	NO	0	PRI	
field_data_field_grievance_contract_section	4	entity_id	int	int(10) unsigned	NO	~NULL~	PRI	
field_data_field_grievance_contract_section	5	revision_id	int	int(10) unsigned	YES	NULL	MUL	
field_data_field_grievance_contract_section	6	language	varchar	varchar(32)	NO	''	PRI	utf8mb3
field_data_field_grievance_contract_section	7	delta	int	int(10) unsigned	NO	~NULL~	PRI	
field_data_field_grievance_contract_section	8	field_grievance_contract_section_target_id	int	int(10) unsigned	NO	~NULL~	MUL	
field_data_field_grievance_contract_tplt	1	entity_type	varchar	varchar(128)	NO	''	PRI	utf8mb3
field_data_field_grievance_contract_tplt	2	bundle	varchar	varchar(128)	NO	''	MUL	utf8mb3
field_data_field_grievance_contract_tplt	3	deleted	tinyint	tinyint(4)	NO	0	PRI	
field_data_field_grievance_contract_tplt	4	entity_id	int	int(10) unsigned	NO	~NULL~	PRI	
field_data_field_grievance_contract_tplt	5	revision_id	int	int(10) unsigned	YES	NULL	MUL	
field_data_field_grievance_contract_tplt	6	language	varchar	varchar(32)	NO	''	PRI	utf8mb3
field_data_field_grievance_contract_tplt	7	delta	int	int(10) unsigned	NO	~NULL~	PRI	
field_data_field_grievance_contract_tplt	8	field_grievance_contract_tplt_target_id	int	int(10) unsigned	NO	~NULL~	MUL	
field_data_field_grievance_contract_tplts	1	entity_type	varchar	varchar(128)	NO	''	PRI	utf8mb3
field_data_field_grievance_contract_tplts	2	bundle	varchar	varchar(128)	NO	''	MUL	utf8mb3
field_data_field_grievance_contract_tplts	3	deleted	tinyint	tinyint(4)	NO	0	PRI	
field_data_field_grievance_contract_tplts	4	entity_id	int	int(10) unsigned	NO	~NULL~	PRI	
field_data_field_grievance_contract_tplts	5	revision_id	int	int(10) unsigned	YES	NULL	MUL	
field_data_field_grievance_contract_tplts	6	language	varchar	varchar(32)	NO	''	PRI	utf8mb3
field_data_field_grievance_contract_tplts	7	delta	int	int(10) unsigned	NO	~NULL~	PRI	
field_data_field_grievance_contract_tplts	8	field_grievance_contract_tplts_target_id	int	int(10) unsigned	NO	~NULL~	MUL	
field_data_field_grievance_cont_sec_tags	1	entity_type	varchar	varchar(128)	NO	''	PRI	utf8mb3
field_data_field_grievance_cont_sec_tags	2	bundle	varchar	varchar(128)	NO	''	MUL	utf8mb3
field_data_field_grievance_cont_sec_tags	3	deleted	tinyint	tinyint(4)	NO	0	PRI	
field_data_field_grievance_cont_sec_tags	4	entity_id	int	int(10) unsigned	NO	~NULL~	PRI	
field_data_field_grievance_cont_sec_tags	5	revision_id	int	int(10) unsigned	YES	NULL	MUL	
field_data_field_grievance_cont_sec_tags	6	language	varchar	varchar(32)	NO	''	PRI	utf8mb3
field_data_field_grievance_cont_sec_tags	7	delta	int	int(10) unsigned	NO	~NULL~	PRI	
field_data_field_grievance_cont_sec_tags	8	field_grievance_cont_sec_tags_tid	int	int(10) unsigned	YES	NULL	MUL	
field_data_field_grievance_cont_tplt_tags	1	entity_type	varchar	varchar(128)	NO	''	PRI	utf8mb3
field_data_field_grievance_cont_tplt_tags	2	bundle	varchar	varchar(128)	NO	''	MUL	utf8mb3
field_data_field_grievance_cont_tplt_tags	3	deleted	tinyint	tinyint(4)	NO	0	PRI	
field_data_field_grievance_cont_tplt_tags	4	entity_id	int	int(10) unsigned	NO	~NULL~	PRI	
field_data_field_grievance_cont_tplt_tags	5	revision_id	int	int(10) unsigned	YES	NULL	MUL	
field_data_field_grievance_cont_tplt_tags	6	language	varchar	varchar(32)	NO	''	PRI	utf8mb3
field_data_field_grievance_cont_tplt_tags	7	delta	int	int(10) unsigned	NO	~NULL~	PRI	
field_data_field_grievance_cont_tplt_tags	8	field_grievance_cont_tplt_tags_tid	int	int(10) unsigned	YES	NULL	MUL	
field_data_field_grievance_corrected	1	entity_type	varchar	varchar(128)	NO	''	PRI	utf8mb3
field_data_field_grievance_corrected	2	bundle	varchar	varchar(128)	NO	''	MUL	utf8mb3
field_data_field_grievance_corrected	3	deleted	tinyint	tinyint(4)	NO	0	PRI	
field_data_field_grievance_corrected	4	entity_id	int	int(10) unsigned	NO	~NULL~	PRI	
field_data_field_grievance_corrected	5	revision_id	int	int(10) unsigned	YES	NULL	MUL	
field_data_field_grievance_corrected	6	language	varchar	varchar(32)	NO	''	PRI	utf8mb3
field_data_field_grievance_corrected	7	delta	int	int(10) unsigned	NO	~NULL~	PRI	
field_data_field_grievance_corrected	8	field_grievance_corrected_value	varchar	varchar(255)	YES	NULL	MUL	utf8mb3
field_data_field_grievance_co_address	1	entity_type	varchar	varchar(128)	NO	''	PRI	utf8mb3
field_data_field_grievance_co_address	2	bundle	varchar	varchar(128)	NO	''	MUL	utf8mb3
field_data_field_grievance_co_address	3	deleted	tinyint	tinyint(4)	NO	0	PRI	
field_data_field_grievance_co_address	4	entity_id	int	int(10) unsigned	NO	~NULL~	PRI	
field_data_field_grievance_co_address	5	revision_id	int	int(10) unsigned	YES	NULL	MUL	
field_data_field_grievance_co_address	6	language	varchar	varchar(32)	NO	''	PRI	utf8mb3
field_data_field_grievance_co_address	7	delta	int	int(10) unsigned	NO	~NULL~	PRI	
field_data_field_grievance_co_address	8	field_grievance_co_address_value	varchar	varchar(255)	YES	NULL		utf8mb3
field_data_field_grievance_co_address	9	field_grievance_co_address_format	varchar	varchar(255)	YES	NULL	MUL	utf8mb3
field_data_field_grievance_co_address_2	1	entity_type	varchar	varchar(128)	NO	''	PRI	utf8mb3
field_data_field_grievance_co_address_2	2	bundle	varchar	varchar(128)	NO	''	MUL	utf8mb3
field_data_field_grievance_co_address_2	3	deleted	tinyint	tinyint(4)	NO	0	PRI	
field_data_field_grievance_co_address_2	4	entity_id	int	int(10) unsigned	NO	~NULL~	PRI	
field_data_field_grievance_co_address_2	5	revision_id	int	int(10) unsigned	YES	NULL	MUL	
field_data_field_grievance_co_address_2	6	language	varchar	varchar(32)	NO	''	PRI	utf8mb3
field_data_field_grievance_co_address_2	7	delta	int	int(10) unsigned	NO	~NULL~	PRI	
field_data_field_grievance_co_address_2	8	field_grievance_co_address_2_value	varchar	varchar(255)	YES	NULL		utf8mb3
field_data_field_grievance_co_address_2	9	field_grievance_co_address_2_format	varchar	varchar(255)	YES	NULL	MUL	utf8mb3
field_data_field_grievance_co_city	1	entity_type	varchar	varchar(128)	NO	''	PRI	utf8mb3
field_data_field_grievance_co_city	2	bundle	varchar	varchar(128)	NO	''	MUL	utf8mb3
field_data_field_grievance_co_city	3	deleted	tinyint	tinyint(4)	NO	0	PRI	
field_data_field_grievance_co_city	4	entity_id	int	int(10) unsigned	NO	~NULL~	PRI	
field_data_field_grievance_co_city	5	revision_id	int	int(10) unsigned	YES	NULL	MUL	
field_data_field_grievance_co_city	6	language	varchar	varchar(32)	NO	''	PRI	utf8mb3
field_data_field_grievance_co_city	7	delta	int	int(10) unsigned	NO	~NULL~	PRI	
field_data_field_grievance_co_city	8	field_grievance_co_city_value	varchar	varchar(255)	YES	NULL		utf8mb3
field_data_field_grievance_co_city	9	field_grievance_co_city_format	varchar	varchar(255)	YES	NULL	MUL	utf8mb3
field_data_field_grievance_co_email	1	entity_type	varchar	varchar(128)	NO	''	PRI	utf8mb3
field_data_field_grievance_co_email	2	bundle	varchar	varchar(128)	NO	''	MUL	utf8mb3
field_data_field_grievance_co_email	3	deleted	tinyint	tinyint(4)	NO	0	PRI	
field_data_field_grievance_co_email	4	entity_id	int	int(10) unsigned	NO	~NULL~	PRI	
field_data_field_grievance_co_email	5	revision_id	int	int(10) unsigned	YES	NULL	MUL	
field_data_field_grievance_co_email	6	language	varchar	varchar(32)	NO	''	PRI	utf8mb3
field_data_field_grievance_co_email	7	delta	int	int(10) unsigned	NO	~NULL~	PRI	
field_data_field_grievance_co_email	8	field_grievance_co_email_email	varchar	varchar(255)	YES	NULL		utf8mb3
field_data_field_grievance_co_fax	1	entity_type	varchar	varchar(128)	NO	''	PRI	utf8mb3
field_data_field_grievance_co_fax	2	bundle	varchar	varchar(128)	NO	''	MUL	utf8mb3
field_data_field_grievance_co_fax	3	deleted	tinyint	tinyint(4)	NO	0	PRI	
field_data_field_grievance_co_fax	4	entity_id	int	int(10) unsigned	NO	~NULL~	PRI	
field_data_field_grievance_co_fax	5	revision_id	int	int(10) unsigned	YES	NULL	MUL	
field_data_field_grievance_co_fax	6	language	varchar	varchar(32)	NO	''	PRI	utf8mb3
field_data_field_grievance_co_fax	7	delta	int	int(10) unsigned	NO	~NULL~	PRI	
field_data_field_grievance_co_fax	8	field_grievance_co_fax_value	varchar	varchar(255)	YES	NULL		utf8mb3
field_data_field_grievance_co_fax	9	field_grievance_co_fax_format	varchar	varchar(255)	YES	NULL	MUL	utf8mb3
field_data_field_grievance_co_name	1	entity_type	varchar	varchar(128)	NO	''	PRI	utf8mb3
field_data_field_grievance_co_name	2	bundle	varchar	varchar(128)	NO	''	MUL	utf8mb3
field_data_field_grievance_co_name	3	deleted	tinyint	tinyint(4)	NO	0	PRI	
field_data_field_grievance_co_name	4	entity_id	int	int(10) unsigned	NO	~NULL~	PRI	
field_data_field_grievance_co_name	5	revision_id	int	int(10) unsigned	YES	NULL	MUL	
field_data_field_grievance_co_name	6	language	varchar	varchar(32)	NO	''	PRI	utf8mb3
field_data_field_grievance_co_name	7	delta	int	int(10) unsigned	NO	~NULL~	PRI	
field_data_field_grievance_co_name	8	field_grievance_co_name_value	varchar	varchar(255)	YES	NULL		utf8mb3
field_data_field_grievance_co_name	9	field_grievance_co_name_format	varchar	varchar(255)	YES	NULL	MUL	utf8mb3
field_data_field_grievance_co_phone	1	entity_type	varchar	varchar(128)	NO	''	PRI	utf8mb3
field_data_field_grievance_co_phone	2	bundle	varchar	varchar(128)	NO	''	MUL	utf8mb3
field_data_field_grievance_co_phone	3	deleted	tinyint	tinyint(4)	NO	0	PRI	
field_data_field_grievance_co_phone	4	entity_id	int	int(10) unsigned	NO	~NULL~	PRI	
field_data_field_grievance_co_phone	5	revision_id	int	int(10) unsigned	YES	NULL	MUL	
field_data_field_grievance_co_phone	6	language	varchar	varchar(32)	NO	''	PRI	utf8mb3
field_data_field_grievance_co_phone	7	delta	int	int(10) unsigned	NO	~NULL~	PRI	
field_data_field_grievance_co_phone	8	field_grievance_co_phone_value	varchar	varchar(255)	YES	NULL		utf8mb3
field_data_field_grievance_co_phone	9	field_grievance_co_phone_format	varchar	varchar(255)	YES	NULL	MUL	utf8mb3
field_data_field_grievance_co_phone_2	1	entity_type	varchar	varchar(128)	NO	''	PRI	utf8mb3
field_data_field_grievance_co_phone_2	2	bundle	varchar	varchar(128)	NO	''	MUL	utf8mb3
field_data_field_grievance_co_phone_2	3	deleted	tinyint	tinyint(4)	NO	0	PRI	
field_data_field_grievance_co_phone_2	4	entity_id	int	int(10) unsigned	NO	~NULL~	PRI	
field_data_field_grievance_co_phone_2	5	revision_id	int	int(10) unsigned	YES	NULL	MUL	
field_data_field_grievance_co_phone_2	6	language	varchar	varchar(32)	NO	''	PRI	utf8mb3
field_data_field_grievance_co_phone_2	7	delta	int	int(10) unsigned	NO	~NULL~	PRI	
field_data_field_grievance_co_phone_2	8	field_grievance_co_phone_2_value	varchar	varchar(255)	YES	NULL		utf8mb3
field_data_field_grievance_co_phone_2	9	field_grievance_co_phone_2_format	varchar	varchar(255)	YES	NULL	MUL	utf8mb3
field_data_field_grievance_co_role	1	entity_type	varchar	varchar(128)	NO	''	PRI	utf8mb3
field_data_field_grievance_co_role	2	bundle	varchar	varchar(128)	NO	''	MUL	utf8mb3
field_data_field_grievance_co_role	3	deleted	tinyint	tinyint(4)	NO	0	PRI	
field_data_field_grievance_co_role	4	entity_id	int	int(10) unsigned	NO	~NULL~	PRI	
field_data_field_grievance_co_role	5	revision_id	int	int(10) unsigned	YES	NULL	MUL	
field_data_field_grievance_co_role	6	language	varchar	varchar(32)	NO	''	PRI	utf8mb3
field_data_field_grievance_co_role	7	delta	int	int(10) unsigned	NO	~NULL~	PRI	
field_data_field_grievance_co_role	8	field_grievance_co_role_value	varchar	varchar(255)	YES	NULL		utf8mb3
field_data_field_grievance_co_role	9	field_grievance_co_role_format	varchar	varchar(255)	YES	NULL	MUL	utf8mb3
field_data_field_grievance_co_state	1	entity_type	varchar	varchar(128)	NO	''	PRI	utf8mb3
field_data_field_grievance_co_state	2	bundle	varchar	varchar(128)	NO	''	MUL	utf8mb3
field_data_field_grievance_co_state	3	deleted	tinyint	tinyint(4)	NO	0	PRI	
field_data_field_grievance_co_state	4	entity_id	int	int(10) unsigned	NO	~NULL~	PRI	
field_data_field_grievance_co_state	5	revision_id	int	int(10) unsigned	YES	NULL	MUL	
field_data_field_grievance_co_state	6	language	varchar	varchar(32)	NO	''	PRI	utf8mb3
field_data_field_grievance_co_state	7	delta	int	int(10) unsigned	NO	~NULL~	PRI	
field_data_field_grievance_co_state	8	field_grievance_co_state_value	varchar	varchar(255)	YES	NULL		utf8mb3
field_data_field_grievance_co_state	9	field_grievance_co_state_format	varchar	varchar(255)	YES	NULL	MUL	utf8mb3
field_data_field_grievance_co_zip	1	entity_type	varchar	varchar(128)	NO	''	PRI	utf8mb3
field_data_field_grievance_co_zip	2	bundle	varchar	varchar(128)	NO	''	MUL	utf8mb3
field_data_field_grievance_co_zip	3	deleted	tinyint	tinyint(4)	NO	0	PRI	
field_data_field_grievance_co_zip	4	entity_id	int	int(10) unsigned	NO	~NULL~	PRI	
field_data_field_grievance_co_zip	5	revision_id	int	int(10) unsigned	YES	NULL	MUL	
field_data_field_grievance_co_zip	6	language	varchar	varchar(32)	NO	''	PRI	utf8mb3
field_data_field_grievance_co_zip	7	delta	int	int(10) unsigned	NO	~NULL~	PRI	
field_data_field_grievance_co_zip	8	field_grievance_co_zip_value	varchar	varchar(255)	YES	NULL		utf8mb3
field_data_field_grievance_co_zip	9	field_grievance_co_zip_format	varchar	varchar(255)	YES	NULL	MUL	utf8mb3
field_data_field_grievance_css	1	entity_type	varchar	varchar(128)	NO	''	PRI	utf8mb3
field_data_field_grievance_css	2	bundle	varchar	varchar(128)	NO	''	MUL	utf8mb3
field_data_field_grievance_css	3	deleted	tinyint	tinyint(4)	NO	0	PRI	
field_data_field_grievance_css	4	entity_id	int	int(10) unsigned	NO	~NULL~	PRI	
field_data_field_grievance_css	5	revision_id	int	int(10) unsigned	YES	NULL	MUL	
field_data_field_grievance_css	6	language	varchar	varchar(32)	NO	''	PRI	utf8mb3
field_data_field_grievance_css	7	delta	int	int(10) unsigned	NO	~NULL~	PRI	
field_data_field_grievance_css	8	field_grievance_css_value	longtext	longtext	YES	NULL		utf8mb3
field_data_field_grievance_css	9	field_grievance_css_format	varchar	varchar(255)	YES	NULL	MUL	utf8mb3
field_data_field_grievance_data_alert	1	entity_type	varchar	varchar(128)	NO	''	PRI	utf8mb3
field_data_field_grievance_data_alert	2	bundle	varchar	varchar(128)	NO	''	MUL	utf8mb3
field_data_field_grievance_data_alert	3	deleted	tinyint	tinyint(4)	NO	0	PRI	
field_data_field_grievance_data_alert	4	entity_id	int	int(10) unsigned	NO	~NULL~	PRI	
field_data_field_grievance_data_alert	5	revision_id	int	int(10) unsigned	YES	NULL	MUL	
field_data_field_grievance_data_alert	6	language	varchar	varchar(32)	NO	''	PRI	utf8mb3
field_data_field_grievance_data_alert	7	delta	int	int(10) unsigned	NO	~NULL~	PRI	
field_data_field_grievance_data_alert	8	field_grievance_data_alert_value	longtext	longtext	YES	NULL		utf8mb3
field_data_field_grievance_data_alert	9	field_grievance_data_alert_format	varchar	varchar(255)	YES	NULL	MUL	utf8mb3
field_data_field_grievance_date	1	entity_type	varchar	varchar(128)	NO	''	PRI	utf8mb3
field_data_field_grievance_date	2	bundle	varchar	varchar(128)	NO	''	MUL	utf8mb3
field_data_field_grievance_date	3	deleted	tinyint	tinyint(4)	NO	0	PRI	
field_data_field_grievance_date	4	entity_id	int	int(10) unsigned	NO	~NULL~	PRI	
field_data_field_grievance_date	5	revision_id	int	int(10) unsigned	YES	NULL	MUL	
field_data_field_grievance_date	6	language	varchar	varchar(32)	NO	''	PRI	utf8mb3
field_data_field_grievance_date	7	delta	int	int(10) unsigned	NO	~NULL~	PRI	
field_data_field_grievance_date	8	field_grievance_date_value	datetime	datetime	YES	NULL	MUL	
field_data_field_grievance_date_1	1	entity_type	varchar	varchar(128)	NO	''	PRI	utf8mb3
field_data_field_grievance_date_1	2	bundle	varchar	varchar(128)	NO	''	MUL	utf8mb3
field_data_field_grievance_date_1	3	deleted	tinyint	tinyint(4)	NO	0	PRI	
field_data_field_grievance_date_1	4	entity_id	int	int(10) unsigned	NO	~NULL~	PRI	
field_data_field_grievance_date_1	5	revision_id	int	int(10) unsigned	YES	NULL	MUL	
field_data_field_grievance_date_1	6	language	varchar	varchar(32)	NO	''	PRI	utf8mb3
field_data_field_grievance_date_1	7	delta	int	int(10) unsigned	NO	~NULL~	PRI	
field_data_field_grievance_date_1	8	field_grievance_date_1_value	datetime	datetime	YES	NULL	MUL	
field_data_field_grievance_date_2	1	entity_type	varchar	varchar(128)	NO	''	PRI	utf8mb3
field_data_field_grievance_date_2	2	bundle	varchar	varchar(128)	NO	''	MUL	utf8mb3
field_data_field_grievance_date_2	3	deleted	tinyint	tinyint(4)	NO	0	PRI	
field_data_field_grievance_date_2	4	entity_id	int	int(10) unsigned	NO	~NULL~	PRI	
field_data_field_grievance_date_2	5	revision_id	int	int(10) unsigned	YES	NULL	MUL	
field_data_field_grievance_date_2	6	language	varchar	varchar(32)	NO	''	PRI	utf8mb3
field_data_field_grievance_date_2	7	delta	int	int(10) unsigned	NO	~NULL~	PRI	
field_data_field_grievance_date_2	8	field_grievance_date_2_value	datetime	datetime	YES	NULL	MUL	
field_data_field_grievance_days	1	entity_type	varchar	varchar(128)	NO	''	PRI	utf8mb3
field_data_field_grievance_days	2	bundle	varchar	varchar(128)	NO	''	MUL	utf8mb3
field_data_field_grievance_days	3	deleted	tinyint	tinyint(4)	NO	0	PRI	
field_data_field_grievance_days	4	entity_id	int	int(10) unsigned	NO	~NULL~	PRI	
field_data_field_grievance_days	5	revision_id	int	int(10) unsigned	YES	NULL	MUL	
field_data_field_grievance_days	6	language	varchar	varchar(32)	NO	''	PRI	utf8mb3
field_data_field_grievance_days	7	delta	int	int(10) unsigned	NO	~NULL~	PRI	
field_data_field_grievance_days	8	field_grievance_days_value	int	int(11)	YES	NULL		
field_data_field_grievance_daysoff	1	entity_type	varchar	varchar(128)	NO	''	PRI	utf8mb3
field_data_field_grievance_daysoff	2	bundle	varchar	varchar(128)	NO	''	MUL	utf8mb3
field_data_field_grievance_daysoff	3	deleted	tinyint	tinyint(4)	NO	0	PRI	
field_data_field_grievance_daysoff	4	entity_id	int	int(10) unsigned	NO	~NULL~	PRI	
field_data_field_grievance_daysoff	5	revision_id	int	int(10) unsigned	YES	NULL	MUL	
field_data_field_grievance_daysoff	6	language	varchar	varchar(32)	NO	''	PRI	utf8mb3
field_data_field_grievance_daysoff	7	delta	int	int(10) unsigned	NO	~NULL~	PRI	
field_data_field_grievance_daysoff	8	field_grievance_daysoff_value	varchar	varchar(255)	YES	NULL	MUL	utf8mb3
field_data_field_grievance_days_type	1	entity_type	varchar	varchar(128)	NO	''	PRI	utf8mb3
field_data_field_grievance_days_type	2	bundle	varchar	varchar(128)	NO	''	MUL	utf8mb3
field_data_field_grievance_days_type	3	deleted	tinyint	tinyint(4)	NO	0	PRI	
field_data_field_grievance_days_type	4	entity_id	int	int(10) unsigned	NO	~NULL~	PRI	
field_data_field_grievance_days_type	5	revision_id	int	int(10) unsigned	YES	NULL	MUL	
field_data_field_grievance_days_type	6	language	varchar	varchar(32)	NO	''	PRI	utf8mb3
field_data_field_grievance_days_type	7	delta	int	int(10) unsigned	NO	~NULL~	PRI	
field_data_field_grievance_days_type	8	field_grievance_days_type_value	varchar	varchar(255)	YES	NULL	MUL	utf8mb3
field_data_field_grievance_default	1	entity_type	varchar	varchar(128)	NO	''	PRI	utf8mb3
field_data_field_grievance_default	2	bundle	varchar	varchar(128)	NO	''	MUL	utf8mb3
field_data_field_grievance_default	3	deleted	tinyint	tinyint(4)	NO	0	PRI	
field_data_field_grievance_default	4	entity_id	int	int(10) unsigned	NO	~NULL~	PRI	
field_data_field_grievance_default	5	revision_id	int	int(10) unsigned	YES	NULL	MUL	
field_data_field_grievance_default	6	language	varchar	varchar(32)	NO	''	PRI	utf8mb3
field_data_field_grievance_default	7	delta	int	int(10) unsigned	NO	~NULL~	PRI	
field_data_field_grievance_default	8	field_grievance_default_value	longtext	longtext	YES	NULL		utf8mb3
field_data_field_grievance_default	9	field_grievance_default_format	varchar	varchar(255)	YES	NULL	MUL	utf8mb3
field_data_field_grievance_department	1	entity_type	varchar	varchar(128)	NO	''	PRI	utf8mb3
field_data_field_grievance_department	2	bundle	varchar	varchar(128)	NO	''	MUL	utf8mb3
field_data_field_grievance_department	3	deleted	tinyint	tinyint(4)	NO	0	PRI	
field_data_field_grievance_department	4	entity_id	int	int(10) unsigned	NO	~NULL~	PRI	
field_data_field_grievance_department	5	revision_id	int	int(10) unsigned	YES	NULL	MUL	
field_data_field_grievance_department	6	language	varchar	varchar(32)	NO	''	PRI	utf8mb3
field_data_field_grievance_department	7	delta	int	int(10) unsigned	NO	~NULL~	PRI	
field_data_field_grievance_department	8	field_grievance_department_value	varchar	varchar(255)	YES	NULL		utf8mb3
field_data_field_grievance_department	9	field_grievance_department_format	varchar	varchar(255)	YES	NULL	MUL	utf8mb3
field_data_field_grievance_departments	1	entity_type	varchar	varchar(128)	NO	''	PRI	utf8mb3
field_data_field_grievance_departments	2	bundle	varchar	varchar(128)	NO	''	MUL	utf8mb3
field_data_field_grievance_departments	3	deleted	tinyint	tinyint(4)	NO	0	PRI	
field_data_field_grievance_departments	4	entity_id	int	int(10) unsigned	NO	~NULL~	PRI	
field_data_field_grievance_departments	5	revision_id	int	int(10) unsigned	YES	NULL	MUL	
field_data_field_grievance_departments	6	language	varchar	varchar(32)	NO	''	PRI	utf8mb3
field_data_field_grievance_departments	7	delta	int	int(10) unsigned	NO	~NULL~	PRI	
field_data_field_grievance_departments	8	field_grievance_departments_tid	int	int(10) unsigned	YES	NULL	MUL	
field_data_field_grievance_department_tid	1	entity_type	varchar	varchar(128)	NO	''	PRI	utf8mb3
field_data_field_grievance_department_tid	2	bundle	varchar	varchar(128)	NO	''	MUL	utf8mb3
field_data_field_grievance_department_tid	3	deleted	tinyint	tinyint(4)	NO	0	PRI	
field_data_field_grievance_department_tid	4	entity_id	int	int(10) unsigned	NO	~NULL~	PRI	
field_data_field_grievance_department_tid	5	revision_id	int	int(10) unsigned	YES	NULL	MUL	
field_data_field_grievance_department_tid	6	language	varchar	varchar(32)	NO	''	PRI	utf8mb3
field_data_field_grievance_department_tid	7	delta	int	int(10) unsigned	NO	~NULL~	PRI	
field_data_field_grievance_department_tid	8	field_grievance_department_tid_tid	int	int(10) unsigned	YES	NULL	MUL	
field_data_field_grievance_description	1	entity_type	varchar	varchar(128)	NO	''	PRI	utf8mb3
field_data_field_grievance_description	2	bundle	varchar	varchar(128)	NO	''	MUL	utf8mb3
field_data_field_grievance_description	3	deleted	tinyint	tinyint(4)	NO	0	PRI	
field_data_field_grievance_description	4	entity_id	int	int(10) unsigned	NO	~NULL~	PRI	
field_data_field_grievance_description	5	revision_id	int	int(10) unsigned	YES	NULL	MUL	
field_data_field_grievance_description	6	language	varchar	varchar(32)	NO	''	PRI	utf8mb3
field_data_field_grievance_description	7	delta	int	int(10) unsigned	NO	~NULL~	PRI	
field_data_field_grievance_description	8	field_grievance_description_value	varchar	varchar(255)	YES	NULL		utf8mb3
field_data_field_grievance_description	9	field_grievance_description_format	varchar	varchar(255)	YES	NULL	MUL	utf8mb3
field_data_field_grievance_document_type	1	entity_type	varchar	varchar(128)	NO	''	PRI	utf8mb3
field_data_field_grievance_document_type	2	bundle	varchar	varchar(128)	NO	''	MUL	utf8mb3
field_data_field_grievance_document_type	3	deleted	tinyint	tinyint(4)	NO	0	PRI	
field_data_field_grievance_document_type	4	entity_id	int	int(10) unsigned	NO	~NULL~	PRI	
field_data_field_grievance_document_type	5	revision_id	int	int(10) unsigned	YES	NULL	MUL	
field_data_field_grievance_document_type	6	language	varchar	varchar(32)	NO	''	PRI	utf8mb3
field_data_field_grievance_document_type	7	delta	int	int(10) unsigned	NO	~NULL~	PRI	
field_data_field_grievance_document_type	8	field_grievance_document_type_tid	int	int(10) unsigned	YES	NULL	MUL	
field_data_field_grievance_document_types	1	entity_type	varchar	varchar(128)	NO	''	PRI	utf8mb3
field_data_field_grievance_document_types	2	bundle	varchar	varchar(128)	NO	''	MUL	utf8mb3
field_data_field_grievance_document_types	3	deleted	tinyint	tinyint(4)	NO	0	PRI	
field_data_field_grievance_document_types	4	entity_id	int	int(10) unsigned	NO	~NULL~	PRI	
field_data_field_grievance_document_types	5	revision_id	int	int(10) unsigned	YES	NULL	MUL	
field_data_field_grievance_document_types	6	language	varchar	varchar(32)	NO	''	PRI	utf8mb3
field_data_field_grievance_document_types	7	delta	int	int(10) unsigned	NO	~NULL~	PRI	
field_data_field_grievance_document_types	8	field_grievance_document_types_tid	int	int(10) unsigned	YES	NULL	MUL	
field_data_field_grievance_dummy	1	entity_type	varchar	varchar(128)	NO	''	PRI	utf8mb3
field_data_field_grievance_dummy	2	bundle	varchar	varchar(128)	NO	''	MUL	utf8mb3
field_data_field_grievance_dummy	3	deleted	tinyint	tinyint(4)	NO	0	PRI	
field_data_field_grievance_dummy	4	entity_id	int	int(10) unsigned	NO	~NULL~	PRI	
field_data_field_grievance_dummy	5	revision_id	int	int(10) unsigned	YES	NULL	MUL	
field_data_field_grievance_dummy	6	language	varchar	varchar(32)	NO	''	PRI	utf8mb3
field_data_field_grievance_dummy	7	delta	int	int(10) unsigned	NO	~NULL~	PRI	
field_data_field_grievance_dummy	8	field_grievance_dummy_value	varchar	varchar(255)	YES	NULL	MUL	utf8mb3
field_data_field_grievance_ein	1	entity_type	varchar	varchar(128)	NO	''	PRI	utf8mb3
field_data_field_grievance_ein	2	bundle	varchar	varchar(128)	NO	''	MUL	utf8mb3
field_data_field_grievance_ein	3	deleted	tinyint	tinyint(4)	NO	0	PRI	
field_data_field_grievance_ein	4	entity_id	int	int(10) unsigned	NO	~NULL~	PRI	
field_data_field_grievance_ein	5	revision_id	int	int(10) unsigned	YES	NULL	MUL	
field_data_field_grievance_ein	6	language	varchar	varchar(32)	NO	''	PRI	utf8mb3
field_data_field_grievance_ein	7	delta	int	int(10) unsigned	NO	~NULL~	PRI	
field_data_field_grievance_ein	8	field_grievance_ein_value	varchar	varchar(255)	YES	NULL		utf8mb3
field_data_field_grievance_ein	9	field_grievance_ein_format	varchar	varchar(255)	YES	NULL	MUL	utf8mb3
field_data_field_grievance_email	1	entity_type	varchar	varchar(128)	NO	''	PRI	utf8mb3
field_data_field_grievance_email	2	bundle	varchar	varchar(128)	NO	''	MUL	utf8mb3
field_data_field_grievance_email	3	deleted	tinyint	tinyint(4)	NO	0	PRI	
field_data_field_grievance_email	4	entity_id	int	int(10) unsigned	NO	~NULL~	PRI	
field_data_field_grievance_email	5	revision_id	int	int(10) unsigned	YES	NULL	MUL	
field_data_field_grievance_email	6	language	varchar	varchar(32)	NO	''	PRI	utf8mb3
field_data_field_grievance_email	7	delta	int	int(10) unsigned	NO	~NULL~	PRI	
field_data_field_grievance_email	8	field_grievance_email_email	varchar	varchar(255)	YES	NULL		utf8mb3
field_data_field_grievance_emails	1	entity_type	varchar	varchar(128)	NO	''	PRI	utf8mb3
field_data_field_grievance_emails	2	bundle	varchar	varchar(128)	NO	''	MUL	utf8mb3
field_data_field_grievance_emails	3	deleted	tinyint	tinyint(4)	NO	0	PRI	
field_data_field_grievance_emails	4	entity_id	int	int(10) unsigned	NO	~NULL~	PRI	
field_data_field_grievance_emails	5	revision_id	int	int(10) unsigned	YES	NULL	MUL	
field_data_field_grievance_emails	6	language	varchar	varchar(32)	NO	''	PRI	utf8mb3
field_data_field_grievance_emails	7	delta	int	int(10) unsigned	NO	~NULL~	PRI	
field_data_field_grievance_emails	8	field_grievance_emails_value	varchar	varchar(255)	YES	NULL		utf8mb3
field_data_field_grievance_emails	9	field_grievance_emails_format	varchar	varchar(255)	YES	NULL	MUL	utf8mb3
field_data_field_grievance_emp_name	1	entity_type	varchar	varchar(128)	NO	''	PRI	utf8mb3
field_data_field_grievance_emp_name	2	bundle	varchar	varchar(128)	NO	''	MUL	utf8mb3
field_data_field_grievance_emp_name	3	deleted	tinyint	tinyint(4)	NO	0	PRI	
field_data_field_grievance_emp_name	4	entity_id	int	int(10) unsigned	NO	~NULL~	PRI	
field_data_field_grievance_emp_name	5	revision_id	int	int(10) unsigned	YES	NULL	MUL	
field_data_field_grievance_emp_name	6	language	varchar	varchar(32)	NO	''	PRI	utf8mb3
field_data_field_grievance_emp_name	7	delta	int	int(10) unsigned	NO	~NULL~	PRI	
field_data_field_grievance_emp_name	8	field_grievance_emp_name_value	longtext	longtext	YES	NULL		utf8mb3
field_data_field_grievance_emp_name	9	field_grievance_emp_name_format	varchar	varchar(255)	YES	NULL	MUL	utf8mb3
field_data_field_grievance_entity_type	1	entity_type	varchar	varchar(128)	NO	''	PRI	utf8mb3
field_data_field_grievance_entity_type	2	bundle	varchar	varchar(128)	NO	''	MUL	utf8mb3
field_data_field_grievance_entity_type	3	deleted	tinyint	tinyint(4)	NO	0	PRI	
field_data_field_grievance_entity_type	4	entity_id	int	int(10) unsigned	NO	~NULL~	PRI	
field_data_field_grievance_entity_type	5	revision_id	int	int(10) unsigned	YES	NULL	MUL	
field_data_field_grievance_entity_type	6	language	varchar	varchar(32)	NO	''	PRI	utf8mb3
field_data_field_grievance_entity_type	7	delta	int	int(10) unsigned	NO	~NULL~	PRI	
field_data_field_grievance_entity_type	8	field_grievance_entity_type_value	varchar	varchar(255)	YES	NULL		utf8mb3
field_data_field_grievance_entity_type	9	field_grievance_entity_type_format	varchar	varchar(255)	YES	NULL	MUL	utf8mb3
field_data_field_grievance_external_id	1	entity_type	varchar	varchar(128)	NO	''	PRI	utf8mb3
field_data_field_grievance_external_id	2	bundle	varchar	varchar(128)	NO	''	MUL	utf8mb3
field_data_field_grievance_external_id	3	deleted	tinyint	tinyint(4)	NO	0	PRI	
field_data_field_grievance_external_id	4	entity_id	int	int(10) unsigned	NO	~NULL~	PRI	
field_data_field_grievance_external_id	5	revision_id	int	int(10) unsigned	YES	NULL	MUL	
field_data_field_grievance_external_id	6	language	varchar	varchar(32)	NO	''	PRI	utf8mb3
field_data_field_grievance_external_id	7	delta	int	int(10) unsigned	NO	~NULL~	PRI	
field_data_field_grievance_external_id	8	field_grievance_external_id_value	varchar	varchar(255)	YES	NULL		utf8mb3
field_data_field_grievance_external_id	9	field_grievance_external_id_format	varchar	varchar(255)	YES	NULL	MUL	utf8mb3
field_data_field_grievance_field_name	1	entity_type	varchar	varchar(128)	NO	''	PRI	utf8mb3
field_data_field_grievance_field_name	2	bundle	varchar	varchar(128)	NO	''	MUL	utf8mb3
field_data_field_grievance_field_name	3	deleted	tinyint	tinyint(4)	NO	0	PRI	
field_data_field_grievance_field_name	4	entity_id	int	int(10) unsigned	NO	~NULL~	PRI	
field_data_field_grievance_field_name	5	revision_id	int	int(10) unsigned	YES	NULL	MUL	
field_data_field_grievance_field_name	6	language	varchar	varchar(32)	NO	''	PRI	utf8mb3
field_data_field_grievance_field_name	7	delta	int	int(10) unsigned	NO	~NULL~	PRI	
field_data_field_grievance_field_name	8	field_grievance_field_name_value	varchar	varchar(255)	YES	NULL		utf8mb3
field_data_field_grievance_field_name	9	field_grievance_field_name_format	varchar	varchar(255)	YES	NULL	MUL	utf8mb3
field_data_field_grievance_first_name	1	entity_type	varchar	varchar(128)	NO	''	PRI	utf8mb3
field_data_field_grievance_first_name	2	bundle	varchar	varchar(128)	NO	''	MUL	utf8mb3
field_data_field_grievance_first_name	3	deleted	tinyint	tinyint(4)	NO	0	PRI	
field_data_field_grievance_first_name	4	entity_id	int	int(10) unsigned	NO	~NULL~	PRI	
field_data_field_grievance_first_name	5	revision_id	int	int(10) unsigned	YES	NULL	MUL	
field_data_field_grievance_first_name	6	language	varchar	varchar(32)	NO	''	PRI	utf8mb3
field_data_field_grievance_first_name	7	delta	int	int(10) unsigned	NO	~NULL~	PRI	
field_data_field_grievance_first_name	8	field_grievance_first_name_value	varchar	varchar(255)	YES	NULL		utf8mb3
field_data_field_grievance_first_name	9	field_grievance_first_name_format	varchar	varchar(255)	YES	NULL	MUL	utf8mb3
field_data_field_grievance_from_status	1	entity_type	varchar	varchar(128)	NO	''	PRI	utf8mb3
field_data_field_grievance_from_status	2	bundle	varchar	varchar(128)	NO	''	MUL	utf8mb3
field_data_field_grievance_from_status	3	deleted	tinyint	tinyint(4)	NO	0	PRI	
field_data_field_grievance_from_status	4	entity_id	int	int(10) unsigned	NO	~NULL~	PRI	
field_data_field_grievance_from_status	5	revision_id	int	int(10) unsigned	YES	NULL	MUL	
field_data_field_grievance_from_status	6	language	varchar	varchar(32)	NO	''	PRI	utf8mb3
field_data_field_grievance_from_status	7	delta	int	int(10) unsigned	NO	~NULL~	PRI	
field_data_field_grievance_from_status	8	field_grievance_from_status_tid	int	int(10) unsigned	YES	NULL	MUL	
field_data_field_grievance_gender	1	entity_type	varchar	varchar(128)	NO	''	PRI	utf8mb3
field_data_field_grievance_gender	2	bundle	varchar	varchar(128)	NO	''	MUL	utf8mb3
field_data_field_grievance_gender	3	deleted	tinyint	tinyint(4)	NO	0	PRI	
field_data_field_grievance_gender	4	entity_id	int	int(10) unsigned	NO	~NULL~	PRI	
field_data_field_grievance_gender	5	revision_id	int	int(10) unsigned	YES	NULL	MUL	
field_data_field_grievance_gender	6	language	varchar	varchar(32)	NO	''	PRI	utf8mb3
field_data_field_grievance_gender	7	delta	int	int(10) unsigned	NO	~NULL~	PRI	
field_data_field_grievance_gender	8	field_grievance_gender_value	varchar	varchar(255)	YES	NULL	MUL	utf8mb3
field_data_field_grievance_hidefields	1	entity_type	varchar	varchar(128)	NO	''	PRI	utf8mb3
field_data_field_grievance_hidefields	2	bundle	varchar	varchar(128)	NO	''	MUL	utf8mb3
field_data_field_grievance_hidefields	3	deleted	tinyint	tinyint(4)	NO	0	PRI	
field_data_field_grievance_hidefields	4	entity_id	int	int(10) unsigned	NO	~NULL~	PRI	
field_data_field_grievance_hidefields	5	revision_id	int	int(10) unsigned	YES	NULL	MUL	
field_data_field_grievance_hidefields	6	language	varchar	varchar(32)	NO	''	PRI	utf8mb3
field_data_field_grievance_hidefields	7	delta	int	int(10) unsigned	NO	~NULL~	PRI	
field_data_field_grievance_hidefields	8	field_grievance_hidefields_value	longtext	longtext	YES	NULL		utf8mb3
field_data_field_grievance_hidefields	9	field_grievance_hidefields_format	varchar	varchar(255)	YES	NULL	MUL	utf8mb3
field_data_field_grievance_hire_date	1	entity_type	varchar	varchar(128)	NO	''	PRI	utf8mb3
field_data_field_grievance_hire_date	2	bundle	varchar	varchar(128)	NO	''	MUL	utf8mb3
field_data_field_grievance_hire_date	3	deleted	tinyint	tinyint(4)	NO	0	PRI	
field_data_field_grievance_hire_date	4	entity_id	int	int(10) unsigned	NO	~NULL~	PRI	
field_data_field_grievance_hire_date	5	revision_id	int	int(10) unsigned	YES	NULL	MUL	
field_data_field_grievance_hire_date	6	language	varchar	varchar(32)	NO	''	PRI	utf8mb3
field_data_field_grievance_hire_date	7	delta	int	int(10) unsigned	NO	~NULL~	PRI	
field_data_field_grievance_hire_date	8	field_grievance_hire_date_value	datetime	datetime	YES	NULL	MUL	
field_data_field_grievance_holidays	1	entity_type	varchar	varchar(128)	NO	''	PRI	utf8mb3
field_data_field_grievance_holidays	2	bundle	varchar	varchar(128)	NO	''	MUL	utf8mb3
field_data_field_grievance_holidays	3	deleted	tinyint	tinyint(4)	NO	0	PRI	
field_data_field_grievance_holidays	4	entity_id	int	int(10) unsigned	NO	~NULL~	PRI	
field_data_field_grievance_holidays	5	revision_id	int	int(10) unsigned	YES	NULL	MUL	
field_data_field_grievance_holidays	6	language	varchar	varchar(32)	NO	''	PRI	utf8mb3
field_data_field_grievance_holidays	7	delta	int	int(10) unsigned	NO	~NULL~	PRI	
field_data_field_grievance_holidays	8	field_grievance_holidays_value	longtext	longtext	YES	NULL		utf8mb3
field_data_field_grievance_holidays	9	field_grievance_holidays_format	varchar	varchar(255)	YES	NULL	MUL	utf8mb3
field_data_field_grievance_id	1	entity_type	varchar	varchar(128)	NO	''	PRI	utf8mb3
field_data_field_grievance_id	2	bundle	varchar	varchar(128)	NO	''	MUL	utf8mb3
field_data_field_grievance_id	3	deleted	tinyint	tinyint(4)	NO	0	PRI	
field_data_field_grievance_id	4	entity_id	int	int(10) unsigned	NO	~NULL~	PRI	
field_data_field_grievance_id	5	revision_id	int	int(10) unsigned	YES	NULL	MUL	
field_data_field_grievance_id	6	language	varchar	varchar(32)	NO	''	PRI	utf8mb3
field_data_field_grievance_id	7	delta	int	int(10) unsigned	NO	~NULL~	PRI	
field_data_field_grievance_id	8	field_grievance_id_value	varchar	varchar(255)	YES	NULL		utf8mb3
field_data_field_grievance_id	9	field_grievance_id_format	varchar	varchar(255)	YES	NULL	MUL	utf8mb3
field_data_field_grievance_images	1	entity_type	varchar	varchar(128)	NO	''	PRI	utf8mb3
field_data_field_grievance_images	2	bundle	varchar	varchar(128)	NO	''	MUL	utf8mb3
field_data_field_grievance_images	3	deleted	tinyint	tinyint(4)	NO	0	PRI	
field_data_field_grievance_images	4	entity_id	int	int(10) unsigned	NO	~NULL~	PRI	
field_data_field_grievance_images	5	revision_id	int	int(10) unsigned	YES	NULL	MUL	
field_data_field_grievance_images	6	language	varchar	varchar(32)	NO	''	PRI	utf8mb3
field_data_field_grievance_images	7	delta	int	int(10) unsigned	NO	~NULL~	PRI	
field_data_field_grievance_images	8	field_grievance_images_fid	int	int(10) unsigned	YES	NULL	MUL	
field_data_field_grievance_images	9	field_grievance_images_display	tinyint	tinyint(3) unsigned	NO	1		
field_data_field_grievance_images	10	field_grievance_images_description	text	text	YES	NULL		utf8mb3
field_data_field_grievance_inforeq	1	entity_type	varchar	varchar(128)	NO	''	PRI	utf8mb3
field_data_field_grievance_inforeq	2	bundle	varchar	varchar(128)	NO	''	MUL	utf8mb3
field_data_field_grievance_inforeq	3	deleted	tinyint	tinyint(4)	NO	0	PRI	
field_data_field_grievance_inforeq	4	entity_id	int	int(10) unsigned	NO	~NULL~	PRI	
field_data_field_grievance_inforeq	5	revision_id	int	int(10) unsigned	YES	NULL	MUL	
field_data_field_grievance_inforeq	6	language	varchar	varchar(32)	NO	''	PRI	utf8mb3
field_data_field_grievance_inforeq	7	delta	int	int(10) unsigned	NO	~NULL~	PRI	
field_data_field_grievance_inforeq	8	field_grievance_inforeq_value	longtext	longtext	YES	NULL		utf8mb3
field_data_field_grievance_inforeq	9	field_grievance_inforeq_format	varchar	varchar(255)	YES	NULL	MUL	utf8mb3
field_data_field_grievance_label	1	entity_type	varchar	varchar(128)	NO	''	PRI	utf8mb3
field_data_field_grievance_label	2	bundle	varchar	varchar(128)	NO	''	MUL	utf8mb3
field_data_field_grievance_label	3	deleted	tinyint	tinyint(4)	NO	0	PRI	
field_data_field_grievance_label	4	entity_id	int	int(10) unsigned	NO	~NULL~	PRI	
field_data_field_grievance_label	5	revision_id	int	int(10) unsigned	YES	NULL	MUL	
field_data_field_grievance_label	6	language	varchar	varchar(32)	NO	''	PRI	utf8mb3
field_data_field_grievance_label	7	delta	int	int(10) unsigned	NO	~NULL~	PRI	
field_data_field_grievance_label	8	field_grievance_label_value	varchar	varchar(255)	YES	NULL		utf8mb3
field_data_field_grievance_label	9	field_grievance_label_format	varchar	varchar(255)	YES	NULL	MUL	utf8mb3
field_data_field_grievance_last_name	1	entity_type	varchar	varchar(128)	NO	''	PRI	utf8mb3
field_data_field_grievance_last_name	2	bundle	varchar	varchar(128)	NO	''	MUL	utf8mb3
field_data_field_grievance_last_name	3	deleted	tinyint	tinyint(4)	NO	0	PRI	
field_data_field_grievance_last_name	4	entity_id	int	int(10) unsigned	NO	~NULL~	PRI	
field_data_field_grievance_last_name	5	revision_id	int	int(10) unsigned	YES	NULL	MUL	
field_data_field_grievance_last_name	6	language	varchar	varchar(32)	NO	''	PRI	utf8mb3
field_data_field_grievance_last_name	7	delta	int	int(10) unsigned	NO	~NULL~	PRI	
field_data_field_grievance_last_name	8	field_grievance_last_name_value	varchar	varchar(255)	YES	NULL		utf8mb3
field_data_field_grievance_last_name	9	field_grievance_last_name_format	varchar	varchar(255)	YES	NULL	MUL	utf8mb3
field_data_field_grievance_log_tags	1	entity_type	varchar	varchar(128)	NO	''	PRI	utf8mb3
field_data_field_grievance_log_tags	2	bundle	varchar	varchar(128)	NO	''	MUL	utf8mb3
field_data_field_grievance_log_tags	3	deleted	tinyint	tinyint(4)	NO	0	PRI	
field_data_field_grievance_log_tags	4	entity_id	int	int(10) unsigned	NO	~NULL~	PRI	
field_data_field_grievance_log_tags	5	revision_id	int	int(10) unsigned	YES	NULL	MUL	
field_data_field_grievance_log_tags	6	language	varchar	varchar(32)	NO	''	PRI	utf8mb3
field_data_field_grievance_log_tags	7	delta	int	int(10) unsigned	NO	~NULL~	PRI	
field_data_field_grievance_log_tags	8	field_grievance_log_tags_tid	int	int(10) unsigned	YES	NULL	MUL	
field_data_field_grievance_log_type	1	entity_type	varchar	varchar(128)	NO	''	PRI	utf8mb3
field_data_field_grievance_log_type	2	bundle	varchar	varchar(128)	NO	''	MUL	utf8mb3
field_data_field_grievance_log_type	3	deleted	tinyint	tinyint(4)	NO	0	PRI	
field_data_field_grievance_log_type	4	entity_id	int	int(10) unsigned	NO	~NULL~	PRI	
field_data_field_grievance_log_type	5	revision_id	int	int(10) unsigned	YES	NULL	MUL	
field_data_field_grievance_log_type	6	language	varchar	varchar(32)	NO	''	PRI	utf8mb3
field_data_field_grievance_log_type	7	delta	int	int(10) unsigned	NO	~NULL~	PRI	
field_data_field_grievance_log_type	8	field_grievance_log_type_tid	int	int(10) unsigned	YES	NULL	MUL	
field_data_field_grievance_meeting_date	1	entity_type	varchar	varchar(128)	NO	''	PRI	utf8mb3
field_data_field_grievance_meeting_date	2	bundle	varchar	varchar(128)	NO	''	MUL	utf8mb3
field_data_field_grievance_meeting_date	3	deleted	tinyint	tinyint(4)	NO	0	PRI	
field_data_field_grievance_meeting_date	4	entity_id	int	int(10) unsigned	NO	~NULL~	PRI	
field_data_field_grievance_meeting_date	5	revision_id	int	int(10) unsigned	YES	NULL	MUL	
field_data_field_grievance_meeting_date	6	language	varchar	varchar(32)	NO	''	PRI	utf8mb3
field_data_field_grievance_meeting_date	7	delta	int	int(10) unsigned	NO	~NULL~	PRI	
field_data_field_grievance_meeting_date	8	field_grievance_meeting_date_value	datetime	datetime	YES	NULL	MUL	
field_data_field_grievance_min	1	entity_type	varchar	varchar(128)	NO	''	PRI	utf8mb3
field_data_field_grievance_min	2	bundle	varchar	varchar(128)	NO	''	MUL	utf8mb3
field_data_field_grievance_min	3	deleted	tinyint	tinyint(4)	NO	0	PRI	
field_data_field_grievance_min	4	entity_id	int	int(10) unsigned	NO	~NULL~	PRI	
field_data_field_grievance_min	5	revision_id	int	int(10) unsigned	YES	NULL	MUL	
field_data_field_grievance_min	6	language	varchar	varchar(32)	NO	''	PRI	utf8mb3
field_data_field_grievance_min	7	delta	int	int(10) unsigned	NO	~NULL~	PRI	
field_data_field_grievance_min	8	field_grievance_min_value	varchar	varchar(255)	YES	NULL		utf8mb3
field_data_field_grievance_min	9	field_grievance_min_format	varchar	varchar(255)	YES	NULL	MUL	utf8mb3
field_data_field_grievance_next_status	1	entity_type	varchar	varchar(128)	NO	''	PRI	utf8mb3
field_data_field_grievance_next_status	2	bundle	varchar	varchar(128)	NO	''	MUL	utf8mb3
field_data_field_grievance_next_status	3	deleted	tinyint	tinyint(4)	NO	0	PRI	
field_data_field_grievance_next_status	4	entity_id	int	int(10) unsigned	NO	~NULL~	PRI	
field_data_field_grievance_next_status	5	revision_id	int	int(10) unsigned	YES	NULL	MUL	
field_data_field_grievance_next_status	6	language	varchar	varchar(32)	NO	''	PRI	utf8mb3
field_data_field_grievance_next_status	7	delta	int	int(10) unsigned	NO	~NULL~	PRI	
field_data_field_grievance_next_status	8	field_grievance_next_status_tid	int	int(10) unsigned	YES	NULL	MUL	
field_data_field_grievance_notify_body	1	entity_type	varchar	varchar(128)	NO	''	PRI	utf8mb3
field_data_field_grievance_notify_body	2	bundle	varchar	varchar(128)	NO	''	MUL	utf8mb3
field_data_field_grievance_notify_body	3	deleted	tinyint	tinyint(4)	NO	0	PRI	
field_data_field_grievance_notify_body	4	entity_id	int	int(10) unsigned	NO	~NULL~	PRI	
field_data_field_grievance_notify_body	5	revision_id	int	int(10) unsigned	YES	NULL	MUL	
field_data_field_grievance_notify_body	6	language	varchar	varchar(32)	NO	''	PRI	utf8mb3
field_data_field_grievance_notify_body	7	delta	int	int(10) unsigned	NO	~NULL~	PRI	
field_data_field_grievance_notify_body	8	field_grievance_notify_body_value	longtext	longtext	YES	NULL		utf8mb3
field_data_field_grievance_notify_body	9	field_grievance_notify_body_format	varchar	varchar(255)	YES	NULL	MUL	utf8mb3
field_data_field_grievance_notify_subject	1	entity_type	varchar	varchar(128)	NO	''	PRI	utf8mb3
field_data_field_grievance_notify_subject	2	bundle	varchar	varchar(128)	NO	''	MUL	utf8mb3
field_data_field_grievance_notify_subject	3	deleted	tinyint	tinyint(4)	NO	0	PRI	
field_data_field_grievance_notify_subject	4	entity_id	int	int(10) unsigned	NO	~NULL~	PRI	
field_data_field_grievance_notify_subject	5	revision_id	int	int(10) unsigned	YES	NULL	MUL	
field_data_field_grievance_notify_subject	6	language	varchar	varchar(32)	NO	''	PRI	utf8mb3
field_data_field_grievance_notify_subject	7	delta	int	int(10) unsigned	NO	~NULL~	PRI	
field_data_field_grievance_notify_subject	8	field_grievance_notify_subject_value	varchar	varchar(255)	YES	NULL		utf8mb3
field_data_field_grievance_notify_subject	9	field_grievance_notify_subject_format	varchar	varchar(255)	YES	NULL	MUL	utf8mb3
field_data_field_grievance_open	1	entity_type	varchar	varchar(128)	NO	''	PRI	utf8mb3
field_data_field_grievance_open	2	bundle	varchar	varchar(128)	NO	''	MUL	utf8mb3
field_data_field_grievance_open	3	deleted	tinyint	tinyint(4)	NO	0	PRI	
field_data_field_grievance_open	4	entity_id	int	int(10) unsigned	NO	~NULL~	PRI	
field_data_field_grievance_open	5	revision_id	int	int(10) unsigned	YES	NULL	MUL	
field_data_field_grievance_open	6	language	varchar	varchar(32)	NO	''	PRI	utf8mb3
field_data_field_grievance_open	7	delta	int	int(10) unsigned	NO	~NULL~	PRI	
field_data_field_grievance_open	8	field_grievance_open_value	varchar	varchar(255)	YES	NULL	MUL	utf8mb3
field_data_field_grievance_outcome	1	entity_type	varchar	varchar(128)	NO	''	PRI	utf8mb3
field_data_field_grievance_outcome	2	bundle	varchar	varchar(128)	NO	''	MUL	utf8mb3
field_data_field_grievance_outcome	3	deleted	tinyint	tinyint(4)	NO	0	PRI	
field_data_field_grievance_outcome	4	entity_id	int	int(10) unsigned	NO	~NULL~	PRI	
field_data_field_grievance_outcome	5	revision_id	int	int(10) unsigned	YES	NULL	MUL	
field_data_field_grievance_outcome	6	language	varchar	varchar(32)	NO	''	PRI	utf8mb3
field_data_field_grievance_outcome	7	delta	int	int(10) unsigned	NO	~NULL~	PRI	
field_data_field_grievance_outcome	8	field_grievance_outcome_tid	int	int(10) unsigned	YES	NULL	MUL	
field_data_field_grievance_phone	1	entity_type	varchar	varchar(128)	NO	''	PRI	utf8mb3
field_data_field_grievance_phone	2	bundle	varchar	varchar(128)	NO	''	MUL	utf8mb3
field_data_field_grievance_phone	3	deleted	tinyint	tinyint(4)	NO	0	PRI	
field_data_field_grievance_phone	4	entity_id	int	int(10) unsigned	NO	~NULL~	PRI	
field_data_field_grievance_phone	5	revision_id	int	int(10) unsigned	YES	NULL	MUL	
field_data_field_grievance_phone	6	language	varchar	varchar(32)	NO	''	PRI	utf8mb3
field_data_field_grievance_phone	7	delta	int	int(10) unsigned	NO	~NULL~	PRI	
field_data_field_grievance_phone	8	field_grievance_phone_value	varchar	varchar(255)	YES	NULL		utf8mb3
field_data_field_grievance_phone	9	field_grievance_phone_format	varchar	varchar(255)	YES	NULL	MUL	utf8mb3
field_data_field_grievance_phone_off	1	entity_type	varchar	varchar(128)	NO	''	PRI	utf8mb3
field_data_field_grievance_phone_off	2	bundle	varchar	varchar(128)	NO	''	MUL	utf8mb3
field_data_field_grievance_phone_off	3	deleted	tinyint	tinyint(4)	NO	0	PRI	
field_data_field_grievance_phone_off	4	entity_id	int	int(10) unsigned	NO	~NULL~	PRI	
field_data_field_grievance_phone_off	5	revision_id	int	int(10) unsigned	YES	NULL	MUL	
field_data_field_grievance_phone_off	6	language	varchar	varchar(32)	NO	''	PRI	utf8mb3
field_data_field_grievance_phone_off	7	delta	int	int(10) unsigned	NO	~NULL~	PRI	
field_data_field_grievance_phone_off	8	field_grievance_phone_off_value	varchar	varchar(255)	YES	NULL		utf8mb3
field_data_field_grievance_phone_off	9	field_grievance_phone_off_format	varchar	varchar(255)	YES	NULL	MUL	utf8mb3
field_data_field_grievance_pullclause	1	entity_type	varchar	varchar(128)	NO	''	PRI	utf8mb3
field_data_field_grievance_pullclause	2	bundle	varchar	varchar(128)	NO	''	MUL	utf8mb3
field_data_field_grievance_pullclause	3	deleted	tinyint	tinyint(4)	NO	0	PRI	
field_data_field_grievance_pullclause	4	entity_id	int	int(10) unsigned	NO	~NULL~	PRI	
field_data_field_grievance_pullclause	5	revision_id	int	int(10) unsigned	YES	NULL	MUL	
field_data_field_grievance_pullclause	6	language	varchar	varchar(32)	NO	''	PRI	utf8mb3
field_data_field_grievance_pullclause	7	delta	int	int(10) unsigned	NO	~NULL~	PRI	
field_data_field_grievance_pullclause	8	field_grievance_pullclause_value	varchar	varchar(255)	YES	NULL		utf8mb3
field_data_field_grievance_pullclause	9	field_grievance_pullclause_format	varchar	varchar(255)	YES	NULL	MUL	utf8mb3
field_data_field_grievance_remedy	1	entity_type	varchar	varchar(128)	NO	''	PRI	utf8mb3
field_data_field_grievance_remedy	2	bundle	varchar	varchar(128)	NO	''	MUL	utf8mb3
field_data_field_grievance_remedy	3	deleted	tinyint	tinyint(4)	NO	0	PRI	
field_data_field_grievance_remedy	4	entity_id	int	int(10) unsigned	NO	~NULL~	PRI	
field_data_field_grievance_remedy	5	revision_id	int	int(10) unsigned	YES	NULL	MUL	
field_data_field_grievance_remedy	6	language	varchar	varchar(32)	NO	''	PRI	utf8mb3
field_data_field_grievance_remedy	7	delta	int	int(10) unsigned	NO	~NULL~	PRI	
field_data_field_grievance_remedy	8	field_grievance_remedy_tid	int	int(10) unsigned	YES	NULL	MUL	
field_data_field_grievance_remedy_other	1	entity_type	varchar	varchar(128)	NO	''	PRI	utf8mb3
field_data_field_grievance_remedy_other	2	bundle	varchar	varchar(128)	NO	''	MUL	utf8mb3
field_data_field_grievance_remedy_other	3	deleted	tinyint	tinyint(4)	NO	0	PRI	
field_data_field_grievance_remedy_other	4	entity_id	int	int(10) unsigned	NO	~NULL~	PRI	
field_data_field_grievance_remedy_other	5	revision_id	int	int(10) unsigned	YES	NULL	MUL	
field_data_field_grievance_remedy_other	6	language	varchar	varchar(32)	NO	''	PRI	utf8mb3
field_data_field_grievance_remedy_other	7	delta	int	int(10) unsigned	NO	~NULL~	PRI	
field_data_field_grievance_remedy_other	8	field_grievance_remedy_other_value	longtext	longtext	YES	NULL		utf8mb3
field_data_field_grievance_remedy_other	9	field_grievance_remedy_other_format	varchar	varchar(255)	YES	NULL	MUL	utf8mb3
field_data_field_grievance_rep_assignee	1	entity_type	varchar	varchar(128)	NO	''	PRI	utf8mb3
field_data_field_grievance_rep_assignee	2	bundle	varchar	varchar(128)	NO	''	MUL	utf8mb3
field_data_field_grievance_rep_assignee	3	deleted	tinyint	tinyint(4)	NO	0	PRI	
field_data_field_grievance_rep_assignee	4	entity_id	int	int(10) unsigned	NO	~NULL~	PRI	
field_data_field_grievance_rep_assignee	5	revision_id	int	int(10) unsigned	YES	NULL	MUL	
field_data_field_grievance_rep_assignee	6	language	varchar	varchar(32)	NO	''	PRI	utf8mb3
field_data_field_grievance_rep_assignee	7	delta	int	int(10) unsigned	NO	~NULL~	PRI	
field_data_field_grievance_rep_assignee	8	field_grievance_rep_assignee_target_id	int	int(10) unsigned	NO	~NULL~	MUL	
field_data_field_grievance_rep_filed	1	entity_type	varchar	varchar(128)	NO	''	PRI	utf8mb3
field_data_field_grievance_rep_filed	2	bundle	varchar	varchar(128)	NO	''	MUL	utf8mb3
field_data_field_grievance_rep_filed	3	deleted	tinyint	tinyint(4)	NO	0	PRI	
field_data_field_grievance_rep_filed	4	entity_id	int	int(10) unsigned	NO	~NULL~	PRI	
field_data_field_grievance_rep_filed	5	revision_id	int	int(10) unsigned	YES	NULL	MUL	
field_data_field_grievance_rep_filed	6	language	varchar	varchar(32)	NO	''	PRI	utf8mb3
field_data_field_grievance_rep_filed	7	delta	int	int(10) unsigned	NO	~NULL~	PRI	
field_data_field_grievance_rep_filed	8	field_grievance_rep_filed_target_id	int	int(10) unsigned	NO	~NULL~	MUL	
field_data_field_grievance_rep_lead	1	entity_type	varchar	varchar(128)	NO	''	PRI	utf8mb3
field_data_field_grievance_rep_lead	2	bundle	varchar	varchar(128)	NO	''	MUL	utf8mb3
field_data_field_grievance_rep_lead	3	deleted	tinyint	tinyint(4)	NO	0	PRI	
field_data_field_grievance_rep_lead	4	entity_id	int	int(10) unsigned	NO	~NULL~	PRI	
field_data_field_grievance_rep_lead	5	revision_id	int	int(10) unsigned	YES	NULL	MUL	
field_data_field_grievance_rep_lead	6	language	varchar	varchar(32)	NO	''	PRI	utf8mb3
field_data_field_grievance_rep_lead	7	delta	int	int(10) unsigned	NO	~NULL~	PRI	
field_data_field_grievance_rep_lead	8	field_grievance_rep_lead_target_id	int	int(10) unsigned	NO	~NULL~	MUL	
field_data_field_grievance_rep_manager	1	entity_type	varchar	varchar(128)	NO	''	PRI	utf8mb3
field_data_field_grievance_rep_manager	2	bundle	varchar	varchar(128)	NO	''	MUL	utf8mb3
field_data_field_grievance_rep_manager	3	deleted	tinyint	tinyint(4)	NO	0	PRI	
field_data_field_grievance_rep_manager	4	entity_id	int	int(10) unsigned	NO	~NULL~	PRI	
field_data_field_grievance_rep_manager	5	revision_id	int	int(10) unsigned	YES	NULL	MUL	
field_data_field_grievance_rep_manager	6	language	varchar	varchar(32)	NO	''	PRI	utf8mb3
field_data_field_grievance_rep_manager	7	delta	int	int(10) unsigned	NO	~NULL~	PRI	
field_data_field_grievance_rep_manager	8	field_grievance_rep_manager_target_id	int	int(10) unsigned	NO	~NULL~	MUL	
field_data_field_grievance_rep_organizer	1	entity_type	varchar	varchar(128)	NO	''	PRI	utf8mb3
field_data_field_grievance_rep_organizer	2	bundle	varchar	varchar(128)	NO	''	MUL	utf8mb3
field_data_field_grievance_rep_organizer	3	deleted	tinyint	tinyint(4)	NO	0	PRI	
field_data_field_grievance_rep_organizer	4	entity_id	int	int(10) unsigned	NO	~NULL~	PRI	
field_data_field_grievance_rep_organizer	5	revision_id	int	int(10) unsigned	YES	NULL	MUL	
field_data_field_grievance_rep_organizer	6	language	varchar	varchar(32)	NO	''	PRI	utf8mb3
field_data_field_grievance_rep_organizer	7	delta	int	int(10) unsigned	NO	~NULL~	PRI	
field_data_field_grievance_rep_organizer	8	field_grievance_rep_organizer_target_id	int	int(10) unsigned	NO	~NULL~	MUL	
field_data_field_grievance_rep_watching	1	entity_type	varchar	varchar(128)	NO	''	PRI	utf8mb3
field_data_field_grievance_rep_watching	2	bundle	varchar	varchar(128)	NO	''	MUL	utf8mb3
field_data_field_grievance_rep_watching	3	deleted	tinyint	tinyint(4)	NO	0	PRI	
field_data_field_grievance_rep_watching	4	entity_id	int	int(10) unsigned	NO	~NULL~	PRI	
field_data_field_grievance_rep_watching	5	revision_id	int	int(10) unsigned	YES	NULL	MUL	
field_data_field_grievance_rep_watching	6	language	varchar	varchar(32)	NO	''	PRI	utf8mb3
field_data_field_grievance_rep_watching	7	delta	int	int(10) unsigned	NO	~NULL~	PRI	
field_data_field_grievance_rep_watching	8	field_grievance_rep_watching_target_id	int	int(10) unsigned	NO	~NULL~	MUL	
field_data_field_grievance_resproc	1	entity_type	varchar	varchar(128)	NO	''	PRI	utf8mb3
field_data_field_grievance_resproc	2	bundle	varchar	varchar(128)	NO	''	MUL	utf8mb3
field_data_field_grievance_resproc	3	deleted	tinyint	tinyint(4)	NO	0	PRI	
field_data_field_grievance_resproc	4	entity_id	int	int(10) unsigned	NO	~NULL~	PRI	
field_data_field_grievance_resproc	5	revision_id	int	int(10) unsigned	YES	NULL	MUL	
field_data_field_grievance_resproc	6	language	varchar	varchar(32)	NO	''	PRI	utf8mb3
field_data_field_grievance_resproc	7	delta	int	int(10) unsigned	NO	~NULL~	PRI	
field_data_field_grievance_resproc	8	field_grievance_resproc_tid	int	int(10) unsigned	YES	NULL	MUL	
field_data_field_grievance_resproc_an	1	entity_type	varchar	varchar(128)	NO	''	PRI	utf8mb3
field_data_field_grievance_resproc_an	2	bundle	varchar	varchar(128)	NO	''	MUL	utf8mb3
field_data_field_grievance_resproc_an	3	deleted	tinyint	tinyint(4)	NO	0	PRI	
field_data_field_grievance_resproc_an	4	entity_id	int	int(10) unsigned	NO	~NULL~	PRI	
field_data_field_grievance_resproc_an	5	revision_id	int	int(10) unsigned	YES	NULL	MUL	
field_data_field_grievance_resproc_an	6	language	varchar	varchar(32)	NO	''	PRI	utf8mb3
field_data_field_grievance_resproc_an	7	delta	int	int(10) unsigned	NO	~NULL~	PRI	
field_data_field_grievance_resproc_an	8	field_grievance_resproc_an_value	varchar	varchar(255)	YES	NULL		utf8mb3
field_data_field_grievance_resproc_an	9	field_grievance_resproc_an_format	varchar	varchar(255)	YES	NULL	MUL	utf8mb3
field_data_field_grievance_resproc_cd	1	entity_type	varchar	varchar(128)	NO	''	PRI	utf8mb3
field_data_field_grievance_resproc_cd	2	bundle	varchar	varchar(128)	NO	''	MUL	utf8mb3
field_data_field_grievance_resproc_cd	3	deleted	tinyint	tinyint(4)	NO	0	PRI	
field_data_field_grievance_resproc_cd	4	entity_id	int	int(10) unsigned	NO	~NULL~	PRI	
field_data_field_grievance_resproc_cd	5	revision_id	int	int(10) unsigned	YES	NULL	MUL	
field_data_field_grievance_resproc_cd	6	language	varchar	varchar(32)	NO	''	PRI	utf8mb3
field_data_field_grievance_resproc_cd	7	delta	int	int(10) unsigned	NO	~NULL~	PRI	
field_data_field_grievance_resproc_cd	8	field_grievance_resproc_cd_value	datetime	datetime	YES	NULL	MUL	
field_data_field_grievance_resproc_ea	1	entity_type	varchar	varchar(128)	NO	''	PRI	utf8mb3
field_data_field_grievance_resproc_ea	2	bundle	varchar	varchar(128)	NO	''	MUL	utf8mb3
field_data_field_grievance_resproc_ea	3	deleted	tinyint	tinyint(4)	NO	0	PRI	
field_data_field_grievance_resproc_ea	4	entity_id	int	int(10) unsigned	NO	~NULL~	PRI	
field_data_field_grievance_resproc_ea	5	revision_id	int	int(10) unsigned	YES	NULL	MUL	
field_data_field_grievance_resproc_ea	6	language	varchar	varchar(32)	NO	''	PRI	utf8mb3
field_data_field_grievance_resproc_ea	7	delta	int	int(10) unsigned	NO	~NULL~	PRI	
field_data_field_grievance_resproc_ea	8	field_grievance_resproc_ea_value	varchar	varchar(255)	YES	NULL		utf8mb3
field_data_field_grievance_resproc_ea	9	field_grievance_resproc_ea_format	varchar	varchar(255)	YES	NULL	MUL	utf8mb3
field_data_field_grievance_resproc_er	1	entity_type	varchar	varchar(128)	NO	''	PRI	utf8mb3
field_data_field_grievance_resproc_er	2	bundle	varchar	varchar(128)	NO	''	MUL	utf8mb3
field_data_field_grievance_resproc_er	3	deleted	tinyint	tinyint(4)	NO	0	PRI	
field_data_field_grievance_resproc_er	4	entity_id	int	int(10) unsigned	NO	~NULL~	PRI	
field_data_field_grievance_resproc_er	5	revision_id	int	int(10) unsigned	YES	NULL	MUL	
field_data_field_grievance_resproc_er	6	language	varchar	varchar(32)	NO	''	PRI	utf8mb3
field_data_field_grievance_resproc_er	7	delta	int	int(10) unsigned	NO	~NULL~	PRI	
field_data_field_grievance_resproc_er	8	field_grievance_resproc_er_value	varchar	varchar(255)	YES	NULL		utf8mb3
field_data_field_grievance_resproc_er	9	field_grievance_resproc_er_format	varchar	varchar(255)	YES	NULL	MUL	utf8mb3
field_data_field_grievance_resproc_hd	1	entity_type	varchar	varchar(128)	NO	''	PRI	utf8mb3
field_data_field_grievance_resproc_hd	2	bundle	varchar	varchar(128)	NO	''	MUL	utf8mb3
field_data_field_grievance_resproc_hd	3	deleted	tinyint	tinyint(4)	NO	0	PRI	
field_data_field_grievance_resproc_hd	4	entity_id	int	int(10) unsigned	NO	~NULL~	PRI	
field_data_field_grievance_resproc_hd	5	revision_id	int	int(10) unsigned	YES	NULL	MUL	
field_data_field_grievance_resproc_hd	6	language	varchar	varchar(32)	NO	''	PRI	utf8mb3
field_data_field_grievance_resproc_hd	7	delta	int	int(10) unsigned	NO	~NULL~	PRI	
field_data_field_grievance_resproc_hd	8	field_grievance_resproc_hd_value	datetime	datetime	YES	NULL	MUL	
field_data_field_grievance_resproc_lh	1	entity_type	varchar	varchar(128)	NO	''	PRI	utf8mb3
field_data_field_grievance_resproc_lh	2	bundle	varchar	varchar(128)	NO	''	MUL	utf8mb3
field_data_field_grievance_resproc_lh	3	deleted	tinyint	tinyint(4)	NO	0	PRI	
field_data_field_grievance_resproc_lh	4	entity_id	int	int(10) unsigned	NO	~NULL~	PRI	
field_data_field_grievance_resproc_lh	5	revision_id	int	int(10) unsigned	YES	NULL	MUL	
field_data_field_grievance_resproc_lh	6	language	varchar	varchar(32)	NO	''	PRI	utf8mb3
field_data_field_grievance_resproc_lh	7	delta	int	int(10) unsigned	NO	~NULL~	PRI	
field_data_field_grievance_resproc_lh	8	field_grievance_resproc_lh_value	int	int(11)	YES	NULL		
field_data_field_grievance_resproc_ur	1	entity_type	varchar	varchar(128)	NO	''	PRI	utf8mb3
field_data_field_grievance_resproc_ur	2	bundle	varchar	varchar(128)	NO	''	MUL	utf8mb3
field_data_field_grievance_resproc_ur	3	deleted	tinyint	tinyint(4)	NO	0	PRI	
field_data_field_grievance_resproc_ur	4	entity_id	int	int(10) unsigned	NO	~NULL~	PRI	
field_data_field_grievance_resproc_ur	5	revision_id	int	int(10) unsigned	YES	NULL	MUL	
field_data_field_grievance_resproc_ur	6	language	varchar	varchar(32)	NO	''	PRI	utf8mb3
field_data_field_grievance_resproc_ur	7	delta	int	int(10) unsigned	NO	~NULL~	PRI	
field_data_field_grievance_resproc_ur	8	field_grievance_resproc_ur_value	varchar	varchar(255)	YES	NULL		utf8mb3
field_data_field_grievance_resproc_ur	9	field_grievance_resproc_ur_format	varchar	varchar(255)	YES	NULL	MUL	utf8mb3
field_data_field_grievance_roles	1	entity_type	varchar	varchar(128)	NO	''	PRI	utf8mb3
field_data_field_grievance_roles	2	bundle	varchar	varchar(128)	NO	''	MUL	utf8mb3
field_data_field_grievance_roles	3	deleted	tinyint	tinyint(4)	NO	0	PRI	
field_data_field_grievance_roles	4	entity_id	int	int(10) unsigned	NO	~NULL~	PRI	
field_data_field_grievance_roles	5	revision_id	int	int(10) unsigned	YES	NULL	MUL	
field_data_field_grievance_roles	6	language	varchar	varchar(32)	NO	''	PRI	utf8mb3
field_data_field_grievance_roles	7	delta	int	int(10) unsigned	NO	~NULL~	PRI	
field_data_field_grievance_roles	8	field_grievance_roles_value	int	int(11)	NO	~NULL~		
field_data_field_grievance_section_number	1	entity_type	varchar	varchar(128)	NO	''	PRI	utf8mb3
field_data_field_grievance_section_number	2	bundle	varchar	varchar(128)	NO	''	MUL	utf8mb3
field_data_field_grievance_section_number	3	deleted	tinyint	tinyint(4)	NO	0	PRI	
field_data_field_grievance_section_number	4	entity_id	int	int(10) unsigned	NO	~NULL~	PRI	
field_data_field_grievance_section_number	5	revision_id	int	int(10) unsigned	YES	NULL	MUL	
field_data_field_grievance_section_number	6	language	varchar	varchar(32)	NO	''	PRI	utf8mb3
field_data_field_grievance_section_number	7	delta	int	int(10) unsigned	NO	~NULL~	PRI	
field_data_field_grievance_section_number	8	field_grievance_section_number_value	varchar	varchar(255)	YES	NULL		utf8mb3
field_data_field_grievance_section_number	9	field_grievance_section_number_format	varchar	varchar(255)	YES	NULL	MUL	utf8mb3
field_data_field_grievance_settlement_tags	1	entity_type	varchar	varchar(128)	NO	''	PRI	utf8mb3
field_data_field_grievance_settlement_tags	2	bundle	varchar	varchar(128)	NO	''	MUL	utf8mb3
field_data_field_grievance_settlement_tags	3	deleted	tinyint	tinyint(4)	NO	0	PRI	
field_data_field_grievance_settlement_tags	4	entity_id	int	int(10) unsigned	NO	~NULL~	PRI	
field_data_field_grievance_settlement_tags	5	revision_id	int	int(10) unsigned	YES	NULL	MUL	
field_data_field_grievance_settlement_tags	6	language	varchar	varchar(32)	NO	''	PRI	utf8mb3
field_data_field_grievance_settlement_tags	7	delta	int	int(10) unsigned	NO	~NULL~	PRI	
field_data_field_grievance_settlement_tags	8	field_grievance_settlement_tags_tid	int	int(10) unsigned	YES	NULL	MUL	
field_data_field_grievance_shift	1	entity_type	varchar	varchar(128)	NO	''	PRI	utf8mb3
field_data_field_grievance_shift	2	bundle	varchar	varchar(128)	NO	''	MUL	utf8mb3
field_data_field_grievance_shift	3	deleted	tinyint	tinyint(4)	NO	0	PRI	
field_data_field_grievance_shift	4	entity_id	int	int(10) unsigned	NO	~NULL~	PRI	
field_data_field_grievance_shift	5	revision_id	int	int(10) unsigned	YES	NULL	MUL	
field_data_field_grievance_shift	6	language	varchar	varchar(32)	NO	''	PRI	utf8mb3
field_data_field_grievance_shift	7	delta	int	int(10) unsigned	NO	~NULL~	PRI	
field_data_field_grievance_shift	8	field_grievance_shift_tid	int	int(10) unsigned	YES	NULL	MUL	
field_data_field_grievance_shop	1	entity_type	varchar	varchar(128)	NO	''	PRI	utf8mb3
field_data_field_grievance_shop	2	bundle	varchar	varchar(128)	NO	''	MUL	utf8mb3
field_data_field_grievance_shop	3	deleted	tinyint	tinyint(4)	NO	0	PRI	
field_data_field_grievance_shop	4	entity_id	int	int(10) unsigned	NO	~NULL~	PRI	
field_data_field_grievance_shop	5	revision_id	int	int(10) unsigned	YES	NULL	MUL	
field_data_field_grievance_shop	6	language	varchar	varchar(32)	NO	''	PRI	utf8mb3
field_data_field_grievance_shop	7	delta	int	int(10) unsigned	NO	~NULL~	PRI	
field_data_field_grievance_shop	8	field_grievance_shop_target_id	int	int(10) unsigned	NO	~NULL~	MUL	
field_data_field_grievance_shops	1	entity_type	varchar	varchar(128)	NO	''	PRI	utf8mb3
field_data_field_grievance_shops	2	bundle	varchar	varchar(128)	NO	''	MUL	utf8mb3
field_data_field_grievance_shops	3	deleted	tinyint	tinyint(4)	NO	0	PRI	
field_data_field_grievance_shops	4	entity_id	int	int(10) unsigned	NO	~NULL~	PRI	
field_data_field_grievance_shops	5	revision_id	int	int(10) unsigned	YES	NULL	MUL	
field_data_field_grievance_shops	6	language	varchar	varchar(32)	NO	''	PRI	utf8mb3
field_data_field_grievance_shops	7	delta	int	int(10) unsigned	NO	~NULL~	PRI	
field_data_field_grievance_shops	8	field_grievance_shops_target_id	int	int(10) unsigned	NO	~NULL~	MUL	
field_data_field_grievance_shortname	1	entity_type	varchar	varchar(128)	NO	''	PRI	utf8mb3
field_data_field_grievance_shortname	2	bundle	varchar	varchar(128)	NO	''	MUL	utf8mb3
field_data_field_grievance_shortname	3	deleted	tinyint	tinyint(4)	NO	0	PRI	
field_data_field_grievance_shortname	4	entity_id	int	int(10) unsigned	NO	~NULL~	PRI	
field_data_field_grievance_shortname	5	revision_id	int	int(10) unsigned	YES	NULL	MUL	
field_data_field_grievance_shortname	6	language	varchar	varchar(32)	NO	''	PRI	utf8mb3
field_data_field_grievance_shortname	7	delta	int	int(10) unsigned	NO	~NULL~	PRI	
field_data_field_grievance_shortname	8	field_grievance_shortname_value	varchar	varchar(255)	YES	NULL		utf8mb3
field_data_field_grievance_shortname	9	field_grievance_shortname_format	varchar	varchar(255)	YES	NULL	MUL	utf8mb3
field_data_field_grievance_state	1	entity_type	varchar	varchar(128)	NO	''	PRI	utf8mb3
field_data_field_grievance_state	2	bundle	varchar	varchar(128)	NO	''	MUL	utf8mb3
field_data_field_grievance_state	3	deleted	tinyint	tinyint(4)	NO	0	PRI	
field_data_field_grievance_state	4	entity_id	int	int(10) unsigned	NO	~NULL~	PRI	
field_data_field_grievance_state	5	revision_id	int	int(10) unsigned	YES	NULL	MUL	
field_data_field_grievance_state	6	language	varchar	varchar(32)	NO	''	PRI	utf8mb3
field_data_field_grievance_state	7	delta	int	int(10) unsigned	NO	~NULL~	PRI	
field_data_field_grievance_state	8	field_grievance_state_value	varchar	varchar(2)	YES	NULL		utf8mb3
field_data_field_grievance_state	9	field_grievance_state_format	varchar	varchar(255)	YES	NULL	MUL	utf8mb3
field_data_field_grievance_status	1	entity_type	varchar	varchar(128)	NO	''	PRI	utf8mb3
field_data_field_grievance_status	2	bundle	varchar	varchar(128)	NO	''	MUL	utf8mb3
field_data_field_grievance_status	3	deleted	tinyint	tinyint(4)	NO	0	PRI	
field_data_field_grievance_status	4	entity_id	int	int(10) unsigned	NO	~NULL~	PRI	
field_data_field_grievance_status	5	revision_id	int	int(10) unsigned	YES	NULL	MUL	
field_data_field_grievance_status	6	language	varchar	varchar(32)	NO	''	PRI	utf8mb3
field_data_field_grievance_status	7	delta	int	int(10) unsigned	NO	~NULL~	PRI	
field_data_field_grievance_status	8	field_grievance_status_tid	int	int(10) unsigned	YES	NULL	MUL	
field_data_field_grievance_statuses	1	entity_type	varchar	varchar(128)	NO	''	PRI	utf8mb3
field_data_field_grievance_statuses	2	bundle	varchar	varchar(128)	NO	''	MUL	utf8mb3
field_data_field_grievance_statuses	3	deleted	tinyint	tinyint(4)	NO	0	PRI	
field_data_field_grievance_statuses	4	entity_id	int	int(10) unsigned	NO	~NULL~	PRI	
field_data_field_grievance_statuses	5	revision_id	int	int(10) unsigned	YES	NULL	MUL	
field_data_field_grievance_statuses	6	language	varchar	varchar(32)	NO	''	PRI	utf8mb3
field_data_field_grievance_statuses	7	delta	int	int(10) unsigned	NO	~NULL~	PRI	
field_data_field_grievance_statuses	8	field_grievance_statuses_tid	int	int(10) unsigned	YES	NULL	MUL	
field_data_field_grievance_status_date	1	entity_type	varchar	varchar(128)	NO	''	PRI	utf8mb3
field_data_field_grievance_status_date	2	bundle	varchar	varchar(128)	NO	''	MUL	utf8mb3
field_data_field_grievance_status_date	3	deleted	tinyint	tinyint(4)	NO	0	PRI	
field_data_field_grievance_status_date	4	entity_id	int	int(10) unsigned	NO	~NULL~	PRI	
field_data_field_grievance_status_date	5	revision_id	int	int(10) unsigned	YES	NULL	MUL	
field_data_field_grievance_status_date	6	language	varchar	varchar(32)	NO	''	PRI	utf8mb3
field_data_field_grievance_status_date	7	delta	int	int(10) unsigned	NO	~NULL~	PRI	
field_data_field_grievance_status_date	8	field_grievance_status_date_value	datetime	datetime	YES	NULL	MUL	
field_data_field_grievance_st_email	1	entity_type	varchar	varchar(128)	NO	''	PRI	utf8mb3
field_data_field_grievance_st_email	2	bundle	varchar	varchar(128)	NO	''	MUL	utf8mb3
field_data_field_grievance_st_email	3	deleted	tinyint	tinyint(4)	NO	0	PRI	
field_data_field_grievance_st_email	4	entity_id	int	int(10) unsigned	NO	~NULL~	PRI	
field_data_field_grievance_st_email	5	revision_id	int	int(10) unsigned	YES	NULL	MUL	
field_data_field_grievance_st_email	6	language	varchar	varchar(32)	NO	''	PRI	utf8mb3
field_data_field_grievance_st_email	7	delta	int	int(10) unsigned	NO	~NULL~	PRI	
field_data_field_grievance_st_email	8	field_grievance_st_email_value	varchar	varchar(255)	YES	NULL		utf8mb3
field_data_field_grievance_st_email	9	field_grievance_st_email_format	varchar	varchar(255)	YES	NULL	MUL	utf8mb3
field_data_field_grievance_st_name	1	entity_type	varchar	varchar(128)	NO	''	PRI	utf8mb3
field_data_field_grievance_st_name	2	bundle	varchar	varchar(128)	NO	''	MUL	utf8mb3
field_data_field_grievance_st_name	3	deleted	tinyint	tinyint(4)	NO	0	PRI	
field_data_field_grievance_st_name	4	entity_id	int	int(10) unsigned	NO	~NULL~	PRI	
field_data_field_grievance_st_name	5	revision_id	int	int(10) unsigned	YES	NULL	MUL	
field_data_field_grievance_st_name	6	language	varchar	varchar(32)	NO	''	PRI	utf8mb3
field_data_field_grievance_st_name	7	delta	int	int(10) unsigned	NO	~NULL~	PRI	
field_data_field_grievance_st_name	8	field_grievance_st_name_value	varchar	varchar(255)	YES	NULL		utf8mb3
field_data_field_grievance_st_name	9	field_grievance_st_name_format	varchar	varchar(255)	YES	NULL	MUL	utf8mb3
field_data_field_grievance_st_phone	1	entity_type	varchar	varchar(128)	NO	''	PRI	utf8mb3
field_data_field_grievance_st_phone	2	bundle	varchar	varchar(128)	NO	''	MUL	utf8mb3
field_data_field_grievance_st_phone	3	deleted	tinyint	tinyint(4)	NO	0	PRI	
field_data_field_grievance_st_phone	4	entity_id	int	int(10) unsigned	NO	~NULL~	PRI	
field_data_field_grievance_st_phone	5	revision_id	int	int(10) unsigned	YES	NULL	MUL	
field_data_field_grievance_st_phone	6	language	varchar	varchar(32)	NO	''	PRI	utf8mb3
field_data_field_grievance_st_phone	7	delta	int	int(10) unsigned	NO	~NULL~	PRI	
field_data_field_grievance_st_phone	8	field_grievance_st_phone_value	varchar	varchar(255)	YES	NULL		utf8mb3
field_data_field_grievance_st_phone	9	field_grievance_st_phone_format	varchar	varchar(255)	YES	NULL	MUL	utf8mb3
field_data_field_grievance_st_selector	1	entity_type	varchar	varchar(128)	NO	''	PRI	utf8mb3
field_data_field_grievance_st_selector	2	bundle	varchar	varchar(128)	NO	''	MUL	utf8mb3
field_data_field_grievance_st_selector	3	deleted	tinyint	tinyint(4)	NO	0	PRI	
field_data_field_grievance_st_selector	4	entity_id	int	int(10) unsigned	NO	~NULL~	PRI	
field_data_field_grievance_st_selector	5	revision_id	int	int(10) unsigned	YES	NULL	MUL	
field_data_field_grievance_st_selector	6	language	varchar	varchar(32)	NO	''	PRI	utf8mb3
field_data_field_grievance_st_selector	7	delta	int	int(10) unsigned	NO	~NULL~	PRI	
field_data_field_grievance_supervisor_name	1	entity_type	varchar	varchar(128)	NO	''	PRI	utf8mb3
field_data_field_grievance_supervisor_name	2	bundle	varchar	varchar(128)	NO	''	MUL	utf8mb3
field_data_field_grievance_supervisor_name	3	deleted	tinyint	tinyint(4)	NO	0	PRI	
field_data_field_grievance_supervisor_name	4	entity_id	int	int(10) unsigned	NO	~NULL~	PRI	
field_data_field_grievance_supervisor_name	5	revision_id	int	int(10) unsigned	YES	NULL	MUL	
field_data_field_grievance_supervisor_name	6	language	varchar	varchar(32)	NO	''	PRI	utf8mb3
field_data_field_grievance_supervisor_name	7	delta	int	int(10) unsigned	NO	~NULL~	PRI	
field_data_field_grievance_supervisor_name	8	field_grievance_supervisor_name_value	varchar	varchar(255)	YES	NULL		utf8mb3
field_data_field_grievance_supervisor_name	9	field_grievance_supervisor_name_format	varchar	varchar(255)	YES	NULL	MUL	utf8mb3
field_data_field_grievance_supervisor_title	1	entity_type	varchar	varchar(128)	NO	''	PRI	utf8mb3
field_data_field_grievance_supervisor_title	2	bundle	varchar	varchar(128)	NO	''	MUL	utf8mb3
field_data_field_grievance_supervisor_title	3	deleted	tinyint	tinyint(4)	NO	0	PRI	
field_data_field_grievance_supervisor_title	4	entity_id	int	int(10) unsigned	NO	~NULL~	PRI	
field_data_field_grievance_supervisor_title	5	revision_id	int	int(10) unsigned	YES	NULL	MUL	
field_data_field_grievance_supervisor_title	6	language	varchar	varchar(32)	NO	''	PRI	utf8mb3
field_data_field_grievance_supervisor_title	7	delta	int	int(10) unsigned	NO	~NULL~	PRI	
field_data_field_grievance_supervisor_title	8	field_grievance_supervisor_title_value	varchar	varchar(255)	YES	NULL		utf8mb3
field_data_field_grievance_supervisor_title	9	field_grievance_supervisor_title_format	varchar	varchar(255)	YES	NULL	MUL	utf8mb3
field_data_field_grievance_supervisor_unit	1	entity_type	varchar	varchar(128)	NO	''	PRI	utf8mb3
field_data_field_grievance_supervisor_unit	2	bundle	varchar	varchar(128)	NO	''	MUL	utf8mb3
field_data_field_grievance_supervisor_unit	3	deleted	tinyint	tinyint(4)	NO	0	PRI	
field_data_field_grievance_supervisor_unit	4	entity_id	int	int(10) unsigned	NO	~NULL~	PRI	
field_data_field_grievance_supervisor_unit	5	revision_id	int	int(10) unsigned	YES	NULL	MUL	
field_data_field_grievance_supervisor_unit	6	language	varchar	varchar(32)	NO	''	PRI	utf8mb3
field_data_field_grievance_supervisor_unit	7	delta	int	int(10) unsigned	NO	~NULL~	PRI	
field_data_field_grievance_supervisor_unit	8	field_grievance_supervisor_unit_value	varchar	varchar(255)	YES	NULL		utf8mb3
field_data_field_grievance_supervisor_unit	9	field_grievance_supervisor_unit_format	varchar	varchar(255)	YES	NULL	MUL	utf8mb3
field_data_field_grievance_tags	1	entity_type	varchar	varchar(128)	NO	''	PRI	utf8mb3
field_data_field_grievance_tags	2	bundle	varchar	varchar(128)	NO	''	MUL	utf8mb3
field_data_field_grievance_tags	3	deleted	tinyint	tinyint(4)	NO	0	PRI	
field_data_field_grievance_tags	4	entity_id	int	int(10) unsigned	NO	~NULL~	PRI	
field_data_field_grievance_tags	5	revision_id	int	int(10) unsigned	YES	NULL	MUL	
field_data_field_grievance_tags	6	language	varchar	varchar(32)	NO	''	PRI	utf8mb3
field_data_field_grievance_tags	7	delta	int	int(10) unsigned	NO	~NULL~	PRI	
field_data_field_grievance_tags	8	field_grievance_tags_tid	int	int(10) unsigned	YES	NULL	MUL	
field_data_field_grievance_timeline_show	1	entity_type	varchar	varchar(128)	NO	''	PRI	utf8mb3
field_data_field_grievance_timeline_show	2	bundle	varchar	varchar(128)	NO	''	MUL	utf8mb3
field_data_field_grievance_timeline_show	3	deleted	tinyint	tinyint(4)	NO	0	PRI	
field_data_field_grievance_timeline_show	4	entity_id	int	int(10) unsigned	NO	~NULL~	PRI	
field_data_field_grievance_timeline_show	5	revision_id	int	int(10) unsigned	YES	NULL	MUL	
field_data_field_grievance_timeline_show	6	language	varchar	varchar(32)	NO	''	PRI	utf8mb3
field_data_field_grievance_timeline_show	7	delta	int	int(10) unsigned	NO	~NULL~	PRI	
field_data_field_grievance_timeline_show	8	field_grievance_timeline_show_value	varchar	varchar(255)	YES	NULL	MUL	utf8mb3
field_data_field_grievance_type	1	entity_type	varchar	varchar(128)	NO	''	PRI	utf8mb3
field_data_field_grievance_type	2	bundle	varchar	varchar(128)	NO	''	MUL	utf8mb3
field_data_field_grievance_type	3	deleted	tinyint	tinyint(4)	NO	0	PRI	
field_data_field_grievance_type	4	entity_id	int	int(10) unsigned	NO	~NULL~	PRI	
field_data_field_grievance_type	5	revision_id	int	int(10) unsigned	YES	NULL	MUL	
field_data_field_grievance_type	6	language	varchar	varchar(32)	NO	''	PRI	utf8mb3
field_data_field_grievance_type	7	delta	int	int(10) unsigned	NO	~NULL~	PRI	
field_data_field_grievance_type	8	field_grievance_type_tid	int	int(10) unsigned	YES	NULL	MUL	
field_data_field_grievance_type_other	1	entity_type	varchar	varchar(128)	NO	''	PRI	utf8mb3
field_data_field_grievance_type_other	2	bundle	varchar	varchar(128)	NO	''	MUL	utf8mb3
field_data_field_grievance_type_other	3	deleted	tinyint	tinyint(4)	NO	0	PRI	
field_data_field_grievance_type_other	4	entity_id	int	int(10) unsigned	NO	~NULL~	PRI	
field_data_field_grievance_type_other	5	revision_id	int	int(10) unsigned	YES	NULL	MUL	
field_data_field_grievance_type_other	6	language	varchar	varchar(32)	NO	''	PRI	utf8mb3
field_data_field_grievance_type_other	7	delta	int	int(10) unsigned	NO	~NULL~	PRI	
field_data_field_grievance_type_other	8	field_grievance_type_other_value	longtext	longtext	YES	NULL		utf8mb3
field_data_field_grievance_type_other	9	field_grievance_type_other_format	varchar	varchar(255)	YES	NULL	MUL	utf8mb3
field_data_field_grievance_update_rep	1	entity_type	varchar	varchar(128)	NO	''	PRI	utf8mb3
field_data_field_grievance_update_rep	2	bundle	varchar	varchar(128)	NO	''	MUL	utf8mb3
field_data_field_grievance_update_rep	3	deleted	tinyint	tinyint(4)	NO	0	PRI	
field_data_field_grievance_update_rep	4	entity_id	int	int(10) unsigned	NO	~NULL~	PRI	
field_data_field_grievance_update_rep	5	revision_id	int	int(10) unsigned	YES	NULL	MUL	
field_data_field_grievance_update_rep	6	language	varchar	varchar(32)	NO	''	PRI	utf8mb3
field_data_field_grievance_update_rep	7	delta	int	int(10) unsigned	NO	~NULL~	PRI	
field_data_field_grievance_update_rep	8	field_grievance_update_rep_value	varchar	varchar(255)	YES	NULL	MUL	utf8mb3
field_data_field_grievance_valid	1	entity_type	varchar	varchar(128)	NO	''	PRI	utf8mb3
field_data_field_grievance_valid	2	bundle	varchar	varchar(128)	NO	''	MUL	utf8mb3
field_data_field_grievance_valid	3	deleted	tinyint	tinyint(4)	NO	0	PRI	
field_data_field_grievance_valid	4	entity_id	int	int(10) unsigned	NO	~NULL~	PRI	
field_data_field_grievance_valid	5	revision_id	int	int(10) unsigned	YES	NULL	MUL	
field_data_field_grievance_valid	6	language	varchar	varchar(32)	NO	''	PRI	utf8mb3
field_data_field_grievance_valid	7	delta	int	int(10) unsigned	NO	~NULL~	PRI	
field_data_field_grievance_valid	8	field_grievance_valid_value	datetime	datetime	YES	NULL	MUL	
field_data_field_grievance_valid	9	field_grievance_valid_value2	datetime	datetime	YES	NULL	MUL	
field_data_field_grievance_violation	1	entity_type	varchar	varchar(128)	NO	''	PRI	utf8mb3
field_data_field_grievance_violation	2	bundle	varchar	varchar(128)	NO	''	MUL	utf8mb3
field_data_field_grievance_violation	3	deleted	tinyint	tinyint(4)	NO	0	PRI	
field_data_field_grievance_violation	4	entity_id	int	int(10) unsigned	NO	~NULL~	PRI	
field_data_field_grievance_violation	5	revision_id	int	int(10) unsigned	YES	NULL	MUL	
field_data_field_grievance_violation	6	language	varchar	varchar(32)	NO	''	PRI	utf8mb3
field_data_field_grievance_violation	7	delta	int	int(10) unsigned	NO	~NULL~	PRI	
field_data_field_grievance_violation	8	field_grievance_violation_value	varchar	varchar(255)	YES	NULL		utf8mb3
field_data_field_grievance_violation	9	field_grievance_violation_format	varchar	varchar(255)	YES	NULL	MUL	utf8mb3
field_data_field_grievance_weight	1	entity_type	varchar	varchar(128)	NO	''	PRI	utf8mb3
field_data_field_grievance_weight	2	bundle	varchar	varchar(128)	NO	''	MUL	utf8mb3
field_data_field_grievance_weight	3	deleted	tinyint	tinyint(4)	NO	0	PRI	
field_data_field_grievance_weight	4	entity_id	int	int(10) unsigned	NO	~NULL~	PRI	
field_data_field_grievance_weight	5	revision_id	int	int(10) unsigned	YES	NULL	MUL	
field_data_field_grievance_weight	6	language	varchar	varchar(32)	NO	''	PRI	utf8mb3
field_data_field_grievance_weight	7	delta	int	int(10) unsigned	NO	~NULL~	PRI	
field_data_field_grievance_weight	8	field_grievance_weight_value	int	int(11)	YES	NULL		
field_data_field_grievance_work_status	1	entity_type	varchar	varchar(128)	NO	''	PRI	utf8mb3
field_data_field_grievance_work_status	2	bundle	varchar	varchar(128)	NO	''	MUL	utf8mb3
field_data_field_grievance_work_status	3	deleted	tinyint	tinyint(4)	NO	0	PRI	
field_data_field_grievance_work_status	4	entity_id	int	int(10) unsigned	NO	~NULL~	PRI	
field_data_field_grievance_work_status	5	revision_id	int	int(10) unsigned	YES	NULL	MUL	
field_data_field_grievance_work_status	6	language	varchar	varchar(32)	NO	''	PRI	utf8mb3
field_data_field_grievance_work_status	7	delta	int	int(10) unsigned	NO	~NULL~	PRI	
field_data_field_grievance_work_status	8	field_grievance_work_status_tid	int	int(10) unsigned	YES	NULL	MUL	
field_data_field_grievance_zip	1	entity_type	varchar	varchar(128)	NO	''	PRI	utf8mb3
field_data_field_grievance_zip	2	bundle	varchar	varchar(128)	NO	''	MUL	utf8mb3
field_data_field_grievance_zip	3	deleted	tinyint	tinyint(4)	NO	0	PRI	
field_data_field_grievance_zip	4	entity_id	int	int(10) unsigned	NO	~NULL~	PRI	
field_data_field_grievance_zip	5	revision_id	int	int(10) unsigned	YES	NULL	MUL	
field_data_field_grievance_zip	6	language	varchar	varchar(32)	NO	''	PRI	utf8mb3
field_data_field_grievance_zip	7	delta	int	int(10) unsigned	NO	~NULL~	PRI	
field_data_field_grievance_zip	8	field_grievance_zip_value	varchar	varchar(255)	YES	NULL		utf8mb3
field_data_field_grievance_zip	9	field_grievance_zip_format	varchar	varchar(255)	YES	NULL	MUL	utf8mb3
field_data_field_grievanct_cont_clse_tags	1	entity_type	varchar	varchar(128)	NO	''	PRI	utf8mb3
field_data_field_grievanct_cont_clse_tags	2	bundle	varchar	varchar(128)	NO	''	MUL	utf8mb3
field_data_field_grievanct_cont_clse_tags	3	deleted	tinyint	tinyint(4)	NO	0	PRI	
field_data_field_grievanct_cont_clse_tags	4	entity_id	int	int(10) unsigned	NO	~NULL~	PRI	
field_data_field_grievanct_cont_clse_tags	5	revision_id	int	int(10) unsigned	YES	NULL	MUL	
field_data_field_grievanct_cont_clse_tags	6	language	varchar	varchar(32)	NO	''	PRI	utf8mb3
field_data_field_grievanct_cont_clse_tags	7	delta	int	int(10) unsigned	NO	~NULL~	PRI	
field_data_field_grievanct_cont_clse_tags	8	field_grievanct_cont_clse_tags_tid	int	int(10) unsigned	YES	NULL	MUL	
field_data_field_sirius_aat	1	entity_type	varchar	varchar(128)	NO	''	PRI	utf8mb3
field_data_field_sirius_aat	2	bundle	varchar	varchar(128)	NO	''	MUL	utf8mb3
field_data_field_sirius_aat	3	deleted	tinyint	tinyint(4)	NO	0	PRI	
field_data_field_sirius_aat	4	entity_id	int	int(10) unsigned	NO	~NULL~	PRI	
field_data_field_sirius_aat	5	revision_id	int	int(10) unsigned	YES	NULL	MUL	
field_data_field_sirius_aat	6	language	varchar	varchar(32)	NO	''	PRI	utf8mb3
field_data_field_sirius_aat	7	delta	int	int(10) unsigned	NO	~NULL~	PRI	
field_data_field_sirius_aat	8	field_sirius_aat_value	varchar	varchar(255)	YES	NULL		utf8mb3
field_data_field_sirius_aat	9	field_sirius_aat_format	varchar	varchar(255)	YES	NULL	MUL	utf8mb3
field_data_field_sirius_aat_required	1	entity_type	varchar	varchar(128)	NO	''	PRI	utf8mb3
field_data_field_sirius_aat_required	2	bundle	varchar	varchar(128)	NO	''	MUL	utf8mb3
field_data_field_sirius_aat_required	3	deleted	tinyint	tinyint(4)	NO	0	PRI	
field_data_field_sirius_aat_required	4	entity_id	int	int(10) unsigned	NO	~NULL~	PRI	
field_data_field_sirius_aat_required	5	revision_id	int	int(10) unsigned	YES	NULL	MUL	
field_data_field_sirius_aat_required	6	language	varchar	varchar(32)	NO	''	PRI	utf8mb3
field_data_field_sirius_aat_required	7	delta	int	int(10) unsigned	NO	~NULL~	PRI	
field_data_field_sirius_aat_required	8	field_sirius_aat_required_value	varchar	varchar(255)	YES	NULL	MUL	utf8mb3
field_data_field_sirius_active	1	entity_type	varchar	varchar(128)	NO	''	PRI	utf8mb3
field_data_field_sirius_active	2	bundle	varchar	varchar(128)	NO	''	MUL	utf8mb3
field_data_field_sirius_active	3	deleted	tinyint	tinyint(4)	NO	0	PRI	
field_data_field_sirius_active	4	entity_id	int	int(10) unsigned	NO	~NULL~	PRI	
field_data_field_sirius_active	5	revision_id	int	int(10) unsigned	YES	NULL	MUL	
field_data_field_sirius_active	6	language	varchar	varchar(32)	NO	''	PRI	utf8mb3
field_data_field_sirius_active	7	delta	int	int(10) unsigned	NO	~NULL~	PRI	
field_data_field_sirius_active	8	field_sirius_active_value	varchar	varchar(255)	YES	NULL	MUL	utf8mb3
field_data_field_sirius_address	1	entity_type	varchar	varchar(128)	NO	''	PRI	utf8mb3
field_data_field_sirius_address	2	bundle	varchar	varchar(128)	NO	''	MUL	utf8mb3
field_data_field_sirius_address	3	deleted	tinyint	tinyint(4)	NO	0	PRI	
field_data_field_sirius_address	4	entity_id	int	int(10) unsigned	NO	~NULL~	PRI	
field_data_field_sirius_address	5	revision_id	int	int(10) unsigned	YES	NULL	MUL	
field_data_field_sirius_address	6	language	varchar	varchar(32)	NO	''	PRI	utf8mb3
field_data_field_sirius_address	7	delta	int	int(10) unsigned	NO	~NULL~	PRI	
field_data_field_sirius_address	8	field_sirius_address_country	varchar	varchar(2)	YES	''		utf8mb3
field_data_field_sirius_address	9	field_sirius_address_administrative_area	varchar	varchar(255)	YES	''		utf8mb3
field_data_field_sirius_address	10	field_sirius_address_sub_administrative_area	varchar	varchar(255)	YES	''		utf8mb3
field_data_field_sirius_address	11	field_sirius_address_locality	varchar	varchar(255)	YES	''		utf8mb3
field_data_field_sirius_address	12	field_sirius_address_dependent_locality	varchar	varchar(255)	YES	''		utf8mb3
field_data_field_sirius_address	13	field_sirius_address_postal_code	varchar	varchar(255)	YES	''		utf8mb3
field_data_field_sirius_address	14	field_sirius_address_thoroughfare	varchar	varchar(255)	YES	''		utf8mb3
field_data_field_sirius_address	15	field_sirius_address_premise	varchar	varchar(255)	YES	''		utf8mb3
field_data_field_sirius_address	16	field_sirius_address_sub_premise	varchar	varchar(255)	YES	''		utf8mb3
field_data_field_sirius_address	17	field_sirius_address_organisation_name	varchar	varchar(255)	YES	''		utf8mb3
field_data_field_sirius_address	18	field_sirius_address_name_line	varchar	varchar(255)	YES	''		utf8mb3
field_data_field_sirius_address	19	field_sirius_address_first_name	varchar	varchar(255)	YES	''		utf8mb3
field_data_field_sirius_address	20	field_sirius_address_last_name	varchar	varchar(255)	YES	''		utf8mb3
field_data_field_sirius_address	21	field_sirius_address_data	longtext	longtext	YES	NULL		utf8mb3
field_data_field_sirius_address_accuracy	1	entity_type	varchar	varchar(128)	NO	''	PRI	utf8mb3
field_data_field_sirius_address_accuracy	2	bundle	varchar	varchar(128)	NO	''	MUL	utf8mb3
field_data_field_sirius_address_accuracy	3	deleted	tinyint	tinyint(4)	NO	0	PRI	
field_data_field_sirius_address_accuracy	4	entity_id	int	int(10) unsigned	NO	~NULL~	PRI	
field_data_field_sirius_address_accuracy	5	revision_id	int	int(10) unsigned	YES	NULL	MUL	
field_data_field_sirius_address_accuracy	6	language	varchar	varchar(32)	NO	''	PRI	utf8mb3
field_data_field_sirius_address_accuracy	7	delta	int	int(10) unsigned	NO	~NULL~	PRI	
field_data_field_sirius_address_accuracy	8	field_sirius_address_accuracy_value	varchar	varchar(255)	YES	NULL		utf8mb3
field_data_field_sirius_address_accuracy	9	field_sirius_address_accuracy_format	varchar	varchar(255)	YES	NULL	MUL	utf8mb3
field_data_field_sirius_address_canon	1	entity_type	varchar	varchar(128)	NO	''	PRI	utf8mb3
field_data_field_sirius_address_canon	2	bundle	varchar	varchar(128)	NO	''	MUL	utf8mb3
field_data_field_sirius_address_canon	3	deleted	tinyint	tinyint(4)	NO	0	PRI	
field_data_field_sirius_address_canon	4	entity_id	int	int(10) unsigned	NO	~NULL~	PRI	
field_data_field_sirius_address_canon	5	revision_id	int	int(10) unsigned	YES	NULL	MUL	
field_data_field_sirius_address_canon	6	language	varchar	varchar(32)	NO	''	PRI	utf8mb3
field_data_field_sirius_address_canon	7	delta	int	int(10) unsigned	NO	~NULL~	PRI	
field_data_field_sirius_address_canon	8	field_sirius_address_canon_value	varchar	varchar(255)	YES	NULL		utf8mb3
field_data_field_sirius_address_canon	9	field_sirius_address_canon_format	varchar	varchar(255)	YES	NULL	MUL	utf8mb3
field_data_field_sirius_address_county	1	entity_type	varchar	varchar(128)	NO	''	PRI	utf8mb3
field_data_field_sirius_address_county	2	bundle	varchar	varchar(128)	NO	''	MUL	utf8mb3
field_data_field_sirius_address_county	3	deleted	tinyint	tinyint(4)	NO	0	PRI	
field_data_field_sirius_address_county	4	entity_id	int	int(10) unsigned	NO	~NULL~	PRI	
field_data_field_sirius_address_county	5	revision_id	int	int(10) unsigned	YES	NULL	MUL	
field_data_field_sirius_address_county	6	language	varchar	varchar(32)	NO	''	PRI	utf8mb3
field_data_field_sirius_address_county	7	delta	int	int(10) unsigned	NO	~NULL~	PRI	
field_data_field_sirius_address_county	8	field_sirius_address_county_value	varchar	varchar(255)	YES	NULL		utf8mb3
field_data_field_sirius_address_county	9	field_sirius_address_county_format	varchar	varchar(255)	YES	NULL	MUL	utf8mb3
field_data_field_sirius_address_geo	1	entity_type	varchar	varchar(128)	NO	''	PRI	utf8mb3
field_data_field_sirius_address_geo	2	bundle	varchar	varchar(128)	NO	''	MUL	utf8mb3
field_data_field_sirius_address_geo	3	deleted	tinyint	tinyint(4)	NO	0	PRI	
field_data_field_sirius_address_geo	4	entity_id	int	int(10) unsigned	NO	~NULL~	PRI	
field_data_field_sirius_address_geo	5	revision_id	int	int(10) unsigned	YES	NULL	MUL	
field_data_field_sirius_address_geo	6	language	varchar	varchar(32)	NO	''	PRI	utf8mb3
field_data_field_sirius_address_geo	7	delta	int	int(10) unsigned	NO	~NULL~	PRI	
field_data_field_sirius_address_geo	8	field_sirius_address_geo_geom	longblob	longblob	YES	NULL		
field_data_field_sirius_address_geo	9	field_sirius_address_geo_geo_type	varchar	varchar(64)	YES	''		utf8mb3
field_data_field_sirius_address_geo	10	field_sirius_address_geo_lat	decimal	decimal(18,12)	YES	NULL	MUL	
field_data_field_sirius_address_geo	11	field_sirius_address_geo_lon	decimal	decimal(18,12)	YES	NULL	MUL	
field_data_field_sirius_address_geo	12	field_sirius_address_geo_left	decimal	decimal(18,12)	YES	NULL	MUL	
field_data_field_sirius_address_geo	13	field_sirius_address_geo_top	decimal	decimal(18,12)	YES	NULL	MUL	
field_data_field_sirius_address_geo	14	field_sirius_address_geo_right	decimal	decimal(18,12)	YES	NULL	MUL	
field_data_field_sirius_address_geo	15	field_sirius_address_geo_bottom	decimal	decimal(18,12)	YES	NULL	MUL	
field_data_field_sirius_address_geo	16	field_sirius_address_geo_geohash	varchar	varchar(16)	YES	NULL	MUL	utf8mb3
field_data_field_sirius_address_notes	1	entity_type	varchar	varchar(128)	NO	''	PRI	utf8mb3
field_data_field_sirius_address_notes	2	bundle	varchar	varchar(128)	NO	''	MUL	utf8mb3
field_data_field_sirius_address_notes	3	deleted	tinyint	tinyint(4)	NO	0	PRI	
field_data_field_sirius_address_notes	4	entity_id	int	int(10) unsigned	NO	~NULL~	PRI	
field_data_field_sirius_address_notes	5	revision_id	int	int(10) unsigned	YES	NULL	MUL	
field_data_field_sirius_address_notes	6	language	varchar	varchar(32)	NO	''	PRI	utf8mb3
field_data_field_sirius_address_notes	7	delta	int	int(10) unsigned	NO	~NULL~	PRI	
field_data_field_sirius_address_notes	8	field_sirius_address_notes_value	varchar	varchar(255)	YES	NULL		utf8mb3
field_data_field_sirius_address_notes	9	field_sirius_address_notes_format	varchar	varchar(255)	YES	NULL	MUL	utf8mb3
field_data_field_sirius_address_parking	1	entity_type	varchar	varchar(128)	NO	''	PRI	utf8mb3
field_data_field_sirius_address_parking	2	bundle	varchar	varchar(128)	NO	''	MUL	utf8mb3
field_data_field_sirius_address_parking	3	deleted	tinyint	tinyint(4)	NO	0	PRI	
field_data_field_sirius_address_parking	4	entity_id	int	int(10) unsigned	NO	~NULL~	PRI	
field_data_field_sirius_address_parking	5	revision_id	int	int(10) unsigned	YES	NULL	MUL	
field_data_field_sirius_address_parking	6	language	varchar	varchar(32)	NO	''	PRI	utf8mb3
field_data_field_sirius_address_parking	7	delta	int	int(10) unsigned	NO	~NULL~	PRI	
field_data_field_sirius_address_parking	8	field_sirius_address_parking_value	longtext	longtext	YES	NULL		utf8mb3
field_data_field_sirius_address_parking	9	field_sirius_address_parking_format	varchar	varchar(255)	YES	NULL	MUL	utf8mb3
field_data_field_sirius_attachments	1	entity_type	varchar	varchar(128)	NO	''	PRI	utf8mb3
field_data_field_sirius_attachments	2	bundle	varchar	varchar(128)	NO	''	MUL	utf8mb3
field_data_field_sirius_attachments	3	deleted	tinyint	tinyint(4)	NO	0	PRI	
field_data_field_sirius_attachments	4	entity_id	int	int(10) unsigned	NO	~NULL~	PRI	
field_data_field_sirius_attachments	5	revision_id	int	int(10) unsigned	YES	NULL	MUL	
field_data_field_sirius_attachments	6	language	varchar	varchar(32)	NO	''	PRI	utf8mb3
field_data_field_sirius_attachments	7	delta	int	int(10) unsigned	NO	~NULL~	PRI	
field_data_field_sirius_attachments	8	field_sirius_attachments_fid	int	int(10) unsigned	YES	NULL	MUL	
field_data_field_sirius_attachments	9	field_sirius_attachments_display	tinyint	tinyint(3) unsigned	NO	1		
field_data_field_sirius_attachments	10	field_sirius_attachments_description	text	text	YES	NULL		utf8mb3
field_data_field_sirius_audio	1	entity_type	varchar	varchar(128)	NO	''	PRI	utf8mb3
field_data_field_sirius_audio	2	bundle	varchar	varchar(128)	NO	''	MUL	utf8mb3
field_data_field_sirius_audio	3	deleted	tinyint	tinyint(4)	NO	0	PRI	
field_data_field_sirius_audio	4	entity_id	int	int(10) unsigned	NO	~NULL~	PRI	
field_data_field_sirius_audio	5	revision_id	int	int(10) unsigned	YES	NULL	MUL	
field_data_field_sirius_audio	6	language	varchar	varchar(32)	NO	''	PRI	utf8mb3
field_data_field_sirius_audio	7	delta	int	int(10) unsigned	NO	~NULL~	PRI	
field_data_field_sirius_audio	8	field_sirius_audio_fid	int	int(10) unsigned	YES	NULL	MUL	
field_data_field_sirius_audio	9	field_sirius_audio_display	tinyint	tinyint(3) unsigned	NO	1		
field_data_field_sirius_audio	10	field_sirius_audio_description	text	text	YES	NULL		utf8mb3
field_data_field_sirius_audio_public	1	entity_type	varchar	varchar(128)	NO	''	PRI	utf8mb3
field_data_field_sirius_audio_public	2	bundle	varchar	varchar(128)	NO	''	MUL	utf8mb3
field_data_field_sirius_audio_public	3	deleted	tinyint	tinyint(4)	NO	0	PRI	
field_data_field_sirius_audio_public	4	entity_id	int	int(10) unsigned	NO	~NULL~	PRI	
field_data_field_sirius_audio_public	5	revision_id	int	int(10) unsigned	YES	NULL	MUL	
field_data_field_sirius_audio_public	6	language	varchar	varchar(32)	NO	''	PRI	utf8mb3
field_data_field_sirius_audio_public	7	delta	int	int(10) unsigned	NO	~NULL~	PRI	
field_data_field_sirius_audio_public	8	field_sirius_audio_public_fid	int	int(10) unsigned	YES	NULL	MUL	
field_data_field_sirius_audio_public	9	field_sirius_audio_public_display	tinyint	tinyint(3) unsigned	NO	1		
field_data_field_sirius_audio_public	10	field_sirius_audio_public_description	text	text	YES	NULL		utf8mb3
field_data_field_sirius_badge	1	entity_type	varchar	varchar(128)	NO	''	PRI	utf8mb3
field_data_field_sirius_badge	2	bundle	varchar	varchar(128)	NO	''	MUL	utf8mb3
field_data_field_sirius_badge	3	deleted	tinyint	tinyint(4)	NO	0	PRI	
field_data_field_sirius_badge	4	entity_id	int	int(10) unsigned	NO	~NULL~	PRI	
field_data_field_sirius_badge	5	revision_id	int	int(10) unsigned	YES	NULL	MUL	
field_data_field_sirius_badge	6	language	varchar	varchar(32)	NO	''	PRI	utf8mb3
field_data_field_sirius_badge	7	delta	int	int(10) unsigned	NO	~NULL~	PRI	
field_data_field_sirius_badge	8	field_sirius_badge_value	varchar	varchar(255)	YES	NULL	MUL	utf8mb3
field_data_field_sirius_batch_max	1	entity_type	varchar	varchar(128)	NO	''	PRI	utf8mb3
field_data_field_sirius_batch_max	2	bundle	varchar	varchar(128)	NO	''	MUL	utf8mb3
field_data_field_sirius_batch_max	3	deleted	tinyint	tinyint(4)	NO	0	PRI	
field_data_field_sirius_batch_max	4	entity_id	int	int(10) unsigned	NO	~NULL~	PRI	
field_data_field_sirius_batch_max	5	revision_id	int	int(10) unsigned	YES	NULL	MUL	
field_data_field_sirius_batch_max	6	language	varchar	varchar(32)	NO	''	PRI	utf8mb3
field_data_field_sirius_batch_max	7	delta	int	int(10) unsigned	NO	~NULL~	PRI	
field_data_field_sirius_batch_max	8	field_sirius_batch_max_value	int	int(11)	YES	NULL		
field_data_field_sirius_batch_min	1	entity_type	varchar	varchar(128)	NO	''	PRI	utf8mb3
field_data_field_sirius_batch_min	2	bundle	varchar	varchar(128)	NO	''	MUL	utf8mb3
field_data_field_sirius_batch_min	3	deleted	tinyint	tinyint(4)	NO	0	PRI	
field_data_field_sirius_batch_min	4	entity_id	int	int(10) unsigned	NO	~NULL~	PRI	
field_data_field_sirius_batch_min	5	revision_id	int	int(10) unsigned	YES	NULL	MUL	
field_data_field_sirius_batch_min	6	language	varchar	varchar(32)	NO	''	PRI	utf8mb3
field_data_field_sirius_batch_min	7	delta	int	int(10) unsigned	NO	~NULL~	PRI	
field_data_field_sirius_batch_min	8	field_sirius_batch_min_value	int	int(11)	YES	NULL		
field_data_field_sirius_batch_ratio	1	entity_type	varchar	varchar(128)	NO	''	PRI	utf8mb3
field_data_field_sirius_batch_ratio	2	bundle	varchar	varchar(128)	NO	''	MUL	utf8mb3
field_data_field_sirius_batch_ratio	3	deleted	tinyint	tinyint(4)	NO	0	PRI	
field_data_field_sirius_batch_ratio	4	entity_id	int	int(10) unsigned	NO	~NULL~	PRI	
field_data_field_sirius_batch_ratio	5	revision_id	int	int(10) unsigned	YES	NULL	MUL	
field_data_field_sirius_batch_ratio	6	language	varchar	varchar(32)	NO	''	PRI	utf8mb3
field_data_field_sirius_batch_ratio	7	delta	int	int(10) unsigned	NO	~NULL~	PRI	
field_data_field_sirius_batch_ratio	8	field_sirius_batch_ratio_value	decimal	decimal(10,2)	YES	NULL		
field_data_field_sirius_boolean	1	entity_type	varchar	varchar(128)	NO	''	PRI	utf8mb3
field_data_field_sirius_boolean	2	bundle	varchar	varchar(128)	NO	''	MUL	utf8mb3
field_data_field_sirius_boolean	3	deleted	tinyint	tinyint(4)	NO	0	PRI	
field_data_field_sirius_boolean	4	entity_id	int	int(10) unsigned	NO	~NULL~	PRI	
field_data_field_sirius_boolean	5	revision_id	int	int(10) unsigned	YES	NULL	MUL	
field_data_field_sirius_boolean	6	language	varchar	varchar(32)	NO	''	PRI	utf8mb3
field_data_field_sirius_boolean	7	delta	int	int(10) unsigned	NO	~NULL~	PRI	
field_data_field_sirius_boolean	8	field_sirius_boolean_value	varchar	varchar(255)	YES	NULL	MUL	utf8mb3
field_data_field_sirius_bu	1	entity_type	varchar	varchar(128)	NO	''	PRI	utf8mb3
field_data_field_sirius_bu	2	bundle	varchar	varchar(128)	NO	''	MUL	utf8mb3
field_data_field_sirius_bu	3	deleted	tinyint	tinyint(4)	NO	0	PRI	
field_data_field_sirius_bu	4	entity_id	int	int(10) unsigned	NO	~NULL~	PRI	
field_data_field_sirius_bu	5	revision_id	int	int(10) unsigned	YES	NULL	MUL	
field_data_field_sirius_bu	6	language	varchar	varchar(32)	NO	''	PRI	utf8mb3
field_data_field_sirius_bu	7	delta	int	int(10) unsigned	NO	~NULL~	PRI	
field_data_field_sirius_bu	8	field_sirius_bu_target_id	int	int(10) unsigned	NO	~NULL~	MUL	
field_data_field_sirius_bulk_medium	1	entity_type	varchar	varchar(128)	NO	''	PRI	utf8mb3
field_data_field_sirius_bulk_medium	2	bundle	varchar	varchar(128)	NO	''	MUL	utf8mb3
field_data_field_sirius_bulk_medium	3	deleted	tinyint	tinyint(4)	NO	0	PRI	
field_data_field_sirius_bulk_medium	4	entity_id	int	int(10) unsigned	NO	~NULL~	PRI	
field_data_field_sirius_bulk_medium	5	revision_id	int	int(10) unsigned	YES	NULL	MUL	
field_data_field_sirius_bulk_medium	6	language	varchar	varchar(32)	NO	''	PRI	utf8mb3
field_data_field_sirius_bulk_medium	7	delta	int	int(10) unsigned	NO	~NULL~	PRI	
field_data_field_sirius_bulk_medium	8	field_sirius_bulk_medium_value	varchar	varchar(255)	YES	NULL	MUL	utf8mb3
field_data_field_sirius_bulk_status	1	entity_type	varchar	varchar(128)	NO	''	PRI	utf8mb3
field_data_field_sirius_bulk_status	2	bundle	varchar	varchar(128)	NO	''	MUL	utf8mb3
field_data_field_sirius_bulk_status	3	deleted	tinyint	tinyint(4)	NO	0	PRI	
field_data_field_sirius_bulk_status	4	entity_id	int	int(10) unsigned	NO	~NULL~	PRI	
field_data_field_sirius_bulk_status	5	revision_id	int	int(10) unsigned	YES	NULL	MUL	
field_data_field_sirius_bulk_status	6	language	varchar	varchar(32)	NO	''	PRI	utf8mb3
field_data_field_sirius_bulk_status	7	delta	int	int(10) unsigned	NO	~NULL~	PRI	
field_data_field_sirius_bulk_status	8	field_sirius_bulk_status_value	varchar	varchar(255)	YES	NULL	MUL	utf8mb3
field_data_field_sirius_callerids	1	entity_type	varchar	varchar(128)	NO	''	PRI	utf8mb3
field_data_field_sirius_callerids	2	bundle	varchar	varchar(128)	NO	''	MUL	utf8mb3
field_data_field_sirius_callerids	3	deleted	tinyint	tinyint(4)	NO	0	PRI	
field_data_field_sirius_callerids	4	entity_id	int	int(10) unsigned	NO	~NULL~	PRI	
field_data_field_sirius_callerids	5	revision_id	int	int(10) unsigned	YES	NULL	MUL	
field_data_field_sirius_callerids	6	language	varchar	varchar(32)	NO	''	PRI	utf8mb3
field_data_field_sirius_callerids	7	delta	int	int(10) unsigned	NO	~NULL~	PRI	
field_data_field_sirius_callerids	8	field_sirius_callerids_target_id	int	int(10) unsigned	NO	~NULL~	MUL	
field_data_field_sirius_category	1	entity_type	varchar	varchar(128)	NO	''	PRI	utf8mb3
field_data_field_sirius_category	2	bundle	varchar	varchar(128)	NO	''	MUL	utf8mb3
field_data_field_sirius_category	3	deleted	tinyint	tinyint(4)	NO	0	PRI	
field_data_field_sirius_category	4	entity_id	int	int(10) unsigned	NO	~NULL~	PRI	
field_data_field_sirius_category	5	revision_id	int	int(10) unsigned	YES	NULL	MUL	
field_data_field_sirius_category	6	language	varchar	varchar(32)	NO	''	PRI	utf8mb3
field_data_field_sirius_category	7	delta	int	int(10) unsigned	NO	~NULL~	PRI	
field_data_field_sirius_category	8	field_sirius_category_value	varchar	varchar(255)	YES	NULL		utf8mb3
field_data_field_sirius_category	9	field_sirius_category_format	varchar	varchar(255)	YES	NULL	MUL	utf8mb3
field_data_field_sirius_check_number	1	entity_type	varchar	varchar(128)	NO	''	PRI	utf8mb3
field_data_field_sirius_check_number	2	bundle	varchar	varchar(128)	NO	''	MUL	utf8mb3
field_data_field_sirius_check_number	3	deleted	tinyint	tinyint(4)	NO	0	PRI	
field_data_field_sirius_check_number	4	entity_id	int	int(10) unsigned	NO	~NULL~	PRI	
field_data_field_sirius_check_number	5	revision_id	int	int(10) unsigned	YES	NULL	MUL	
field_data_field_sirius_check_number	6	language	varchar	varchar(32)	NO	''	PRI	utf8mb3
field_data_field_sirius_check_number	7	delta	int	int(10) unsigned	NO	~NULL~	PRI	
field_data_field_sirius_check_number	8	field_sirius_check_number_value	varchar	varchar(255)	YES	NULL		utf8mb3
field_data_field_sirius_check_number	9	field_sirius_check_number_format	varchar	varchar(255)	YES	NULL	MUL	utf8mb3
field_data_field_sirius_contact	1	entity_type	varchar	varchar(128)	NO	''	PRI	utf8mb3
field_data_field_sirius_contact	2	bundle	varchar	varchar(128)	NO	''	MUL	utf8mb3
field_data_field_sirius_contact	3	deleted	tinyint	tinyint(4)	NO	0	PRI	
field_data_field_sirius_contact	4	entity_id	int	int(10) unsigned	NO	~NULL~	PRI	
field_data_field_sirius_contact	5	revision_id	int	int(10) unsigned	YES	NULL	MUL	
field_data_field_sirius_contact	6	language	varchar	varchar(32)	NO	''	PRI	utf8mb3
field_data_field_sirius_contact	7	delta	int	int(10) unsigned	NO	~NULL~	PRI	
field_data_field_sirius_contact	8	field_sirius_contact_target_id	int	int(10) unsigned	NO	~NULL~	MUL	
field_data_field_sirius_contact_alt	1	entity_type	varchar	varchar(128)	NO	''	PRI	utf8mb3
field_data_field_sirius_contact_alt	2	bundle	varchar	varchar(128)	NO	''	MUL	utf8mb3
field_data_field_sirius_contact_alt	3	deleted	tinyint	tinyint(4)	NO	0	PRI	
field_data_field_sirius_contact_alt	4	entity_id	int	int(10) unsigned	NO	~NULL~	PRI	
field_data_field_sirius_contact_alt	5	revision_id	int	int(10) unsigned	YES	NULL	MUL	
field_data_field_sirius_contact_alt	6	language	varchar	varchar(32)	NO	''	PRI	utf8mb3
field_data_field_sirius_contact_alt	7	delta	int	int(10) unsigned	NO	~NULL~	PRI	
field_data_field_sirius_contact_alt	8	field_sirius_contact_alt_target_id	int	int(10) unsigned	NO	~NULL~	MUL	
field_data_field_sirius_contact_relation	1	entity_type	varchar	varchar(128)	NO	''	PRI	utf8mb3
field_data_field_sirius_contact_relation	2	bundle	varchar	varchar(128)	NO	''	MUL	utf8mb3
field_data_field_sirius_contact_relation	3	deleted	tinyint	tinyint(4)	NO	0	PRI	
field_data_field_sirius_contact_relation	4	entity_id	int	int(10) unsigned	NO	~NULL~	PRI	
field_data_field_sirius_contact_relation	5	revision_id	int	int(10) unsigned	YES	NULL	MUL	
field_data_field_sirius_contact_relation	6	language	varchar	varchar(32)	NO	''	PRI	utf8mb3
field_data_field_sirius_contact_relation	7	delta	int	int(10) unsigned	NO	~NULL~	PRI	
field_data_field_sirius_contact_relation	8	field_sirius_contact_relation_target_id	int	int(10) unsigned	NO	~NULL~	MUL	
field_data_field_sirius_contact_relations	1	entity_type	varchar	varchar(128)	NO	''	PRI	utf8mb3
field_data_field_sirius_contact_relations	2	bundle	varchar	varchar(128)	NO	''	MUL	utf8mb3
field_data_field_sirius_contact_relations	3	deleted	tinyint	tinyint(4)	NO	0	PRI	
field_data_field_sirius_contact_relations	4	entity_id	int	int(10) unsigned	NO	~NULL~	PRI	
field_data_field_sirius_contact_relations	5	revision_id	int	int(10) unsigned	YES	NULL	MUL	
field_data_field_sirius_contact_relations	6	language	varchar	varchar(32)	NO	''	PRI	utf8mb3
field_data_field_sirius_contact_relations	7	delta	int	int(10) unsigned	NO	~NULL~	PRI	
field_data_field_sirius_contact_relations	8	field_sirius_contact_relations_target_id	int	int(10) unsigned	NO	~NULL~	MUL	
field_data_field_sirius_contact_reltype	1	entity_type	varchar	varchar(128)	NO	''	PRI	utf8mb3
field_data_field_sirius_contact_reltype	2	bundle	varchar	varchar(128)	NO	''	MUL	utf8mb3
field_data_field_sirius_contact_reltype	3	deleted	tinyint	tinyint(4)	NO	0	PRI	
field_data_field_sirius_contact_reltype	4	entity_id	int	int(10) unsigned	NO	~NULL~	PRI	
field_data_field_sirius_contact_reltype	5	revision_id	int	int(10) unsigned	YES	NULL	MUL	
field_data_field_sirius_contact_reltype	6	language	varchar	varchar(32)	NO	''	PRI	utf8mb3
field_data_field_sirius_contact_reltype	7	delta	int	int(10) unsigned	NO	~NULL~	PRI	
field_data_field_sirius_contact_reltype	8	field_sirius_contact_reltype_tid	int	int(10) unsigned	YES	NULL	MUL	
field_data_field_sirius_contact_tags	1	entity_type	varchar	varchar(128)	NO	''	PRI	utf8mb3
field_data_field_sirius_contact_tags	2	bundle	varchar	varchar(128)	NO	''	MUL	utf8mb3
field_data_field_sirius_contact_tags	3	deleted	tinyint	tinyint(4)	NO	0	PRI	
field_data_field_sirius_contact_tags	4	entity_id	int	int(10) unsigned	NO	~NULL~	PRI	
field_data_field_sirius_contact_tags	5	revision_id	int	int(10) unsigned	YES	NULL	MUL	
field_data_field_sirius_contact_tags	6	language	varchar	varchar(32)	NO	''	PRI	utf8mb3
field_data_field_sirius_contact_tags	7	delta	int	int(10) unsigned	NO	~NULL~	PRI	
field_data_field_sirius_contact_tags	8	field_sirius_contact_tags_tid	int	int(10) unsigned	YES	NULL	MUL	
field_data_field_sirius_content_types	1	entity_type	varchar	varchar(128)	NO	''	PRI	utf8mb3
field_data_field_sirius_content_types	2	bundle	varchar	varchar(128)	NO	''	MUL	utf8mb3
field_data_field_sirius_content_types	3	deleted	tinyint	tinyint(4)	NO	0	PRI	
field_data_field_sirius_content_types	4	entity_id	int	int(10) unsigned	NO	~NULL~	PRI	
field_data_field_sirius_content_types	5	revision_id	int	int(10) unsigned	YES	NULL	MUL	
field_data_field_sirius_content_types	6	language	varchar	varchar(32)	NO	''	PRI	utf8mb3
field_data_field_sirius_content_types	7	delta	int	int(10) unsigned	NO	~NULL~	PRI	
field_data_field_sirius_content_types	8	field_sirius_content_types_value	varchar	varchar(255)	YES	NULL	MUL	utf8mb3
field_data_field_sirius_count	1	entity_type	varchar	varchar(128)	NO	''	PRI	utf8mb3
field_data_field_sirius_count	2	bundle	varchar	varchar(128)	NO	''	MUL	utf8mb3
field_data_field_sirius_count	3	deleted	tinyint	tinyint(4)	NO	0	PRI	
field_data_field_sirius_count	4	entity_id	int	int(10) unsigned	NO	~NULL~	PRI	
field_data_field_sirius_count	5	revision_id	int	int(10) unsigned	YES	NULL	MUL	
field_data_field_sirius_count	6	language	varchar	varchar(32)	NO	''	PRI	utf8mb3
field_data_field_sirius_count	7	delta	int	int(10) unsigned	NO	~NULL~	PRI	
field_data_field_sirius_count	8	field_sirius_count_value	int	int(11)	YES	NULL		
field_data_field_sirius_count_no	1	entity_type	varchar	varchar(128)	NO	''	PRI	utf8mb3
field_data_field_sirius_count_no	2	bundle	varchar	varchar(128)	NO	''	MUL	utf8mb3
field_data_field_sirius_count_no	3	deleted	tinyint	tinyint(4)	NO	0	PRI	
field_data_field_sirius_count_no	4	entity_id	int	int(10) unsigned	NO	~NULL~	PRI	
field_data_field_sirius_count_no	5	revision_id	int	int(10) unsigned	YES	NULL	MUL	
field_data_field_sirius_count_no	6	language	varchar	varchar(32)	NO	''	PRI	utf8mb3
field_data_field_sirius_count_no	7	delta	int	int(10) unsigned	NO	~NULL~	PRI	
field_data_field_sirius_count_no	8	field_sirius_count_no_value	int	int(11)	YES	NULL		
field_data_field_sirius_count_notified	1	entity_type	varchar	varchar(128)	NO	''	PRI	utf8mb3
field_data_field_sirius_count_notified	2	bundle	varchar	varchar(128)	NO	''	MUL	utf8mb3
field_data_field_sirius_count_notified	3	deleted	tinyint	tinyint(4)	NO	0	PRI	
field_data_field_sirius_count_notified	4	entity_id	int	int(10) unsigned	NO	~NULL~	PRI	
field_data_field_sirius_count_notified	5	revision_id	int	int(10) unsigned	YES	NULL	MUL	
field_data_field_sirius_count_notified	6	language	varchar	varchar(32)	NO	''	PRI	utf8mb3
field_data_field_sirius_count_notified	7	delta	int	int(10) unsigned	NO	~NULL~	PRI	
field_data_field_sirius_count_notified	8	field_sirius_count_notified_value	int	int(11)	YES	NULL		
field_data_field_sirius_count_yes	1	entity_type	varchar	varchar(128)	NO	''	PRI	utf8mb3
field_data_field_sirius_count_yes	2	bundle	varchar	varchar(128)	NO	''	MUL	utf8mb3
field_data_field_sirius_count_yes	3	deleted	tinyint	tinyint(4)	NO	0	PRI	
field_data_field_sirius_count_yes	4	entity_id	int	int(10) unsigned	NO	~NULL~	PRI	
field_data_field_sirius_count_yes	5	revision_id	int	int(10) unsigned	YES	NULL	MUL	
field_data_field_sirius_count_yes	6	language	varchar	varchar(32)	NO	''	PRI	utf8mb3
field_data_field_sirius_count_yes	7	delta	int	int(10) unsigned	NO	~NULL~	PRI	
field_data_field_sirius_count_yes	8	field_sirius_count_yes_value	int	int(11)	YES	NULL		
field_data_field_sirius_css_class	1	entity_type	varchar	varchar(128)	NO	''	PRI	utf8mb3
field_data_field_sirius_css_class	2	bundle	varchar	varchar(128)	NO	''	MUL	utf8mb3
field_data_field_sirius_css_class	3	deleted	tinyint	tinyint(4)	NO	0	PRI	
field_data_field_sirius_css_class	4	entity_id	int	int(10) unsigned	NO	~NULL~	PRI	
field_data_field_sirius_css_class	5	revision_id	int	int(10) unsigned	YES	NULL	MUL	
field_data_field_sirius_css_class	6	language	varchar	varchar(32)	NO	''	PRI	utf8mb3
field_data_field_sirius_css_class	7	delta	int	int(10) unsigned	NO	~NULL~	PRI	
field_data_field_sirius_css_class	8	field_sirius_css_class_value	varchar	varchar(255)	YES	NULL		utf8mb3
field_data_field_sirius_css_class	9	field_sirius_css_class_format	varchar	varchar(255)	YES	NULL	MUL	utf8mb3
field_data_field_sirius_currency	1	entity_type	varchar	varchar(128)	NO	''	PRI	utf8mb3
field_data_field_sirius_currency	2	bundle	varchar	varchar(128)	NO	''	MUL	utf8mb3
field_data_field_sirius_currency	3	deleted	tinyint	tinyint(4)	NO	0	PRI	
field_data_field_sirius_currency	4	entity_id	int	int(10) unsigned	NO	~NULL~	PRI	
field_data_field_sirius_currency	5	revision_id	int	int(10) unsigned	YES	NULL	MUL	
field_data_field_sirius_currency	6	language	varchar	varchar(32)	NO	''	PRI	utf8mb3
field_data_field_sirius_currency	7	delta	int	int(10) unsigned	NO	~NULL~	PRI	
field_data_field_sirius_currency	8	field_sirius_currency_value	varchar	varchar(255)	YES	NULL	MUL	utf8mb3
field_data_field_sirius_daterepeat	1	entity_type	varchar	varchar(128)	NO	''	PRI	utf8mb3
field_data_field_sirius_daterepeat	2	bundle	varchar	varchar(128)	NO	''	MUL	utf8mb3
field_data_field_sirius_daterepeat	3	deleted	tinyint	tinyint(4)	NO	0	PRI	
field_data_field_sirius_daterepeat	4	entity_id	int	int(10) unsigned	NO	~NULL~	PRI	
field_data_field_sirius_daterepeat	5	revision_id	int	int(10) unsigned	YES	NULL	MUL	
field_data_field_sirius_daterepeat	6	language	varchar	varchar(32)	NO	''	PRI	utf8mb3
field_data_field_sirius_daterepeat	7	delta	int	int(10) unsigned	NO	~NULL~	PRI	
field_data_field_sirius_daterepeat	8	field_sirius_daterepeat_value	datetime	datetime	YES	NULL	MUL	
field_data_field_sirius_daterepeat	9	field_sirius_daterepeat_value2	datetime	datetime	YES	NULL	MUL	
field_data_field_sirius_daterepeat	10	field_sirius_daterepeat_rrule	text	text	YES	NULL		utf8mb3
field_data_field_sirius_datetime	1	entity_type	varchar	varchar(128)	NO	''	PRI	utf8mb3
field_data_field_sirius_datetime	2	bundle	varchar	varchar(128)	NO	''	MUL	utf8mb3
field_data_field_sirius_datetime	3	deleted	tinyint	tinyint(4)	NO	0	PRI	
field_data_field_sirius_datetime	4	entity_id	int	int(10) unsigned	NO	~NULL~	PRI	
field_data_field_sirius_datetime	5	revision_id	int	int(10) unsigned	YES	NULL	MUL	
field_data_field_sirius_datetime	6	language	varchar	varchar(32)	NO	''	PRI	utf8mb3
field_data_field_sirius_datetime	7	delta	int	int(10) unsigned	NO	~NULL~	PRI	
field_data_field_sirius_datetime	8	field_sirius_datetime_value	datetime	datetime	YES	NULL	MUL	
field_data_field_sirius_datetime_completed	1	entity_type	varchar	varchar(128)	NO	''	PRI	utf8mb3
field_data_field_sirius_datetime_completed	2	bundle	varchar	varchar(128)	NO	''	MUL	utf8mb3
field_data_field_sirius_datetime_completed	3	deleted	tinyint	tinyint(4)	NO	0	PRI	
field_data_field_sirius_datetime_completed	4	entity_id	int	int(10) unsigned	NO	~NULL~	PRI	
field_data_field_sirius_datetime_completed	5	revision_id	int	int(10) unsigned	YES	NULL	MUL	
field_data_field_sirius_datetime_completed	6	language	varchar	varchar(32)	NO	''	PRI	utf8mb3
field_data_field_sirius_datetime_completed	7	delta	int	int(10) unsigned	NO	~NULL~	PRI	
field_data_field_sirius_datetime_completed	8	field_sirius_datetime_completed_value	datetime	datetime	YES	NULL	MUL	
field_data_field_sirius_datetime_created	1	entity_type	varchar	varchar(128)	NO	''	PRI	utf8mb3
field_data_field_sirius_datetime_created	2	bundle	varchar	varchar(128)	NO	''	MUL	utf8mb3
field_data_field_sirius_datetime_created	3	deleted	tinyint	tinyint(4)	NO	0	PRI	
field_data_field_sirius_datetime_created	4	entity_id	int	int(10) unsigned	NO	~NULL~	PRI	
field_data_field_sirius_datetime_created	5	revision_id	int	int(10) unsigned	YES	NULL	MUL	
field_data_field_sirius_datetime_created	6	language	varchar	varchar(32)	NO	''	PRI	utf8mb3
field_data_field_sirius_datetime_created	7	delta	int	int(10) unsigned	NO	~NULL~	PRI	
field_data_field_sirius_datetime_created	8	field_sirius_datetime_created_value	datetime	datetime	YES	NULL	MUL	
field_data_field_sirius_date_end	1	entity_type	varchar	varchar(128)	NO	''	PRI	utf8mb3
field_data_field_sirius_date_end	2	bundle	varchar	varchar(128)	NO	''	MUL	utf8mb3
field_data_field_sirius_date_end	3	deleted	tinyint	tinyint(4)	NO	0	PRI	
field_data_field_sirius_date_end	4	entity_id	int	int(10) unsigned	NO	~NULL~	PRI	
field_data_field_sirius_date_end	5	revision_id	int	int(10) unsigned	YES	NULL	MUL	
field_data_field_sirius_date_end	6	language	varchar	varchar(32)	NO	''	PRI	utf8mb3
field_data_field_sirius_date_end	7	delta	int	int(10) unsigned	NO	~NULL~	PRI	
field_data_field_sirius_date_end	8	field_sirius_date_end_value	datetime	datetime	YES	NULL	MUL	
field_data_field_sirius_date_start	1	entity_type	varchar	varchar(128)	NO	''	PRI	utf8mb3
field_data_field_sirius_date_start	2	bundle	varchar	varchar(128)	NO	''	MUL	utf8mb3
field_data_field_sirius_date_start	3	deleted	tinyint	tinyint(4)	NO	0	PRI	
field_data_field_sirius_date_start	4	entity_id	int	int(10) unsigned	NO	~NULL~	PRI	
field_data_field_sirius_date_start	5	revision_id	int	int(10) unsigned	YES	NULL	MUL	
field_data_field_sirius_date_start	6	language	varchar	varchar(32)	NO	''	PRI	utf8mb3
field_data_field_sirius_date_start	7	delta	int	int(10) unsigned	NO	~NULL~	PRI	
field_data_field_sirius_date_start	8	field_sirius_date_start_value	datetime	datetime	YES	NULL	MUL	
field_data_field_sirius_denorm_benefits	1	entity_type	varchar	varchar(128)	NO	''	PRI	utf8mb3
field_data_field_sirius_denorm_benefits	2	bundle	varchar	varchar(128)	NO	''	MUL	utf8mb3
field_data_field_sirius_denorm_benefits	3	deleted	tinyint	tinyint(4)	NO	0	PRI	
field_data_field_sirius_denorm_benefits	4	entity_id	int	int(10) unsigned	NO	~NULL~	PRI	
field_data_field_sirius_denorm_benefits	5	revision_id	int	int(10) unsigned	YES	NULL	MUL	
field_data_field_sirius_denorm_benefits	6	language	varchar	varchar(32)	NO	''	PRI	utf8mb3
field_data_field_sirius_denorm_benefits	7	delta	int	int(10) unsigned	NO	~NULL~	PRI	
field_data_field_sirius_denorm_benefits	8	field_sirius_denorm_benefits_target_id	int	int(10) unsigned	NO	~NULL~	MUL	
field_data_field_sirius_denorm_level	1	entity_type	varchar	varchar(128)	NO	''	PRI	utf8mb3
field_data_field_sirius_denorm_level	2	bundle	varchar	varchar(128)	NO	''	MUL	utf8mb3
field_data_field_sirius_denorm_level	3	deleted	tinyint	tinyint(4)	NO	0	PRI	
field_data_field_sirius_denorm_level	4	entity_id	int	int(10) unsigned	NO	~NULL~	PRI	
field_data_field_sirius_denorm_level	5	revision_id	int	int(10) unsigned	YES	NULL	MUL	
field_data_field_sirius_denorm_level	6	language	varchar	varchar(32)	NO	''	PRI	utf8mb3
field_data_field_sirius_denorm_level	7	delta	int	int(10) unsigned	NO	~NULL~	PRI	
field_data_field_sirius_denorm_level	8	field_sirius_denorm_level_value	varchar	varchar(255)	YES	NULL		utf8mb3
field_data_field_sirius_denorm_level	9	field_sirius_denorm_level_format	varchar	varchar(255)	YES	NULL	MUL	utf8mb3
field_data_field_sirius_dispatch_3sen	1	entity_type	varchar	varchar(128)	NO	''	PRI	utf8mb3
field_data_field_sirius_dispatch_3sen	2	bundle	varchar	varchar(128)	NO	''	MUL	utf8mb3
field_data_field_sirius_dispatch_3sen	3	deleted	tinyint	tinyint(4)	NO	0	PRI	
field_data_field_sirius_dispatch_3sen	4	entity_id	int	int(10) unsigned	NO	~NULL~	PRI	
field_data_field_sirius_dispatch_3sen	5	revision_id	int	int(10) unsigned	YES	NULL	MUL	
field_data_field_sirius_dispatch_3sen	6	language	varchar	varchar(32)	NO	''	PRI	utf8mb3
field_data_field_sirius_dispatch_3sen	7	delta	int	int(10) unsigned	NO	~NULL~	PRI	
field_data_field_sirius_dispatch_3sen	8	field_sirius_dispatch_3sen_value	varchar	varchar(255)	YES	NULL	MUL	utf8mb3
field_data_field_sirius_dispatch_asi	1	entity_type	varchar	varchar(128)	NO	''	PRI	utf8mb3
field_data_field_sirius_dispatch_asi	2	bundle	varchar	varchar(128)	NO	''	MUL	utf8mb3
field_data_field_sirius_dispatch_asi	3	deleted	tinyint	tinyint(4)	NO	0	PRI	
field_data_field_sirius_dispatch_asi	4	entity_id	int	int(10) unsigned	NO	~NULL~	PRI	
field_data_field_sirius_dispatch_asi	5	revision_id	int	int(10) unsigned	YES	NULL	MUL	
field_data_field_sirius_dispatch_asi	6	language	varchar	varchar(32)	NO	''	PRI	utf8mb3
field_data_field_sirius_dispatch_asi	7	delta	int	int(10) unsigned	NO	~NULL~	PRI	
field_data_field_sirius_dispatch_asi	8	field_sirius_dispatch_asi_value	varchar	varchar(255)	YES	NULL	MUL	utf8mb3
field_data_field_sirius_dispatch_available	1	entity_type	varchar	varchar(128)	NO	''	PRI	utf8mb3
field_data_field_sirius_dispatch_available	2	bundle	varchar	varchar(128)	NO	''	MUL	utf8mb3
field_data_field_sirius_dispatch_available	3	deleted	tinyint	tinyint(4)	NO	0	PRI	
field_data_field_sirius_dispatch_available	4	entity_id	int	int(10) unsigned	NO	~NULL~	PRI	
field_data_field_sirius_dispatch_available	5	revision_id	int	int(10) unsigned	YES	NULL	MUL	
field_data_field_sirius_dispatch_available	6	language	varchar	varchar(32)	NO	''	PRI	utf8mb3
field_data_field_sirius_dispatch_available	7	delta	int	int(10) unsigned	NO	~NULL~	PRI	
field_data_field_sirius_dispatch_available	8	field_sirius_dispatch_available_value	varchar	varchar(255)	YES	NULL	MUL	utf8mb3
field_data_field_sirius_dispatch_availdate	1	entity_type	varchar	varchar(128)	NO	''	PRI	utf8mb3
field_data_field_sirius_dispatch_availdate	2	bundle	varchar	varchar(128)	NO	''	MUL	utf8mb3
field_data_field_sirius_dispatch_availdate	3	deleted	tinyint	tinyint(4)	NO	0	PRI	
field_data_field_sirius_dispatch_availdate	4	entity_id	int	int(10) unsigned	NO	~NULL~	PRI	
field_data_field_sirius_dispatch_availdate	5	revision_id	int	int(10) unsigned	YES	NULL	MUL	
field_data_field_sirius_dispatch_availdate	6	language	varchar	varchar(32)	NO	''	PRI	utf8mb3
field_data_field_sirius_dispatch_availdate	7	delta	int	int(10) unsigned	NO	~NULL~	PRI	
field_data_field_sirius_dispatch_availdate	8	field_sirius_dispatch_availdate_value	datetime	datetime	YES	NULL	MUL	
field_data_field_sirius_dispatch_cbn	1	entity_type	varchar	varchar(128)	NO	''	PRI	utf8mb3
field_data_field_sirius_dispatch_cbn	2	bundle	varchar	varchar(128)	NO	''	MUL	utf8mb3
field_data_field_sirius_dispatch_cbn	3	deleted	tinyint	tinyint(4)	NO	0	PRI	
field_data_field_sirius_dispatch_cbn	4	entity_id	int	int(10) unsigned	NO	~NULL~	PRI	
field_data_field_sirius_dispatch_cbn	5	revision_id	int	int(10) unsigned	YES	NULL	MUL	
field_data_field_sirius_dispatch_cbn	6	language	varchar	varchar(32)	NO	''	PRI	utf8mb3
field_data_field_sirius_dispatch_cbn	7	delta	int	int(10) unsigned	NO	~NULL~	PRI	
field_data_field_sirius_dispatch_cbn	8	field_sirius_dispatch_cbn_value	varchar	varchar(255)	YES	NULL	MUL	utf8mb3
field_data_field_sirius_dispatch_days	1	entity_type	varchar	varchar(128)	NO	''	PRI	utf8mb3
field_data_field_sirius_dispatch_days	2	bundle	varchar	varchar(128)	NO	''	MUL	utf8mb3
field_data_field_sirius_dispatch_days	3	deleted	tinyint	tinyint(4)	NO	0	PRI	
field_data_field_sirius_dispatch_days	4	entity_id	int	int(10) unsigned	NO	~NULL~	PRI	
field_data_field_sirius_dispatch_days	5	revision_id	int	int(10) unsigned	YES	NULL	MUL	
field_data_field_sirius_dispatch_days	6	language	varchar	varchar(32)	NO	''	PRI	utf8mb3
field_data_field_sirius_dispatch_days	7	delta	int	int(10) unsigned	NO	~NULL~	PRI	
field_data_field_sirius_dispatch_days	8	field_sirius_dispatch_days_value	int	int(11)	YES	NULL		
field_data_field_sirius_dispatch_dncs	1	entity_type	varchar	varchar(128)	NO	''	PRI	utf8mb3
field_data_field_sirius_dispatch_dncs	2	bundle	varchar	varchar(128)	NO	''	MUL	utf8mb3
field_data_field_sirius_dispatch_dncs	3	deleted	tinyint	tinyint(4)	NO	0	PRI	
field_data_field_sirius_dispatch_dncs	4	entity_id	int	int(10) unsigned	NO	~NULL~	PRI	
field_data_field_sirius_dispatch_dncs	5	revision_id	int	int(10) unsigned	YES	NULL	MUL	
field_data_field_sirius_dispatch_dncs	6	language	varchar	varchar(32)	NO	''	PRI	utf8mb3
field_data_field_sirius_dispatch_dncs	7	delta	int	int(10) unsigned	NO	~NULL~	PRI	
field_data_field_sirius_dispatch_dncs	8	field_sirius_dispatch_dncs_target_id	int	int(10) unsigned	NO	~NULL~	MUL	
field_data_field_sirius_dispatch_dncs2	1	entity_type	varchar	varchar(128)	NO	''	PRI	utf8mb3
field_data_field_sirius_dispatch_dncs2	2	bundle	varchar	varchar(128)	NO	''	MUL	utf8mb3
field_data_field_sirius_dispatch_dncs2	3	deleted	tinyint	tinyint(4)	NO	0	PRI	
field_data_field_sirius_dispatch_dncs2	4	entity_id	int	int(10) unsigned	NO	~NULL~	PRI	
field_data_field_sirius_dispatch_dncs2	5	revision_id	int	int(10) unsigned	YES	NULL	MUL	
field_data_field_sirius_dispatch_dncs2	6	language	varchar	varchar(32)	NO	''	PRI	utf8mb3
field_data_field_sirius_dispatch_dncs2	7	delta	int	int(10) unsigned	NO	~NULL~	PRI	
field_data_field_sirius_dispatch_dncs2	8	field_sirius_dispatch_dncs2_target_id	int	int(10) unsigned	NO	~NULL~	MUL	
field_data_field_sirius_dispatch_eba	1	entity_type	varchar	varchar(128)	NO	''	PRI	utf8mb3
field_data_field_sirius_dispatch_eba	2	bundle	varchar	varchar(128)	NO	''	MUL	utf8mb3
field_data_field_sirius_dispatch_eba	3	deleted	tinyint	tinyint(4)	NO	0	PRI	
field_data_field_sirius_dispatch_eba	4	entity_id	int	int(10) unsigned	NO	~NULL~	PRI	
field_data_field_sirius_dispatch_eba	5	revision_id	int	int(10) unsigned	YES	NULL	MUL	
field_data_field_sirius_dispatch_eba	6	language	varchar	varchar(32)	NO	''	PRI	utf8mb3
field_data_field_sirius_dispatch_eba	7	delta	int	int(10) unsigned	NO	~NULL~	PRI	
field_data_field_sirius_dispatch_eba	8	field_sirius_dispatch_eba_value	varchar	varchar(255)	YES	NULL	MUL	utf8mb3
field_data_field_sirius_dispatch_eba_dates	1	entity_type	varchar	varchar(128)	NO	''	PRI	utf8mb3
field_data_field_sirius_dispatch_eba_dates	2	bundle	varchar	varchar(128)	NO	''	MUL	utf8mb3
field_data_field_sirius_dispatch_eba_dates	3	deleted	tinyint	tinyint(4)	NO	0	PRI	
field_data_field_sirius_dispatch_eba_dates	4	entity_id	int	int(10) unsigned	NO	~NULL~	PRI	
field_data_field_sirius_dispatch_eba_dates	5	revision_id	int	int(10) unsigned	YES	NULL	MUL	
field_data_field_sirius_dispatch_eba_dates	6	language	varchar	varchar(32)	NO	''	PRI	utf8mb3
field_data_field_sirius_dispatch_eba_dates	7	delta	int	int(10) unsigned	NO	~NULL~	PRI	
field_data_field_sirius_dispatch_eba_dates	8	field_sirius_dispatch_eba_dates_value	datetime	datetime	YES	NULL	MUL	
field_data_field_sirius_dispatch_facility	1	entity_type	varchar	varchar(128)	NO	''	PRI	utf8mb3
field_data_field_sirius_dispatch_facility	2	bundle	varchar	varchar(128)	NO	''	MUL	utf8mb3
field_data_field_sirius_dispatch_facility	3	deleted	tinyint	tinyint(4)	NO	0	PRI	
field_data_field_sirius_dispatch_facility	4	entity_id	int	int(10) unsigned	NO	~NULL~	PRI	
field_data_field_sirius_dispatch_facility	5	revision_id	int	int(10) unsigned	YES	NULL	MUL	
field_data_field_sirius_dispatch_facility	6	language	varchar	varchar(32)	NO	''	PRI	utf8mb3
field_data_field_sirius_dispatch_facility	7	delta	int	int(10) unsigned	NO	~NULL~	PRI	
field_data_field_sirius_dispatch_facility	8	field_sirius_dispatch_facility_target_id	int	int(10) unsigned	NO	~NULL~	MUL	
field_data_field_sirius_dispatch_hall	1	entity_type	varchar	varchar(128)	NO	''	PRI	utf8mb3
field_data_field_sirius_dispatch_hall	2	bundle	varchar	varchar(128)	NO	''	MUL	utf8mb3
field_data_field_sirius_dispatch_hall	3	deleted	tinyint	tinyint(4)	NO	0	PRI	
field_data_field_sirius_dispatch_hall	4	entity_id	int	int(10) unsigned	NO	~NULL~	PRI	
field_data_field_sirius_dispatch_hall	5	revision_id	int	int(10) unsigned	YES	NULL	MUL	
field_data_field_sirius_dispatch_hall	6	language	varchar	varchar(32)	NO	''	PRI	utf8mb3
field_data_field_sirius_dispatch_hall	7	delta	int	int(10) unsigned	NO	~NULL~	PRI	
field_data_field_sirius_dispatch_hall	8	field_sirius_dispatch_hall_target_id	int	int(10) unsigned	NO	~NULL~	MUL	
field_data_field_sirius_dispatch_hfe	1	entity_type	varchar	varchar(128)	NO	''	PRI	utf8mb3
field_data_field_sirius_dispatch_hfe	2	bundle	varchar	varchar(128)	NO	''	MUL	utf8mb3
field_data_field_sirius_dispatch_hfe	3	deleted	tinyint	tinyint(4)	NO	0	PRI	
field_data_field_sirius_dispatch_hfe	4	entity_id	int	int(10) unsigned	NO	~NULL~	PRI	
field_data_field_sirius_dispatch_hfe	5	revision_id	int	int(10) unsigned	YES	NULL	MUL	
field_data_field_sirius_dispatch_hfe	6	language	varchar	varchar(32)	NO	''	PRI	utf8mb3
field_data_field_sirius_dispatch_hfe	7	delta	int	int(10) unsigned	NO	~NULL~	PRI	
field_data_field_sirius_dispatch_hfe	8	field_sirius_dispatch_hfe_target_id	int	int(10) unsigned	NO	~NULL~	MUL	
field_data_field_sirius_dispatch_hfe_until	1	entity_type	varchar	varchar(128)	NO	''	PRI	utf8mb3
field_data_field_sirius_dispatch_hfe_until	2	bundle	varchar	varchar(128)	NO	''	MUL	utf8mb3
field_data_field_sirius_dispatch_hfe_until	3	deleted	tinyint	tinyint(4)	NO	0	PRI	
field_data_field_sirius_dispatch_hfe_until	4	entity_id	int	int(10) unsigned	NO	~NULL~	PRI	
field_data_field_sirius_dispatch_hfe_until	5	revision_id	int	int(10) unsigned	YES	NULL	MUL	
field_data_field_sirius_dispatch_hfe_until	6	language	varchar	varchar(32)	NO	''	PRI	utf8mb3
field_data_field_sirius_dispatch_hfe_until	7	delta	int	int(10) unsigned	NO	~NULL~	PRI	
field_data_field_sirius_dispatch_hfe_until	8	field_sirius_dispatch_hfe_until_value	datetime	datetime	YES	NULL	MUL	
field_data_field_sirius_dispatch_job	1	entity_type	varchar	varchar(128)	NO	''	PRI	utf8mb3
field_data_field_sirius_dispatch_job	2	bundle	varchar	varchar(128)	NO	''	MUL	utf8mb3
field_data_field_sirius_dispatch_job	3	deleted	tinyint	tinyint(4)	NO	0	PRI	
field_data_field_sirius_dispatch_job	4	entity_id	int	int(10) unsigned	NO	~NULL~	PRI	
field_data_field_sirius_dispatch_job	5	revision_id	int	int(10) unsigned	YES	NULL	MUL	
field_data_field_sirius_dispatch_job	6	language	varchar	varchar(32)	NO	''	PRI	utf8mb3
field_data_field_sirius_dispatch_job	7	delta	int	int(10) unsigned	NO	~NULL~	PRI	
field_data_field_sirius_dispatch_job	8	field_sirius_dispatch_job_target_id	int	int(10) unsigned	NO	~NULL~	MUL	
field_data_field_sirius_dispatch_job_group	1	entity_type	varchar	varchar(128)	NO	''	PRI	utf8mb3
field_data_field_sirius_dispatch_job_group	2	bundle	varchar	varchar(128)	NO	''	MUL	utf8mb3
field_data_field_sirius_dispatch_job_group	3	deleted	tinyint	tinyint(4)	NO	0	PRI	
field_data_field_sirius_dispatch_job_group	4	entity_id	int	int(10) unsigned	NO	~NULL~	PRI	
field_data_field_sirius_dispatch_job_group	5	revision_id	int	int(10) unsigned	YES	NULL	MUL	
field_data_field_sirius_dispatch_job_group	6	language	varchar	varchar(32)	NO	''	PRI	utf8mb3
field_data_field_sirius_dispatch_job_group	7	delta	int	int(10) unsigned	NO	~NULL~	PRI	
field_data_field_sirius_dispatch_job_group	8	field_sirius_dispatch_job_group_target_id	int	int(10) unsigned	NO	~NULL~	MUL	
field_data_field_sirius_dispatch_job_nfcns	1	entity_type	varchar	varchar(128)	NO	''	PRI	utf8mb3
field_data_field_sirius_dispatch_job_nfcns	2	bundle	varchar	varchar(128)	NO	''	MUL	utf8mb3
field_data_field_sirius_dispatch_job_nfcns	3	deleted	tinyint	tinyint(4)	NO	0	PRI	
field_data_field_sirius_dispatch_job_nfcns	4	entity_id	int	int(10) unsigned	NO	~NULL~	PRI	
field_data_field_sirius_dispatch_job_nfcns	5	revision_id	int	int(10) unsigned	YES	NULL	MUL	
field_data_field_sirius_dispatch_job_nfcns	6	language	varchar	varchar(32)	NO	''	PRI	utf8mb3
field_data_field_sirius_dispatch_job_nfcns	7	delta	int	int(10) unsigned	NO	~NULL~	PRI	
field_data_field_sirius_dispatch_job_nfcns	8	field_sirius_dispatch_job_nfcns_value	varchar	varchar(255)	YES	NULL	MUL	utf8mb3
field_data_field_sirius_dispatch_job_status	1	entity_type	varchar	varchar(128)	NO	''	PRI	utf8mb3
field_data_field_sirius_dispatch_job_status	2	bundle	varchar	varchar(128)	NO	''	MUL	utf8mb3
field_data_field_sirius_dispatch_job_status	3	deleted	tinyint	tinyint(4)	NO	0	PRI	
field_data_field_sirius_dispatch_job_status	4	entity_id	int	int(10) unsigned	NO	~NULL~	PRI	
field_data_field_sirius_dispatch_job_status	5	revision_id	int	int(10) unsigned	YES	NULL	MUL	
field_data_field_sirius_dispatch_job_status	6	language	varchar	varchar(32)	NO	''	PRI	utf8mb3
field_data_field_sirius_dispatch_job_status	7	delta	int	int(10) unsigned	NO	~NULL~	PRI	
field_data_field_sirius_dispatch_job_status	8	field_sirius_dispatch_job_status_value	varchar	varchar(255)	YES	NULL	MUL	utf8mb3
field_data_field_sirius_dispatch_job_tags	1	entity_type	varchar	varchar(128)	NO	''	PRI	utf8mb3
field_data_field_sirius_dispatch_job_tags	2	bundle	varchar	varchar(128)	NO	''	MUL	utf8mb3
field_data_field_sirius_dispatch_job_tags	3	deleted	tinyint	tinyint(4)	NO	0	PRI	
field_data_field_sirius_dispatch_job_tags	4	entity_id	int	int(10) unsigned	NO	~NULL~	PRI	
field_data_field_sirius_dispatch_job_tags	5	revision_id	int	int(10) unsigned	YES	NULL	MUL	
field_data_field_sirius_dispatch_job_tags	6	language	varchar	varchar(32)	NO	''	PRI	utf8mb3
field_data_field_sirius_dispatch_job_tags	7	delta	int	int(10) unsigned	NO	~NULL~	PRI	
field_data_field_sirius_dispatch_job_tags	8	field_sirius_dispatch_job_tags_tid	int	int(10) unsigned	YES	NULL	MUL	
field_data_field_sirius_dispatch_job_type	1	entity_type	varchar	varchar(128)	NO	''	PRI	utf8mb3
field_data_field_sirius_dispatch_job_type	2	bundle	varchar	varchar(128)	NO	''	MUL	utf8mb3
field_data_field_sirius_dispatch_job_type	3	deleted	tinyint	tinyint(4)	NO	0	PRI	
field_data_field_sirius_dispatch_job_type	4	entity_id	int	int(10) unsigned	NO	~NULL~	PRI	
field_data_field_sirius_dispatch_job_type	5	revision_id	int	int(10) unsigned	YES	NULL	MUL	
field_data_field_sirius_dispatch_job_type	6	language	varchar	varchar(32)	NO	''	PRI	utf8mb3
field_data_field_sirius_dispatch_job_type	7	delta	int	int(10) unsigned	NO	~NULL~	PRI	
field_data_field_sirius_dispatch_job_type	8	field_sirius_dispatch_job_type_tid	int	int(10) unsigned	YES	NULL	MUL	
field_data_field_sirius_dispatch_job_types	1	entity_type	varchar	varchar(128)	NO	''	PRI	utf8mb3
field_data_field_sirius_dispatch_job_types	2	bundle	varchar	varchar(128)	NO	''	MUL	utf8mb3
field_data_field_sirius_dispatch_job_types	3	deleted	tinyint	tinyint(4)	NO	0	PRI	
field_data_field_sirius_dispatch_job_types	4	entity_id	int	int(10) unsigned	NO	~NULL~	PRI	
field_data_field_sirius_dispatch_job_types	5	revision_id	int	int(10) unsigned	YES	NULL	MUL	
field_data_field_sirius_dispatch_job_types	6	language	varchar	varchar(32)	NO	''	PRI	utf8mb3
field_data_field_sirius_dispatch_job_types	7	delta	int	int(10) unsigned	NO	~NULL~	PRI	
field_data_field_sirius_dispatch_job_types	8	field_sirius_dispatch_job_types_tid	int	int(10) unsigned	YES	NULL	MUL	
field_data_field_sirius_dispatch_medium	1	entity_type	varchar	varchar(128)	NO	''	PRI	utf8mb3
field_data_field_sirius_dispatch_medium	2	bundle	varchar	varchar(128)	NO	''	MUL	utf8mb3
field_data_field_sirius_dispatch_medium	3	deleted	tinyint	tinyint(4)	NO	0	PRI	
field_data_field_sirius_dispatch_medium	4	entity_id	int	int(10) unsigned	NO	~NULL~	PRI	
field_data_field_sirius_dispatch_medium	5	revision_id	int	int(10) unsigned	YES	NULL	MUL	
field_data_field_sirius_dispatch_medium	6	language	varchar	varchar(32)	NO	''	PRI	utf8mb3
field_data_field_sirius_dispatch_medium	7	delta	int	int(10) unsigned	NO	~NULL~	PRI	
field_data_field_sirius_dispatch_medium	8	field_sirius_dispatch_medium_value	varchar	varchar(255)	YES	NULL	MUL	utf8mb3
field_data_field_sirius_dispatch_roles	1	entity_type	varchar	varchar(128)	NO	''	PRI	utf8mb3
field_data_field_sirius_dispatch_roles	2	bundle	varchar	varchar(128)	NO	''	MUL	utf8mb3
field_data_field_sirius_dispatch_roles	3	deleted	tinyint	tinyint(4)	NO	0	PRI	
field_data_field_sirius_dispatch_roles	4	entity_id	int	int(10) unsigned	NO	~NULL~	PRI	
field_data_field_sirius_dispatch_roles	5	revision_id	int	int(10) unsigned	YES	NULL	MUL	
field_data_field_sirius_dispatch_roles	6	language	varchar	varchar(32)	NO	''	PRI	utf8mb3
field_data_field_sirius_dispatch_roles	7	delta	int	int(10) unsigned	NO	~NULL~	PRI	
field_data_field_sirius_dispatch_roles	8	field_sirius_dispatch_roles_value	int	int(11)	NO	~NULL~		
field_data_field_sirius_dispatch_sib_status	1	entity_type	varchar	varchar(128)	NO	''	PRI	utf8mb3
field_data_field_sirius_dispatch_sib_status	2	bundle	varchar	varchar(128)	NO	''	MUL	utf8mb3
field_data_field_sirius_dispatch_sib_status	3	deleted	tinyint	tinyint(4)	NO	0	PRI	
field_data_field_sirius_dispatch_sib_status	4	entity_id	int	int(10) unsigned	NO	~NULL~	PRI	
field_data_field_sirius_dispatch_sib_status	5	revision_id	int	int(10) unsigned	YES	NULL	MUL	
field_data_field_sirius_dispatch_sib_status	6	language	varchar	varchar(32)	NO	''	PRI	utf8mb3
field_data_field_sirius_dispatch_sib_status	7	delta	int	int(10) unsigned	NO	~NULL~	PRI	
field_data_field_sirius_dispatch_sib_status	8	field_sirius_dispatch_sib_status_tid	int	int(10) unsigned	YES	NULL	MUL	
field_data_field_sirius_dispatch_status	1	entity_type	varchar	varchar(128)	NO	''	PRI	utf8mb3
field_data_field_sirius_dispatch_status	2	bundle	varchar	varchar(128)	NO	''	MUL	utf8mb3
field_data_field_sirius_dispatch_status	3	deleted	tinyint	tinyint(4)	NO	0	PRI	
field_data_field_sirius_dispatch_status	4	entity_id	int	int(10) unsigned	NO	~NULL~	PRI	
field_data_field_sirius_dispatch_status	5	revision_id	int	int(10) unsigned	YES	NULL	MUL	
field_data_field_sirius_dispatch_status	6	language	varchar	varchar(32)	NO	''	PRI	utf8mb3
field_data_field_sirius_dispatch_status	7	delta	int	int(10) unsigned	NO	~NULL~	PRI	
field_data_field_sirius_dispatch_status	8	field_sirius_dispatch_status_value	varchar	varchar(255)	YES	NULL	MUL	utf8mb3
field_data_field_sirius_dispatch_type	1	entity_type	varchar	varchar(128)	NO	''	PRI	utf8mb3
field_data_field_sirius_dispatch_type	2	bundle	varchar	varchar(128)	NO	''	MUL	utf8mb3
field_data_field_sirius_dispatch_type	3	deleted	tinyint	tinyint(4)	NO	0	PRI	
field_data_field_sirius_dispatch_type	4	entity_id	int	int(10) unsigned	NO	~NULL~	PRI	
field_data_field_sirius_dispatch_type	5	revision_id	int	int(10) unsigned	YES	NULL	MUL	
field_data_field_sirius_dispatch_type	6	language	varchar	varchar(32)	NO	''	PRI	utf8mb3
field_data_field_sirius_dispatch_type	7	delta	int	int(10) unsigned	NO	~NULL~	PRI	
field_data_field_sirius_dispatch_type	8	field_sirius_dispatch_type_value	varchar	varchar(255)	YES	NULL	MUL	utf8mb3
field_data_field_sirius_dob	1	entity_type	varchar	varchar(128)	NO	''	PRI	utf8mb3
field_data_field_sirius_dob	2	bundle	varchar	varchar(128)	NO	''	MUL	utf8mb3
field_data_field_sirius_dob	3	deleted	tinyint	tinyint(4)	NO	0	PRI	
field_data_field_sirius_dob	4	entity_id	int	int(10) unsigned	NO	~NULL~	PRI	
field_data_field_sirius_dob	5	revision_id	int	int(10) unsigned	YES	NULL	MUL	
field_data_field_sirius_dob	6	language	varchar	varchar(32)	NO	''	PRI	utf8mb3
field_data_field_sirius_dob	7	delta	int	int(10) unsigned	NO	~NULL~	PRI	
field_data_field_sirius_dob	8	field_sirius_dob_value	datetime	datetime	YES	NULL	MUL	
field_data_field_sirius_docret_key	1	entity_type	varchar	varchar(128)	NO	''	PRI	utf8mb3
field_data_field_sirius_docret_key	2	bundle	varchar	varchar(128)	NO	''	MUL	utf8mb3
field_data_field_sirius_docret_key	3	deleted	tinyint	tinyint(4)	NO	0	PRI	
field_data_field_sirius_docret_key	4	entity_id	int	int(10) unsigned	NO	~NULL~	PRI	
field_data_field_sirius_docret_key	5	revision_id	int	int(10) unsigned	YES	NULL	MUL	
field_data_field_sirius_docret_key	6	language	varchar	varchar(32)	NO	''	PRI	utf8mb3
field_data_field_sirius_docret_key	7	delta	int	int(10) unsigned	NO	~NULL~	PRI	
field_data_field_sirius_docret_key	8	field_sirius_docret_key_value	varchar	varchar(255)	YES	NULL		utf8mb3
field_data_field_sirius_docret_key	9	field_sirius_docret_key_format	varchar	varchar(255)	YES	NULL	MUL	utf8mb3
field_data_field_sirius_docret_mode	1	entity_type	varchar	varchar(128)	NO	''	PRI	utf8mb3
field_data_field_sirius_docret_mode	2	bundle	varchar	varchar(128)	NO	''	MUL	utf8mb3
field_data_field_sirius_docret_mode	3	deleted	tinyint	tinyint(4)	NO	0	PRI	
field_data_field_sirius_docret_mode	4	entity_id	int	int(10) unsigned	NO	~NULL~	PRI	
field_data_field_sirius_docret_mode	5	revision_id	int	int(10) unsigned	YES	NULL	MUL	
field_data_field_sirius_docret_mode	6	language	varchar	varchar(32)	NO	''	PRI	utf8mb3
field_data_field_sirius_docret_mode	7	delta	int	int(10) unsigned	NO	~NULL~	PRI	
field_data_field_sirius_docret_mode	8	field_sirius_docret_mode_value	varchar	varchar(255)	YES	NULL		utf8mb3
field_data_field_sirius_docret_mode	9	field_sirius_docret_mode_format	varchar	varchar(255)	YES	NULL	MUL	utf8mb3
field_data_field_sirius_dollar_amt	1	entity_type	varchar	varchar(128)	NO	''	PRI	utf8mb3
field_data_field_sirius_dollar_amt	2	bundle	varchar	varchar(128)	NO	''	MUL	utf8mb3
field_data_field_sirius_dollar_amt	3	deleted	tinyint	tinyint(4)	NO	0	PRI	
field_data_field_sirius_dollar_amt	4	entity_id	int	int(10) unsigned	NO	~NULL~	PRI	
field_data_field_sirius_dollar_amt	5	revision_id	int	int(10) unsigned	YES	NULL	MUL	
field_data_field_sirius_dollar_amt	6	language	varchar	varchar(32)	NO	''	PRI	utf8mb3
field_data_field_sirius_dollar_amt	7	delta	int	int(10) unsigned	NO	~NULL~	PRI	
field_data_field_sirius_dollar_amt	8	field_sirius_dollar_amt_value	decimal	decimal(10,2)	YES	NULL		
field_data_field_sirius_domain	1	entity_type	varchar	varchar(128)	NO	''	PRI	utf8mb3
field_data_field_sirius_domain	2	bundle	varchar	varchar(128)	NO	''	MUL	utf8mb3
field_data_field_sirius_domain	3	deleted	tinyint	tinyint(4)	NO	0	PRI	
field_data_field_sirius_domain	4	entity_id	int	int(10) unsigned	NO	~NULL~	PRI	
field_data_field_sirius_domain	5	revision_id	int	int(10) unsigned	YES	NULL	MUL	
field_data_field_sirius_domain	6	language	varchar	varchar(32)	NO	''	PRI	utf8mb3
field_data_field_sirius_domain	7	delta	int	int(10) unsigned	NO	~NULL~	PRI	
field_data_field_sirius_domain	8	field_sirius_domain_target_id	int	int(10) unsigned	NO	~NULL~	MUL	
field_data_field_sirius_edls_sheet_status	1	entity_type	varchar	varchar(128)	NO	''	PRI	utf8mb3
field_data_field_sirius_edls_sheet_status	2	bundle	varchar	varchar(128)	NO	''	MUL	utf8mb3
field_data_field_sirius_edls_sheet_status	3	deleted	tinyint	tinyint(4)	NO	0	PRI	
field_data_field_sirius_edls_sheet_status	4	entity_id	int	int(10) unsigned	NO	~NULL~	PRI	
field_data_field_sirius_edls_sheet_status	5	revision_id	int	int(10) unsigned	YES	NULL	MUL	
field_data_field_sirius_edls_sheet_status	6	language	varchar	varchar(32)	NO	''	PRI	utf8mb3
field_data_field_sirius_edls_sheet_status	7	delta	int	int(10) unsigned	NO	~NULL~	PRI	
field_data_field_sirius_edls_sheet_status	8	field_sirius_edls_sheet_status_value	varchar	varchar(255)	YES	NULL	MUL	utf8mb3
field_data_field_sirius_email	1	entity_type	varchar	varchar(128)	NO	''	PRI	utf8mb3
field_data_field_sirius_email	2	bundle	varchar	varchar(128)	NO	''	MUL	utf8mb3
field_data_field_sirius_email	3	deleted	tinyint	tinyint(4)	NO	0	PRI	
field_data_field_sirius_email	4	entity_id	int	int(10) unsigned	NO	~NULL~	PRI	
field_data_field_sirius_email	5	revision_id	int	int(10) unsigned	YES	NULL	MUL	
field_data_field_sirius_email	6	language	varchar	varchar(32)	NO	''	PRI	utf8mb3
field_data_field_sirius_email	7	delta	int	int(10) unsigned	NO	~NULL~	PRI	
field_data_field_sirius_email	8	field_sirius_email_value	varchar	varchar(255)	YES	NULL		utf8mb3
field_data_field_sirius_email	9	field_sirius_email_format	varchar	varchar(255)	YES	NULL	MUL	utf8mb3
field_data_field_sirius_emails	1	entity_type	varchar	varchar(128)	NO	''	PRI	utf8mb3
field_data_field_sirius_emails	2	bundle	varchar	varchar(128)	NO	''	MUL	utf8mb3
field_data_field_sirius_emails	3	deleted	tinyint	tinyint(4)	NO	0	PRI	
field_data_field_sirius_emails	4	entity_id	int	int(10) unsigned	NO	~NULL~	PRI	
field_data_field_sirius_emails	5	revision_id	int	int(10) unsigned	YES	NULL	MUL	
field_data_field_sirius_emails	6	language	varchar	varchar(32)	NO	''	PRI	utf8mb3
field_data_field_sirius_emails	7	delta	int	int(10) unsigned	NO	~NULL~	PRI	
field_data_field_sirius_emails	8	field_sirius_emails_value	varchar	varchar(255)	YES	NULL		utf8mb3
field_data_field_sirius_emails	9	field_sirius_emails_format	varchar	varchar(255)	YES	NULL	MUL	utf8mb3
field_data_field_sirius_email_possible	1	entity_type	varchar	varchar(128)	NO	''	PRI	utf8mb3
field_data_field_sirius_email_possible	2	bundle	varchar	varchar(128)	NO	''	MUL	utf8mb3
field_data_field_sirius_email_possible	3	deleted	tinyint	tinyint(4)	NO	0	PRI	
field_data_field_sirius_email_possible	4	entity_id	int	int(10) unsigned	NO	~NULL~	PRI	
field_data_field_sirius_email_possible	5	revision_id	int	int(10) unsigned	YES	NULL	MUL	
field_data_field_sirius_email_possible	6	language	varchar	varchar(32)	NO	''	PRI	utf8mb3
field_data_field_sirius_email_possible	7	delta	int	int(10) unsigned	NO	~NULL~	PRI	
field_data_field_sirius_email_possible	8	field_sirius_email_possible_value	varchar	varchar(255)	YES	NULL	MUL	utf8mb3
field_data_field_sirius_event	1	entity_type	varchar	varchar(128)	NO	''	PRI	utf8mb3
field_data_field_sirius_event	2	bundle	varchar	varchar(128)	NO	''	MUL	utf8mb3
field_data_field_sirius_event	3	deleted	tinyint	tinyint(4)	NO	0	PRI	
field_data_field_sirius_event	4	entity_id	int	int(10) unsigned	NO	~NULL~	PRI	
field_data_field_sirius_event	5	revision_id	int	int(10) unsigned	YES	NULL	MUL	
field_data_field_sirius_event	6	language	varchar	varchar(32)	NO	''	PRI	utf8mb3
field_data_field_sirius_event	7	delta	int	int(10) unsigned	NO	~NULL~	PRI	
field_data_field_sirius_event	8	field_sirius_event_target_id	int	int(10) unsigned	NO	~NULL~	MUL	
field_data_field_sirius_events	1	entity_type	varchar	varchar(128)	NO	''	PRI	utf8mb3
field_data_field_sirius_events	2	bundle	varchar	varchar(128)	NO	''	MUL	utf8mb3
field_data_field_sirius_events	3	deleted	tinyint	tinyint(4)	NO	0	PRI	
field_data_field_sirius_events	4	entity_id	int	int(10) unsigned	NO	~NULL~	PRI	
field_data_field_sirius_events	5	revision_id	int	int(10) unsigned	YES	NULL	MUL	
field_data_field_sirius_events	6	language	varchar	varchar(32)	NO	''	PRI	utf8mb3
field_data_field_sirius_events	7	delta	int	int(10) unsigned	NO	~NULL~	PRI	
field_data_field_sirius_events	8	field_sirius_events_target_id	int	int(10) unsigned	NO	~NULL~	MUL	
field_data_field_sirius_event_prole	1	entity_type	varchar	varchar(128)	NO	''	PRI	utf8mb3
field_data_field_sirius_event_prole	2	bundle	varchar	varchar(128)	NO	''	MUL	utf8mb3
field_data_field_sirius_event_prole	3	deleted	tinyint	tinyint(4)	NO	0	PRI	
field_data_field_sirius_event_prole	4	entity_id	int	int(10) unsigned	NO	~NULL~	PRI	
field_data_field_sirius_event_prole	5	revision_id	int	int(10) unsigned	YES	NULL	MUL	
field_data_field_sirius_event_prole	6	language	varchar	varchar(32)	NO	''	PRI	utf8mb3
field_data_field_sirius_event_prole	7	delta	int	int(10) unsigned	NO	~NULL~	PRI	
field_data_field_sirius_event_prole	8	field_sirius_event_prole_tid	int	int(10) unsigned	YES	NULL	MUL	
field_data_field_sirius_event_proles	1	entity_type	varchar	varchar(128)	NO	''	PRI	utf8mb3
field_data_field_sirius_event_proles	2	bundle	varchar	varchar(128)	NO	''	MUL	utf8mb3
field_data_field_sirius_event_proles	3	deleted	tinyint	tinyint(4)	NO	0	PRI	
field_data_field_sirius_event_proles	4	entity_id	int	int(10) unsigned	NO	~NULL~	PRI	
field_data_field_sirius_event_proles	5	revision_id	int	int(10) unsigned	YES	NULL	MUL	
field_data_field_sirius_event_proles	6	language	varchar	varchar(32)	NO	''	PRI	utf8mb3
field_data_field_sirius_event_proles	7	delta	int	int(10) unsigned	NO	~NULL~	PRI	
field_data_field_sirius_event_proles	8	field_sirius_event_proles_tid	int	int(10) unsigned	YES	NULL	MUL	
field_data_field_sirius_event_pstatus	1	entity_type	varchar	varchar(128)	NO	''	PRI	utf8mb3
field_data_field_sirius_event_pstatus	2	bundle	varchar	varchar(128)	NO	''	MUL	utf8mb3
field_data_field_sirius_event_pstatus	3	deleted	tinyint	tinyint(4)	NO	0	PRI	
field_data_field_sirius_event_pstatus	4	entity_id	int	int(10) unsigned	NO	~NULL~	PRI	
field_data_field_sirius_event_pstatus	5	revision_id	int	int(10) unsigned	YES	NULL	MUL	
field_data_field_sirius_event_pstatus	6	language	varchar	varchar(32)	NO	''	PRI	utf8mb3
field_data_field_sirius_event_pstatus	7	delta	int	int(10) unsigned	NO	~NULL~	PRI	
field_data_field_sirius_event_pstatus	8	field_sirius_event_pstatus_tid	int	int(10) unsigned	YES	NULL	MUL	
field_data_field_sirius_event_type	1	entity_type	varchar	varchar(128)	NO	''	PRI	utf8mb3
field_data_field_sirius_event_type	2	bundle	varchar	varchar(128)	NO	''	MUL	utf8mb3
field_data_field_sirius_event_type	3	deleted	tinyint	tinyint(4)	NO	0	PRI	
field_data_field_sirius_event_type	4	entity_id	int	int(10) unsigned	NO	~NULL~	PRI	
field_data_field_sirius_event_type	5	revision_id	int	int(10) unsigned	YES	NULL	MUL	
field_data_field_sirius_event_type	6	language	varchar	varchar(32)	NO	''	PRI	utf8mb3
field_data_field_sirius_event_type	7	delta	int	int(10) unsigned	NO	~NULL~	PRI	
field_data_field_sirius_event_type	8	field_sirius_event_type_tid	int	int(10) unsigned	YES	NULL	MUL	
field_data_field_sirius_fastload_status	1	entity_type	varchar	varchar(128)	NO	''	PRI	utf8mb3
field_data_field_sirius_fastload_status	2	bundle	varchar	varchar(128)	NO	''	MUL	utf8mb3
field_data_field_sirius_fastload_status	3	deleted	tinyint	tinyint(4)	NO	0	PRI	
field_data_field_sirius_fastload_status	4	entity_id	int	int(10) unsigned	NO	~NULL~	PRI	
field_data_field_sirius_fastload_status	5	revision_id	int	int(10) unsigned	YES	NULL	MUL	
field_data_field_sirius_fastload_status	6	language	varchar	varchar(32)	NO	''	PRI	utf8mb3
field_data_field_sirius_fastload_status	7	delta	int	int(10) unsigned	NO	~NULL~	PRI	
field_data_field_sirius_fastload_status	8	field_sirius_fastload_status_value	varchar	varchar(255)	YES	NULL	MUL	utf8mb3
field_data_field_sirius_feed_status	1	entity_type	varchar	varchar(128)	NO	''	PRI	utf8mb3
field_data_field_sirius_feed_status	2	bundle	varchar	varchar(128)	NO	''	MUL	utf8mb3
field_data_field_sirius_feed_status	3	deleted	tinyint	tinyint(4)	NO	0	PRI	
field_data_field_sirius_feed_status	4	entity_id	int	int(10) unsigned	NO	~NULL~	PRI	
field_data_field_sirius_feed_status	5	revision_id	int	int(10) unsigned	YES	NULL	MUL	
field_data_field_sirius_feed_status	6	language	varchar	varchar(32)	NO	''	PRI	utf8mb3
field_data_field_sirius_feed_status	7	delta	int	int(10) unsigned	NO	~NULL~	PRI	
field_data_field_sirius_feed_status	8	field_sirius_feed_status_value	varchar	varchar(255)	YES	NULL	MUL	utf8mb3
field_data_field_sirius_gender	1	entity_type	varchar	varchar(128)	NO	''	PRI	utf8mb3
field_data_field_sirius_gender	2	bundle	varchar	varchar(128)	NO	''	MUL	utf8mb3
field_data_field_sirius_gender	3	deleted	tinyint	tinyint(4)	NO	0	PRI	
field_data_field_sirius_gender	4	entity_id	int	int(10) unsigned	NO	~NULL~	PRI	
field_data_field_sirius_gender	5	revision_id	int	int(10) unsigned	YES	NULL	MUL	
field_data_field_sirius_gender	6	language	varchar	varchar(32)	NO	''	PRI	utf8mb3
field_data_field_sirius_gender	7	delta	int	int(10) unsigned	NO	~NULL~	PRI	
field_data_field_sirius_gender	8	field_sirius_gender_tid	int	int(10) unsigned	YES	NULL	MUL	
field_data_field_sirius_gender_nota_calc	1	entity_type	varchar	varchar(128)	NO	''	PRI	utf8mb3
field_data_field_sirius_gender_nota_calc	2	bundle	varchar	varchar(128)	NO	''	MUL	utf8mb3
field_data_field_sirius_gender_nota_calc	3	deleted	tinyint	tinyint(4)	NO	0	PRI	
field_data_field_sirius_gender_nota_calc	4	entity_id	int	int(10) unsigned	NO	~NULL~	PRI	
field_data_field_sirius_gender_nota_calc	5	revision_id	int	int(10) unsigned	YES	NULL	MUL	
field_data_field_sirius_gender_nota_calc	6	language	varchar	varchar(32)	NO	''	PRI	utf8mb3
field_data_field_sirius_gender_nota_calc	7	delta	int	int(10) unsigned	NO	~NULL~	PRI	
field_data_field_sirius_gender_nota_calc	8	field_sirius_gender_nota_calc_value	varchar	varchar(255)	YES	NULL		utf8mb3
field_data_field_sirius_gender_nota_calc	9	field_sirius_gender_nota_calc_format	varchar	varchar(255)	YES	NULL	MUL	utf8mb3
field_data_field_sirius_gender_nota_val	1	entity_type	varchar	varchar(128)	NO	''	PRI	utf8mb3
field_data_field_sirius_gender_nota_val	2	bundle	varchar	varchar(128)	NO	''	MUL	utf8mb3
field_data_field_sirius_gender_nota_val	3	deleted	tinyint	tinyint(4)	NO	0	PRI	
field_data_field_sirius_gender_nota_val	4	entity_id	int	int(10) unsigned	NO	~NULL~	PRI	
field_data_field_sirius_gender_nota_val	5	revision_id	int	int(10) unsigned	YES	NULL	MUL	
field_data_field_sirius_gender_nota_val	6	language	varchar	varchar(32)	NO	''	PRI	utf8mb3
field_data_field_sirius_gender_nota_val	7	delta	int	int(10) unsigned	NO	~NULL~	PRI	
field_data_field_sirius_gender_nota_val	8	field_sirius_gender_nota_val_value	varchar	varchar(255)	YES	NULL		utf8mb3
field_data_field_sirius_gender_nota_val	9	field_sirius_gender_nota_val_format	varchar	varchar(255)	YES	NULL	MUL	utf8mb3
field_data_field_sirius_headshot	1	entity_type	varchar	varchar(128)	NO	''	PRI	utf8mb3
field_data_field_sirius_headshot	2	bundle	varchar	varchar(128)	NO	''	MUL	utf8mb3
field_data_field_sirius_headshot	3	deleted	tinyint	tinyint(4)	NO	0	PRI	
field_data_field_sirius_headshot	4	entity_id	int	int(10) unsigned	NO	~NULL~	PRI	
field_data_field_sirius_headshot	5	revision_id	int	int(10) unsigned	YES	NULL	MUL	
field_data_field_sirius_headshot	6	language	varchar	varchar(32)	NO	''	PRI	utf8mb3
field_data_field_sirius_headshot	7	delta	int	int(10) unsigned	NO	~NULL~	PRI	
field_data_field_sirius_headshot	8	field_sirius_headshot_fid	int	int(10) unsigned	YES	NULL	MUL	
field_data_field_sirius_headshot	9	field_sirius_headshot_alt	varchar	varchar(512)	YES	NULL		utf8mb3
field_data_field_sirius_headshot	10	field_sirius_headshot_title	varchar	varchar(1024)	YES	NULL		utf8mb3
field_data_field_sirius_headshot	11	field_sirius_headshot_width	int	int(10) unsigned	YES	NULL		
field_data_field_sirius_headshot	12	field_sirius_headshot_height	int	int(10) unsigned	YES	NULL		
field_data_field_sirius_hour_type	1	entity_type	varchar	varchar(128)	NO	''	PRI	utf8mb3
field_data_field_sirius_hour_type	2	bundle	varchar	varchar(128)	NO	''	MUL	utf8mb3
field_data_field_sirius_hour_type	3	deleted	tinyint	tinyint(4)	NO	0	PRI	
field_data_field_sirius_hour_type	4	entity_id	int	int(10) unsigned	NO	~NULL~	PRI	
field_data_field_sirius_hour_type	5	revision_id	int	int(10) unsigned	YES	NULL	MUL	
field_data_field_sirius_hour_type	6	language	varchar	varchar(32)	NO	''	PRI	utf8mb3
field_data_field_sirius_hour_type	7	delta	int	int(10) unsigned	NO	~NULL~	PRI	
field_data_field_sirius_hour_type	8	field_sirius_hour_type_tid	int	int(10) unsigned	YES	NULL	MUL	
field_data_field_sirius_id	1	entity_type	varchar	varchar(128)	NO	''	PRI	utf8mb3
field_data_field_sirius_id	2	bundle	varchar	varchar(128)	NO	''	MUL	utf8mb3
field_data_field_sirius_id	3	deleted	tinyint	tinyint(4)	NO	0	PRI	
field_data_field_sirius_id	4	entity_id	int	int(10) unsigned	NO	~NULL~	PRI	
field_data_field_sirius_id	5	revision_id	int	int(10) unsigned	YES	NULL	MUL	
field_data_field_sirius_id	6	language	varchar	varchar(32)	NO	''	PRI	utf8mb3
field_data_field_sirius_id	7	delta	int	int(10) unsigned	NO	~NULL~	PRI	
field_data_field_sirius_id	8	field_sirius_id_value	varchar	varchar(255)	YES	NULL	MUL	utf8mb3
field_data_field_sirius_id	9	field_sirius_id_format	varchar	varchar(255)	YES	NULL	MUL	utf8mb3
field_data_field_sirius_id2	1	entity_type	varchar	varchar(128)	NO	''	PRI	utf8mb3
field_data_field_sirius_id2	2	bundle	varchar	varchar(128)	NO	''	MUL	utf8mb3
field_data_field_sirius_id2	3	deleted	tinyint	tinyint(4)	NO	0	PRI	
field_data_field_sirius_id2	4	entity_id	int	int(10) unsigned	NO	~NULL~	PRI	
field_data_field_sirius_id2	5	revision_id	int	int(10) unsigned	YES	NULL	MUL	
field_data_field_sirius_id2	6	language	varchar	varchar(32)	NO	''	PRI	utf8mb3
field_data_field_sirius_id2	7	delta	int	int(10) unsigned	NO	~NULL~	PRI	
field_data_field_sirius_id2	8	field_sirius_id2_value	varchar	varchar(255)	YES	NULL	MUL	utf8mb3
field_data_field_sirius_id2	9	field_sirius_id2_format	varchar	varchar(255)	YES	NULL	MUL	utf8mb3
field_data_field_sirius_id3	1	entity_type	varchar	varchar(128)	NO	''	PRI	utf8mb3
field_data_field_sirius_id3	2	bundle	varchar	varchar(128)	NO	''	MUL	utf8mb3
field_data_field_sirius_id3	3	deleted	tinyint	tinyint(4)	NO	0	PRI	
field_data_field_sirius_id3	4	entity_id	int	int(10) unsigned	NO	~NULL~	PRI	
field_data_field_sirius_id3	5	revision_id	int	int(10) unsigned	YES	NULL	MUL	
field_data_field_sirius_id3	6	language	varchar	varchar(32)	NO	''	PRI	utf8mb3
field_data_field_sirius_id3	7	delta	int	int(10) unsigned	NO	~NULL~	PRI	
field_data_field_sirius_id3	8	field_sirius_id3_value	varchar	varchar(255)	YES	NULL	MUL	utf8mb3
field_data_field_sirius_id3	9	field_sirius_id3_format	varchar	varchar(255)	YES	NULL	MUL	utf8mb3
field_data_field_sirius_industry	1	entity_type	varchar	varchar(128)	NO	''	PRI	utf8mb3
field_data_field_sirius_industry	2	bundle	varchar	varchar(128)	NO	''	MUL	utf8mb3
field_data_field_sirius_industry	3	deleted	tinyint	tinyint(4)	NO	0	PRI	
field_data_field_sirius_industry	4	entity_id	int	int(10) unsigned	NO	~NULL~	PRI	
field_data_field_sirius_industry	5	revision_id	int	int(10) unsigned	YES	NULL	MUL	
field_data_field_sirius_industry	6	language	varchar	varchar(32)	NO	''	PRI	utf8mb3
field_data_field_sirius_industry	7	delta	int	int(10) unsigned	NO	~NULL~	PRI	
field_data_field_sirius_industry	8	field_sirius_industry_tid	int	int(10) unsigned	YES	NULL	MUL	
field_data_field_sirius_job_number	1	entity_type	varchar	varchar(128)	NO	''	PRI	utf8mb3
field_data_field_sirius_job_number	2	bundle	varchar	varchar(128)	NO	''	MUL	utf8mb3
field_data_field_sirius_job_number	3	deleted	tinyint	tinyint(4)	NO	0	PRI	
field_data_field_sirius_job_number	4	entity_id	int	int(10) unsigned	NO	~NULL~	PRI	
field_data_field_sirius_job_number	5	revision_id	int	int(10) unsigned	YES	NULL	MUL	
field_data_field_sirius_job_number	6	language	varchar	varchar(32)	NO	''	PRI	utf8mb3
field_data_field_sirius_job_number	7	delta	int	int(10) unsigned	NO	~NULL~	PRI	
field_data_field_sirius_job_number	8	field_sirius_job_number_value	varchar	varchar(255)	YES	NULL		utf8mb3
field_data_field_sirius_job_number	9	field_sirius_job_number_format	varchar	varchar(255)	YES	NULL	MUL	utf8mb3
field_data_field_sirius_json	1	entity_type	varchar	varchar(128)	NO	''	PRI	utf8mb3
field_data_field_sirius_json	2	bundle	varchar	varchar(128)	NO	''	MUL	utf8mb3
field_data_field_sirius_json	3	deleted	tinyint	tinyint(4)	NO	0	PRI	
field_data_field_sirius_json	4	entity_id	int	int(10) unsigned	NO	~NULL~	PRI	
field_data_field_sirius_json	5	revision_id	int	int(10) unsigned	YES	NULL	MUL	
field_data_field_sirius_json	6	language	varchar	varchar(32)	NO	''	PRI	utf8mb3
field_data_field_sirius_json	7	delta	int	int(10) unsigned	NO	~NULL~	PRI	
field_data_field_sirius_json	8	field_sirius_json_value	longtext	longtext	YES	NULL		utf8mb4
field_data_field_sirius_json	9	json_denorm_external_id	varchar	varchar(255)	YES	NULL	MUL	utf8mb3
field_data_field_sirius_json_definition	1	entity_type	varchar	varchar(128)	NO	''	PRI	utf8mb3
field_data_field_sirius_json_definition	2	bundle	varchar	varchar(128)	NO	''	MUL	utf8mb3
field_data_field_sirius_json_definition	3	deleted	tinyint	tinyint(4)	NO	0	PRI	
field_data_field_sirius_json_definition	4	entity_id	int	int(10) unsigned	NO	~NULL~	PRI	
field_data_field_sirius_json_definition	5	revision_id	int	int(10) unsigned	YES	NULL	MUL	
field_data_field_sirius_json_definition	6	language	varchar	varchar(32)	NO	''	PRI	utf8mb3
field_data_field_sirius_json_definition	7	delta	int	int(10) unsigned	NO	~NULL~	PRI	
field_data_field_sirius_json_definition	8	field_sirius_json_definition_target_id	int	int(10) unsigned	NO	~NULL~	MUL	
field_data_field_sirius_lang	1	entity_type	varchar	varchar(128)	NO	''	PRI	utf8mb3
field_data_field_sirius_lang	2	bundle	varchar	varchar(128)	NO	''	MUL	utf8mb3
field_data_field_sirius_lang	3	deleted	tinyint	tinyint(4)	NO	0	PRI	
field_data_field_sirius_lang	4	entity_id	int	int(10) unsigned	NO	~NULL~	PRI	
field_data_field_sirius_lang	5	revision_id	int	int(10) unsigned	YES	NULL	MUL	
field_data_field_sirius_lang	6	language	varchar	varchar(32)	NO	''	PRI	utf8mb3
field_data_field_sirius_lang	7	delta	int	int(10) unsigned	NO	~NULL~	PRI	
field_data_field_sirius_lang	8	field_sirius_lang_value	varchar	varchar(255)	YES	NULL	MUL	utf8mb3
field_data_field_sirius_ledger_account	1	entity_type	varchar	varchar(128)	NO	''	PRI	utf8mb3
field_data_field_sirius_ledger_account	2	bundle	varchar	varchar(128)	NO	''	MUL	utf8mb3
field_data_field_sirius_ledger_account	3	deleted	tinyint	tinyint(4)	NO	0	PRI	
field_data_field_sirius_ledger_account	4	entity_id	int	int(10) unsigned	NO	~NULL~	PRI	
field_data_field_sirius_ledger_account	5	revision_id	int	int(10) unsigned	YES	NULL	MUL	
field_data_field_sirius_ledger_account	6	language	varchar	varchar(32)	NO	''	PRI	utf8mb3
field_data_field_sirius_ledger_account	7	delta	int	int(10) unsigned	NO	~NULL~	PRI	
field_data_field_sirius_ledger_account	8	field_sirius_ledger_account_target_id	int	int(10) unsigned	NO	~NULL~	MUL	
field_data_field_sirius_ledger_allocated	1	entity_type	varchar	varchar(128)	NO	''	PRI	utf8mb3
field_data_field_sirius_ledger_allocated	2	bundle	varchar	varchar(128)	NO	''	MUL	utf8mb3
field_data_field_sirius_ledger_allocated	3	deleted	tinyint	tinyint(4)	NO	0	PRI	
field_data_field_sirius_ledger_allocated	4	entity_id	int	int(10) unsigned	NO	~NULL~	PRI	
field_data_field_sirius_ledger_allocated	5	revision_id	int	int(10) unsigned	YES	NULL	MUL	
field_data_field_sirius_ledger_allocated	6	language	varchar	varchar(32)	NO	''	PRI	utf8mb3
field_data_field_sirius_ledger_allocated	7	delta	int	int(10) unsigned	NO	~NULL~	PRI	
field_data_field_sirius_ledger_allocated	8	field_sirius_ledger_allocated_value	varchar	varchar(255)	YES	NULL	MUL	utf8mb3
field_data_field_sirius_ledger_category	1	entity_type	varchar	varchar(128)	NO	''	PRI	utf8mb3
field_data_field_sirius_ledger_category	2	bundle	varchar	varchar(128)	NO	''	MUL	utf8mb3
field_data_field_sirius_ledger_category	3	deleted	tinyint	tinyint(4)	NO	0	PRI	
field_data_field_sirius_ledger_category	4	entity_id	int	int(10) unsigned	NO	~NULL~	PRI	
field_data_field_sirius_ledger_category	5	revision_id	int	int(10) unsigned	YES	NULL	MUL	
field_data_field_sirius_ledger_category	6	language	varchar	varchar(32)	NO	''	PRI	utf8mb3
field_data_field_sirius_ledger_category	7	delta	int	int(10) unsigned	NO	~NULL~	PRI	
field_data_field_sirius_ledger_category	8	field_sirius_ledger_category_value	varchar	varchar(255)	YES	NULL	MUL	utf8mb3
field_data_field_sirius_letterhead_format	1	entity_type	varchar	varchar(128)	NO	''	PRI	utf8mb3
field_data_field_sirius_letterhead_format	2	bundle	varchar	varchar(128)	NO	''	MUL	utf8mb3
field_data_field_sirius_letterhead_format	3	deleted	tinyint	tinyint(4)	NO	0	PRI	
field_data_field_sirius_letterhead_format	4	entity_id	int	int(10) unsigned	NO	~NULL~	PRI	
field_data_field_sirius_letterhead_format	5	revision_id	int	int(10) unsigned	YES	NULL	MUL	
field_data_field_sirius_letterhead_format	6	language	varchar	varchar(32)	NO	''	PRI	utf8mb3
field_data_field_sirius_letterhead_format	7	delta	int	int(10) unsigned	NO	~NULL~	PRI	
field_data_field_sirius_letterhead_format	8	field_sirius_letterhead_format_value	varchar	varchar(255)	YES	NULL	MUL	utf8mb3
field_data_field_sirius_letter_content_type	1	entity_type	varchar	varchar(128)	NO	''	PRI	utf8mb3
field_data_field_sirius_letter_content_type	2	bundle	varchar	varchar(128)	NO	''	MUL	utf8mb3
field_data_field_sirius_letter_content_type	3	deleted	tinyint	tinyint(4)	NO	0	PRI	
field_data_field_sirius_letter_content_type	4	entity_id	int	int(10) unsigned	NO	~NULL~	PRI	
field_data_field_sirius_letter_content_type	5	revision_id	int	int(10) unsigned	YES	NULL	MUL	
field_data_field_sirius_letter_content_type	6	language	varchar	varchar(32)	NO	''	PRI	utf8mb3
field_data_field_sirius_letter_content_type	7	delta	int	int(10) unsigned	NO	~NULL~	PRI	
field_data_field_sirius_letter_content_type	8	field_sirius_letter_content_type_value	varchar	varchar(255)	YES	NULL	MUL	utf8mb3
field_data_field_sirius_log	1	entity_type	varchar	varchar(128)	NO	''	PRI	utf8mb3
field_data_field_sirius_log	2	bundle	varchar	varchar(128)	NO	''	MUL	utf8mb3
field_data_field_sirius_log	3	deleted	tinyint	tinyint(4)	NO	0	PRI	
field_data_field_sirius_log	4	entity_id	int	int(10) unsigned	NO	~NULL~	PRI	
field_data_field_sirius_log	5	revision_id	int	int(10) unsigned	YES	NULL	MUL	
field_data_field_sirius_log	6	language	varchar	varchar(32)	NO	''	PRI	utf8mb3
field_data_field_sirius_log	7	delta	int	int(10) unsigned	NO	~NULL~	PRI	
field_data_field_sirius_log	8	field_sirius_log_value	longtext	longtext	YES	NULL		utf8mb3
field_data_field_sirius_log	9	field_sirius_log_format	varchar	varchar(255)	YES	NULL	MUL	utf8mb3
field_data_field_sirius_log_handler	1	entity_type	varchar	varchar(128)	NO	''	PRI	utf8mb3
field_data_field_sirius_log_handler	2	bundle	varchar	varchar(128)	NO	''	MUL	utf8mb3
field_data_field_sirius_log_handler	3	deleted	tinyint	tinyint(4)	NO	0	PRI	
field_data_field_sirius_log_handler	4	entity_id	int	int(10) unsigned	NO	~NULL~	PRI	
field_data_field_sirius_log_handler	5	revision_id	int	int(10) unsigned	YES	NULL	MUL	
field_data_field_sirius_log_handler	6	language	varchar	varchar(32)	NO	''	PRI	utf8mb3
field_data_field_sirius_log_handler	7	delta	int	int(10) unsigned	NO	~NULL~	PRI	
field_data_field_sirius_log_handler	8	field_sirius_log_handler_target_id	int	int(10) unsigned	NO	~NULL~	MUL	
field_data_field_sirius_member_active	1	entity_type	varchar	varchar(128)	NO	''	PRI	utf8mb3
field_data_field_sirius_member_active	2	bundle	varchar	varchar(128)	NO	''	MUL	utf8mb3
field_data_field_sirius_member_active	3	deleted	tinyint	tinyint(4)	NO	0	PRI	
field_data_field_sirius_member_active	4	entity_id	int	int(10) unsigned	NO	~NULL~	PRI	
field_data_field_sirius_member_active	5	revision_id	int	int(10) unsigned	YES	NULL	MUL	
field_data_field_sirius_member_active	6	language	varchar	varchar(32)	NO	''	PRI	utf8mb3
field_data_field_sirius_member_active	7	delta	int	int(10) unsigned	NO	~NULL~	PRI	
field_data_field_sirius_member_active	8	field_sirius_member_active_value	varchar	varchar(255)	YES	NULL	MUL	utf8mb3
field_data_field_sirius_member_status	1	entity_type	varchar	varchar(128)	NO	''	PRI	utf8mb3
field_data_field_sirius_member_status	2	bundle	varchar	varchar(128)	NO	''	MUL	utf8mb3
field_data_field_sirius_member_status	3	deleted	tinyint	tinyint(4)	NO	0	PRI	
field_data_field_sirius_member_status	4	entity_id	int	int(10) unsigned	NO	~NULL~	PRI	
field_data_field_sirius_member_status	5	revision_id	int	int(10) unsigned	YES	NULL	MUL	
field_data_field_sirius_member_status	6	language	varchar	varchar(32)	NO	''	PRI	utf8mb3
field_data_field_sirius_member_status	7	delta	int	int(10) unsigned	NO	~NULL~	PRI	
field_data_field_sirius_member_status	8	field_sirius_member_status_tid	int	int(10) unsigned	YES	NULL	MUL	
field_data_field_sirius_merchant_name	1	entity_type	varchar	varchar(128)	NO	''	PRI	utf8mb3
field_data_field_sirius_merchant_name	2	bundle	varchar	varchar(128)	NO	''	MUL	utf8mb3
field_data_field_sirius_merchant_name	3	deleted	tinyint	tinyint(4)	NO	0	PRI	
field_data_field_sirius_merchant_name	4	entity_id	int	int(10) unsigned	NO	~NULL~	PRI	
field_data_field_sirius_merchant_name	5	revision_id	int	int(10) unsigned	YES	NULL	MUL	
field_data_field_sirius_merchant_name	6	language	varchar	varchar(32)	NO	''	PRI	utf8mb3
field_data_field_sirius_merchant_name	7	delta	int	int(10) unsigned	NO	~NULL~	PRI	
field_data_field_sirius_merchant_name	8	field_sirius_merchant_name_value	varchar	varchar(255)	YES	NULL		utf8mb3
field_data_field_sirius_merchant_name	9	field_sirius_merchant_name_format	varchar	varchar(255)	YES	NULL	MUL	utf8mb3
field_data_field_sirius_message	1	entity_type	varchar	varchar(128)	NO	''	PRI	utf8mb3
field_data_field_sirius_message	2	bundle	varchar	varchar(128)	NO	''	MUL	utf8mb3
field_data_field_sirius_message	3	deleted	tinyint	tinyint(4)	NO	0	PRI	
field_data_field_sirius_message	4	entity_id	int	int(10) unsigned	NO	~NULL~	PRI	
field_data_field_sirius_message	5	revision_id	int	int(10) unsigned	YES	NULL	MUL	
field_data_field_sirius_message	6	language	varchar	varchar(32)	NO	''	PRI	utf8mb3
field_data_field_sirius_message	7	delta	int	int(10) unsigned	NO	~NULL~	PRI	
field_data_field_sirius_message	8	field_sirius_message_value	varchar	varchar(255)	YES	NULL		utf8mb3
field_data_field_sirius_message	9	field_sirius_message_format	varchar	varchar(255)	YES	NULL	MUL	utf8mb3
field_data_field_sirius_mustlog	1	entity_type	varchar	varchar(128)	NO	''	PRI	utf8mb3
field_data_field_sirius_mustlog	2	bundle	varchar	varchar(128)	NO	''	MUL	utf8mb3
field_data_field_sirius_mustlog	3	deleted	tinyint	tinyint(4)	NO	0	PRI	
field_data_field_sirius_mustlog	4	entity_id	int	int(10) unsigned	NO	~NULL~	PRI	
field_data_field_sirius_mustlog	5	revision_id	int	int(10) unsigned	YES	NULL	MUL	
field_data_field_sirius_mustlog	6	language	varchar	varchar(32)	NO	''	PRI	utf8mb3
field_data_field_sirius_mustlog	7	delta	int	int(10) unsigned	NO	~NULL~	PRI	
field_data_field_sirius_mustlog	8	field_sirius_mustlog_value	varchar	varchar(255)	YES	NULL	MUL	utf8mb3
field_data_field_sirius_name	1	entity_type	varchar	varchar(128)	NO	''	PRI	utf8mb3
field_data_field_sirius_name	2	bundle	varchar	varchar(128)	NO	''	MUL	utf8mb3
field_data_field_sirius_name	3	deleted	tinyint	tinyint(4)	NO	0	PRI	
field_data_field_sirius_name	4	entity_id	int	int(10) unsigned	NO	~NULL~	PRI	
field_data_field_sirius_name	5	revision_id	int	int(10) unsigned	YES	NULL	MUL	
field_data_field_sirius_name	6	language	varchar	varchar(32)	NO	''	PRI	utf8mb3
field_data_field_sirius_name	7	delta	int	int(10) unsigned	NO	~NULL~	PRI	
field_data_field_sirius_name	8	field_sirius_name_title	varchar	varchar(255)	YES	NULL		utf8mb3
field_data_field_sirius_name	9	field_sirius_name_given	varchar	varchar(255)	YES	NULL	MUL	utf8mb3
field_data_field_sirius_name	10	field_sirius_name_middle	varchar	varchar(255)	YES	NULL		utf8mb3
field_data_field_sirius_name	11	field_sirius_name_family	varchar	varchar(255)	YES	NULL	MUL	utf8mb3
field_data_field_sirius_name	12	field_sirius_name_generational	varchar	varchar(255)	YES	NULL		utf8mb3
field_data_field_sirius_name	13	field_sirius_name_credentials	varchar	varchar(255)	YES	NULL		utf8mb3
field_data_field_sirius_name_alt	1	entity_type	varchar	varchar(128)	NO	''	PRI	utf8mb3
field_data_field_sirius_name_alt	2	bundle	varchar	varchar(128)	NO	''	MUL	utf8mb3
field_data_field_sirius_name_alt	3	deleted	tinyint	tinyint(4)	NO	0	PRI	
field_data_field_sirius_name_alt	4	entity_id	int	int(10) unsigned	NO	~NULL~	PRI	
field_data_field_sirius_name_alt	5	revision_id	int	int(10) unsigned	YES	NULL	MUL	
field_data_field_sirius_name_alt	6	language	varchar	varchar(32)	NO	''	PRI	utf8mb3
field_data_field_sirius_name_alt	7	delta	int	int(10) unsigned	NO	~NULL~	PRI	
field_data_field_sirius_name_alt	8	field_sirius_name_alt_value	varchar	varchar(255)	YES	NULL		utf8mb3
field_data_field_sirius_name_alt	9	field_sirius_name_alt_format	varchar	varchar(255)	YES	NULL	MUL	utf8mb3
field_data_field_sirius_name_display	1	entity_type	varchar	varchar(128)	NO	''	PRI	utf8mb3
field_data_field_sirius_name_display	2	bundle	varchar	varchar(128)	NO	''	MUL	utf8mb3
field_data_field_sirius_name_display	3	deleted	tinyint	tinyint(4)	NO	0	PRI	
field_data_field_sirius_name_display	4	entity_id	int	int(10) unsigned	NO	~NULL~	PRI	
field_data_field_sirius_name_display	5	revision_id	int	int(10) unsigned	YES	NULL	MUL	
field_data_field_sirius_name_display	6	language	varchar	varchar(32)	NO	''	PRI	utf8mb3
field_data_field_sirius_name_display	7	delta	int	int(10) unsigned	NO	~NULL~	PRI	
field_data_field_sirius_name_display	8	field_sirius_name_display_value	varchar	varchar(255)	YES	NULL		utf8mb3
field_data_field_sirius_name_display	9	field_sirius_name_display_format	varchar	varchar(255)	YES	NULL	MUL	utf8mb3
field_data_field_sirius_name_short	1	entity_type	varchar	varchar(128)	NO	''	PRI	utf8mb3
field_data_field_sirius_name_short	2	bundle	varchar	varchar(128)	NO	''	MUL	utf8mb3
field_data_field_sirius_name_short	3	deleted	tinyint	tinyint(4)	NO	0	PRI	
field_data_field_sirius_name_short	4	entity_id	int	int(10) unsigned	NO	~NULL~	PRI	
field_data_field_sirius_name_short	5	revision_id	int	int(10) unsigned	YES	NULL	MUL	
field_data_field_sirius_name_short	6	language	varchar	varchar(32)	NO	''	PRI	utf8mb3
field_data_field_sirius_name_short	7	delta	int	int(10) unsigned	NO	~NULL~	PRI	
field_data_field_sirius_name_short	8	field_sirius_name_short_value	varchar	varchar(255)	YES	NULL		utf8mb3
field_data_field_sirius_name_short	9	field_sirius_name_short_format	varchar	varchar(255)	YES	NULL	MUL	utf8mb3
field_data_field_sirius_name_tts	1	entity_type	varchar	varchar(128)	NO	''	PRI	utf8mb3
field_data_field_sirius_name_tts	2	bundle	varchar	varchar(128)	NO	''	MUL	utf8mb3
field_data_field_sirius_name_tts	3	deleted	tinyint	tinyint(4)	NO	0	PRI	
field_data_field_sirius_name_tts	4	entity_id	int	int(10) unsigned	NO	~NULL~	PRI	
field_data_field_sirius_name_tts	5	revision_id	int	int(10) unsigned	YES	NULL	MUL	
field_data_field_sirius_name_tts	6	language	varchar	varchar(32)	NO	''	PRI	utf8mb3
field_data_field_sirius_name_tts	7	delta	int	int(10) unsigned	NO	~NULL~	PRI	
field_data_field_sirius_name_tts	8	field_sirius_name_tts_value	varchar	varchar(255)	YES	NULL		utf8mb3
field_data_field_sirius_name_tts	9	field_sirius_name_tts_format	varchar	varchar(255)	YES	NULL	MUL	utf8mb3
field_data_field_sirius_nota	1	entity_type	varchar	varchar(128)	NO	''	PRI	utf8mb3
field_data_field_sirius_nota	2	bundle	varchar	varchar(128)	NO	''	MUL	utf8mb3
field_data_field_sirius_nota	3	deleted	tinyint	tinyint(4)	NO	0	PRI	
field_data_field_sirius_nota	4	entity_id	int	int(10) unsigned	NO	~NULL~	PRI	
field_data_field_sirius_nota	5	revision_id	int	int(10) unsigned	YES	NULL	MUL	
field_data_field_sirius_nota	6	language	varchar	varchar(32)	NO	''	PRI	utf8mb3
field_data_field_sirius_nota	7	delta	int	int(10) unsigned	NO	~NULL~	PRI	
field_data_field_sirius_nota	8	field_sirius_nota_value	varchar	varchar(255)	YES	NULL	MUL	utf8mb3
field_data_field_sirius_notes	1	entity_type	varchar	varchar(128)	NO	''	PRI	utf8mb3
field_data_field_sirius_notes	2	bundle	varchar	varchar(128)	NO	''	MUL	utf8mb3
field_data_field_sirius_notes	3	deleted	tinyint	tinyint(4)	NO	0	PRI	
field_data_field_sirius_notes	4	entity_id	int	int(10) unsigned	NO	~NULL~	PRI	
field_data_field_sirius_notes	5	revision_id	int	int(10) unsigned	YES	NULL	MUL	
field_data_field_sirius_notes	6	language	varchar	varchar(32)	NO	''	PRI	utf8mb3
field_data_field_sirius_notes	7	delta	int	int(10) unsigned	NO	~NULL~	PRI	
field_data_field_sirius_notes	8	field_sirius_notes_value	longtext	longtext	YES	NULL	MUL	utf8mb3
field_data_field_sirius_notes	9	field_sirius_notes_format	varchar	varchar(255)	YES	NULL	MUL	utf8mb3
field_data_field_sirius_notify	1	entity_type	varchar	varchar(128)	NO	''	PRI	utf8mb3
field_data_field_sirius_notify	2	bundle	varchar	varchar(128)	NO	''	MUL	utf8mb3
field_data_field_sirius_notify	3	deleted	tinyint	tinyint(4)	NO	0	PRI	
field_data_field_sirius_notify	4	entity_id	int	int(10) unsigned	NO	~NULL~	PRI	
field_data_field_sirius_notify	5	revision_id	int	int(10) unsigned	YES	NULL	MUL	
field_data_field_sirius_notify	6	language	varchar	varchar(32)	NO	''	PRI	utf8mb3
field_data_field_sirius_notify	7	delta	int	int(10) unsigned	NO	~NULL~	PRI	
field_data_field_sirius_notify	8	field_sirius_notify_value	varchar	varchar(255)	YES	NULL	MUL	utf8mb3
field_data_field_sirius_page	1	entity_type	varchar	varchar(128)	NO	''	PRI	utf8mb3
field_data_field_sirius_page	2	bundle	varchar	varchar(128)	NO	''	MUL	utf8mb3
field_data_field_sirius_page	3	deleted	tinyint	tinyint(4)	NO	0	PRI	
field_data_field_sirius_page	4	entity_id	int	int(10) unsigned	NO	~NULL~	PRI	
field_data_field_sirius_page	5	revision_id	int	int(10) unsigned	YES	NULL	MUL	
field_data_field_sirius_page	6	language	varchar	varchar(32)	NO	''	PRI	utf8mb3
field_data_field_sirius_page	7	delta	int	int(10) unsigned	NO	~NULL~	PRI	
field_data_field_sirius_page	8	field_sirius_page_value	varchar	varchar(8)	YES	NULL		utf8mb3
field_data_field_sirius_page	9	field_sirius_page_format	varchar	varchar(255)	YES	NULL	MUL	utf8mb3
field_data_field_sirius_paths	1	entity_type	varchar	varchar(128)	NO	''	PRI	utf8mb3
field_data_field_sirius_paths	2	bundle	varchar	varchar(128)	NO	''	MUL	utf8mb3
field_data_field_sirius_paths	3	deleted	tinyint	tinyint(4)	NO	0	PRI	
field_data_field_sirius_paths	4	entity_id	int	int(10) unsigned	NO	~NULL~	PRI	
field_data_field_sirius_paths	5	revision_id	int	int(10) unsigned	YES	NULL	MUL	
field_data_field_sirius_paths	6	language	varchar	varchar(32)	NO	''	PRI	utf8mb3
field_data_field_sirius_paths	7	delta	int	int(10) unsigned	NO	~NULL~	PRI	
field_data_field_sirius_paths	8	field_sirius_paths_value	varchar	varchar(255)	YES	NULL		utf8mb3
field_data_field_sirius_paths	9	field_sirius_paths_format	varchar	varchar(255)	YES	NULL	MUL	utf8mb3
field_data_field_sirius_payer	1	entity_type	varchar	varchar(128)	NO	''	PRI	utf8mb3
field_data_field_sirius_payer	2	bundle	varchar	varchar(128)	NO	''	MUL	utf8mb3
field_data_field_sirius_payer	3	deleted	tinyint	tinyint(4)	NO	0	PRI	
field_data_field_sirius_payer	4	entity_id	int	int(10) unsigned	NO	~NULL~	PRI	
field_data_field_sirius_payer	5	revision_id	int	int(10) unsigned	YES	NULL	MUL	
field_data_field_sirius_payer	6	language	varchar	varchar(32)	NO	''	PRI	utf8mb3
field_data_field_sirius_payer	7	delta	int	int(10) unsigned	NO	~NULL~	PRI	
field_data_field_sirius_payer	8	field_sirius_payer_target_id	int	int(10) unsigned	NO	~NULL~	MUL	
field_data_field_sirius_payment_status	1	entity_type	varchar	varchar(128)	NO	''	PRI	utf8mb3
field_data_field_sirius_payment_status	2	bundle	varchar	varchar(128)	NO	''	MUL	utf8mb3
field_data_field_sirius_payment_status	3	deleted	tinyint	tinyint(4)	NO	0	PRI	
field_data_field_sirius_payment_status	4	entity_id	int	int(10) unsigned	NO	~NULL~	PRI	
field_data_field_sirius_payment_status	5	revision_id	int	int(10) unsigned	YES	NULL	MUL	
field_data_field_sirius_payment_status	6	language	varchar	varchar(32)	NO	''	PRI	utf8mb3
field_data_field_sirius_payment_status	7	delta	int	int(10) unsigned	NO	~NULL~	PRI	
field_data_field_sirius_payment_status	8	field_sirius_payment_status_value	varchar	varchar(255)	YES	NULL	MUL	utf8mb3
field_data_field_sirius_payment_type	1	entity_type	varchar	varchar(128)	NO	''	PRI	utf8mb3
field_data_field_sirius_payment_type	2	bundle	varchar	varchar(128)	NO	''	MUL	utf8mb3
field_data_field_sirius_payment_type	3	deleted	tinyint	tinyint(4)	NO	0	PRI	
field_data_field_sirius_payment_type	4	entity_id	int	int(10) unsigned	NO	~NULL~	PRI	
field_data_field_sirius_payment_type	5	revision_id	int	int(10) unsigned	YES	NULL	MUL	
field_data_field_sirius_payment_type	6	language	varchar	varchar(32)	NO	''	PRI	utf8mb3
field_data_field_sirius_payment_type	7	delta	int	int(10) unsigned	NO	~NULL~	PRI	
field_data_field_sirius_payment_type	8	field_sirius_payment_type_tid	int	int(10) unsigned	YES	NULL	MUL	
field_data_field_sirius_payperiod_type	1	entity_type	varchar	varchar(128)	NO	''	PRI	utf8mb3
field_data_field_sirius_payperiod_type	2	bundle	varchar	varchar(128)	NO	''	MUL	utf8mb3
field_data_field_sirius_payperiod_type	3	deleted	tinyint	tinyint(4)	NO	0	PRI	
field_data_field_sirius_payperiod_type	4	entity_id	int	int(10) unsigned	NO	~NULL~	PRI	
field_data_field_sirius_payperiod_type	5	revision_id	int	int(10) unsigned	YES	NULL	MUL	
field_data_field_sirius_payperiod_type	6	language	varchar	varchar(32)	NO	''	PRI	utf8mb3
field_data_field_sirius_payperiod_type	7	delta	int	int(10) unsigned	NO	~NULL~	PRI	
field_data_field_sirius_payperiod_type	8	field_sirius_payperiod_type_value	varchar	varchar(255)	YES	NULL	MUL	utf8mb3
field_data_field_sirius_payrate	1	entity_type	varchar	varchar(128)	NO	''	PRI	utf8mb3
field_data_field_sirius_payrate	2	bundle	varchar	varchar(128)	NO	''	MUL	utf8mb3
field_data_field_sirius_payrate	3	deleted	tinyint	tinyint(4)	NO	0	PRI	
field_data_field_sirius_payrate	4	entity_id	int	int(10) unsigned	NO	~NULL~	PRI	
field_data_field_sirius_payrate	5	revision_id	int	int(10) unsigned	YES	NULL	MUL	
field_data_field_sirius_payrate	6	language	varchar	varchar(32)	NO	''	PRI	utf8mb3
field_data_field_sirius_payrate	7	delta	int	int(10) unsigned	NO	~NULL~	PRI	
field_data_field_sirius_payrate	8	field_sirius_payrate_value	decimal	decimal(10,2)	YES	NULL		
field_data_field_sirius_payrate_skilled	1	entity_type	varchar	varchar(128)	NO	''	PRI	utf8mb3
field_data_field_sirius_payrate_skilled	2	bundle	varchar	varchar(128)	NO	''	MUL	utf8mb3
field_data_field_sirius_payrate_skilled	3	deleted	tinyint	tinyint(4)	NO	0	PRI	
field_data_field_sirius_payrate_skilled	4	entity_id	int	int(10) unsigned	NO	~NULL~	PRI	
field_data_field_sirius_payrate_skilled	5	revision_id	int	int(10) unsigned	YES	NULL	MUL	
field_data_field_sirius_payrate_skilled	6	language	varchar	varchar(32)	NO	''	PRI	utf8mb3
field_data_field_sirius_payrate_skilled	7	delta	int	int(10) unsigned	NO	~NULL~	PRI	
field_data_field_sirius_payrate_skilled	8	field_sirius_payrate_skilled_value	decimal	decimal(10,2)	YES	NULL		
field_data_field_sirius_phone	1	entity_type	varchar	varchar(128)	NO	''	PRI	utf8mb3
field_data_field_sirius_phone	2	bundle	varchar	varchar(128)	NO	''	MUL	utf8mb3
field_data_field_sirius_phone	3	deleted	tinyint	tinyint(4)	NO	0	PRI	
field_data_field_sirius_phone	4	entity_id	int	int(10) unsigned	NO	~NULL~	PRI	
field_data_field_sirius_phone	5	revision_id	int	int(10) unsigned	YES	NULL	MUL	
field_data_field_sirius_phone	6	language	varchar	varchar(32)	NO	''	PRI	utf8mb3
field_data_field_sirius_phone	7	delta	int	int(10) unsigned	NO	~NULL~	PRI	
field_data_field_sirius_phone	8	field_sirius_phone_value	varchar	varchar(255)	YES	NULL	MUL	utf8mb3
field_data_field_sirius_phone	9	field_sirius_phone_format	varchar	varchar(255)	YES	NULL	MUL	utf8mb3
field_data_field_sirius_phone_alt	1	entity_type	varchar	varchar(128)	NO	''	PRI	utf8mb3
field_data_field_sirius_phone_alt	2	bundle	varchar	varchar(128)	NO	''	MUL	utf8mb3
field_data_field_sirius_phone_alt	3	deleted	tinyint	tinyint(4)	NO	0	PRI	
field_data_field_sirius_phone_alt	4	entity_id	int	int(10) unsigned	NO	~NULL~	PRI	
field_data_field_sirius_phone_alt	5	revision_id	int	int(10) unsigned	YES	NULL	MUL	
field_data_field_sirius_phone_alt	6	language	varchar	varchar(32)	NO	''	PRI	utf8mb3
field_data_field_sirius_phone_alt	7	delta	int	int(10) unsigned	NO	~NULL~	PRI	
field_data_field_sirius_phone_alt	8	field_sirius_phone_alt_value	varchar	varchar(255)	YES	NULL		utf8mb3
field_data_field_sirius_phone_alt	9	field_sirius_phone_alt_format	varchar	varchar(255)	YES	NULL	MUL	utf8mb3
field_data_field_sirius_phone_fax	1	entity_type	varchar	varchar(128)	NO	''	PRI	utf8mb3
field_data_field_sirius_phone_fax	2	bundle	varchar	varchar(128)	NO	''	MUL	utf8mb3
field_data_field_sirius_phone_fax	3	deleted	tinyint	tinyint(4)	NO	0	PRI	
field_data_field_sirius_phone_fax	4	entity_id	int	int(10) unsigned	NO	~NULL~	PRI	
field_data_field_sirius_phone_fax	5	revision_id	int	int(10) unsigned	YES	NULL	MUL	
field_data_field_sirius_phone_fax	6	language	varchar	varchar(32)	NO	''	PRI	utf8mb3
field_data_field_sirius_phone_fax	7	delta	int	int(10) unsigned	NO	~NULL~	PRI	
field_data_field_sirius_phone_fax	8	field_sirius_phone_fax_value	varchar	varchar(255)	YES	NULL		utf8mb3
field_data_field_sirius_phone_fax	9	field_sirius_phone_fax_format	varchar	varchar(255)	YES	NULL	MUL	utf8mb3
field_data_field_sirius_phone_mobile	1	entity_type	varchar	varchar(128)	NO	''	PRI	utf8mb3
field_data_field_sirius_phone_mobile	2	bundle	varchar	varchar(128)	NO	''	MUL	utf8mb3
field_data_field_sirius_phone_mobile	3	deleted	tinyint	tinyint(4)	NO	0	PRI	
field_data_field_sirius_phone_mobile	4	entity_id	int	int(10) unsigned	NO	~NULL~	PRI	
field_data_field_sirius_phone_mobile	5	revision_id	int	int(10) unsigned	YES	NULL	MUL	
field_data_field_sirius_phone_mobile	6	language	varchar	varchar(32)	NO	''	PRI	utf8mb3
field_data_field_sirius_phone_mobile	7	delta	int	int(10) unsigned	NO	~NULL~	PRI	
field_data_field_sirius_phone_mobile	8	field_sirius_phone_mobile_value	varchar	varchar(255)	YES	NULL		utf8mb3
field_data_field_sirius_phone_mobile	9	field_sirius_phone_mobile_format	varchar	varchar(255)	YES	NULL	MUL	utf8mb3
field_data_field_sirius_provider_npi	1	entity_type	varchar	varchar(128)	NO	''	PRI	utf8mb3
field_data_field_sirius_provider_npi	2	bundle	varchar	varchar(128)	NO	''	MUL	utf8mb3
field_data_field_sirius_provider_npi	3	deleted	tinyint	tinyint(4)	NO	0	PRI	
field_data_field_sirius_provider_npi	4	entity_id	int	int(10) unsigned	NO	~NULL~	PRI	
field_data_field_sirius_provider_npi	5	revision_id	int	int(10) unsigned	YES	NULL	MUL	
field_data_field_sirius_provider_npi	6	language	varchar	varchar(32)	NO	''	PRI	utf8mb3
field_data_field_sirius_provider_npi	7	delta	int	int(10) unsigned	NO	~NULL~	PRI	
field_data_field_sirius_provider_npi	8	field_sirius_provider_npi_value	varchar	varchar(20)	YES	NULL		utf8mb3
field_data_field_sirius_provider_npi	9	field_sirius_provider_npi_format	varchar	varchar(255)	YES	NULL	MUL	utf8mb3
field_data_field_sirius_public	1	entity_type	varchar	varchar(128)	NO	''	PRI	utf8mb3
field_data_field_sirius_public	2	bundle	varchar	varchar(128)	NO	''	MUL	utf8mb3
field_data_field_sirius_public	3	deleted	tinyint	tinyint(4)	NO	0	PRI	
field_data_field_sirius_public	4	entity_id	int	int(10) unsigned	NO	~NULL~	PRI	
field_data_field_sirius_public	5	revision_id	int	int(10) unsigned	YES	NULL	MUL	
field_data_field_sirius_public	6	language	varchar	varchar(32)	NO	''	PRI	utf8mb3
field_data_field_sirius_public	7	delta	int	int(10) unsigned	NO	~NULL~	PRI	
field_data_field_sirius_public	8	field_sirius_public_value	varchar	varchar(255)	YES	NULL	MUL	utf8mb3
field_data_field_sirius_rawhtml	1	entity_type	varchar	varchar(128)	NO	''	PRI	utf8mb3
field_data_field_sirius_rawhtml	2	bundle	varchar	varchar(128)	NO	''	MUL	utf8mb3
field_data_field_sirius_rawhtml	3	deleted	tinyint	tinyint(4)	NO	0	PRI	
field_data_field_sirius_rawhtml	4	entity_id	int	int(10) unsigned	NO	~NULL~	PRI	
field_data_field_sirius_rawhtml	5	revision_id	int	int(10) unsigned	YES	NULL	MUL	
field_data_field_sirius_rawhtml	6	language	varchar	varchar(32)	NO	''	PRI	utf8mb3
field_data_field_sirius_rawhtml	7	delta	int	int(10) unsigned	NO	~NULL~	PRI	
field_data_field_sirius_rawhtml	8	field_sirius_rawhtml_value	longtext	longtext	YES	NULL		utf8mb3
field_data_field_sirius_rawhtml	9	field_sirius_rawhtml_format	varchar	varchar(255)	YES	NULL	MUL	utf8mb3
field_data_field_sirius_representatives	1	entity_type	varchar	varchar(128)	NO	''	PRI	utf8mb3
field_data_field_sirius_representatives	2	bundle	varchar	varchar(128)	NO	''	MUL	utf8mb3
field_data_field_sirius_representatives	3	deleted	tinyint	tinyint(4)	NO	0	PRI	
field_data_field_sirius_representatives	4	entity_id	int	int(10) unsigned	NO	~NULL~	PRI	
field_data_field_sirius_representatives	5	revision_id	int	int(10) unsigned	YES	NULL	MUL	
field_data_field_sirius_representatives	6	language	varchar	varchar(32)	NO	''	PRI	utf8mb3
field_data_field_sirius_representatives	7	delta	int	int(10) unsigned	NO	~NULL~	PRI	
field_data_field_sirius_representatives	8	field_sirius_representatives_target_id	int	int(10) unsigned	NO	~NULL~	MUL	
field_data_field_sirius_roles	1	entity_type	varchar	varchar(128)	NO	''	PRI	utf8mb3
field_data_field_sirius_roles	2	bundle	varchar	varchar(128)	NO	''	MUL	utf8mb3
field_data_field_sirius_roles	3	deleted	tinyint	tinyint(4)	NO	0	PRI	
field_data_field_sirius_roles	4	entity_id	int	int(10) unsigned	NO	~NULL~	PRI	
field_data_field_sirius_roles	5	revision_id	int	int(10) unsigned	YES	NULL	MUL	
field_data_field_sirius_roles	6	language	varchar	varchar(32)	NO	''	PRI	utf8mb3
field_data_field_sirius_roles	7	delta	int	int(10) unsigned	NO	~NULL~	PRI	
field_data_field_sirius_roles	8	field_sirius_roles_value	int	int(11)	NO	~NULL~		
field_data_field_sirius_signature	1	entity_type	varchar	varchar(128)	NO	''	PRI	utf8mb3
field_data_field_sirius_signature	2	bundle	varchar	varchar(128)	NO	''	MUL	utf8mb3
field_data_field_sirius_signature	3	deleted	tinyint	tinyint(4)	NO	0	PRI	
field_data_field_sirius_signature	4	entity_id	int	int(10) unsigned	NO	~NULL~	PRI	
field_data_field_sirius_signature	5	revision_id	int	int(10) unsigned	YES	NULL	MUL	
field_data_field_sirius_signature	6	language	varchar	varchar(32)	NO	''	PRI	utf8mb3
field_data_field_sirius_signature	7	delta	int	int(10) unsigned	NO	~NULL~	PRI	
field_data_field_sirius_signature	8	field_sirius_signature_fid	int	int(10) unsigned	YES	NULL	MUL	
field_data_field_sirius_signature	9	field_sirius_signature_alt	varchar	varchar(512)	YES	NULL		utf8mb3
field_data_field_sirius_signature	10	field_sirius_signature_title	varchar	varchar(1024)	YES	NULL		utf8mb3
field_data_field_sirius_signature	11	field_sirius_signature_width	int	int(10) unsigned	YES	NULL		
field_data_field_sirius_signature	12	field_sirius_signature_height	int	int(10) unsigned	YES	NULL		
field_data_field_sirius_skill	1	entity_type	varchar	varchar(128)	NO	''	PRI	utf8mb3
field_data_field_sirius_skill	2	bundle	varchar	varchar(128)	NO	''	MUL	utf8mb3
field_data_field_sirius_skill	3	deleted	tinyint	tinyint(4)	NO	0	PRI	
field_data_field_sirius_skill	4	entity_id	int	int(10) unsigned	NO	~NULL~	PRI	
field_data_field_sirius_skill	5	revision_id	int	int(10) unsigned	YES	NULL	MUL	
field_data_field_sirius_skill	6	language	varchar	varchar(32)	NO	''	PRI	utf8mb3
field_data_field_sirius_skill	7	delta	int	int(10) unsigned	NO	~NULL~	PRI	
field_data_field_sirius_skill	8	field_sirius_skill_tid	int	int(10) unsigned	YES	NULL	MUL	
field_data_field_sirius_skills_avail	1	entity_type	varchar	varchar(128)	NO	''	PRI	utf8mb3
field_data_field_sirius_skills_avail	2	bundle	varchar	varchar(128)	NO	''	MUL	utf8mb3
field_data_field_sirius_skills_avail	3	deleted	tinyint	tinyint(4)	NO	0	PRI	
field_data_field_sirius_skills_avail	4	entity_id	int	int(10) unsigned	NO	~NULL~	PRI	
field_data_field_sirius_skills_avail	5	revision_id	int	int(10) unsigned	YES	NULL	MUL	
field_data_field_sirius_skills_avail	6	language	varchar	varchar(32)	NO	''	PRI	utf8mb3
field_data_field_sirius_skills_avail	7	delta	int	int(10) unsigned	NO	~NULL~	PRI	
field_data_field_sirius_skills_avail	8	field_sirius_skills_avail_tid	int	int(10) unsigned	YES	NULL	MUL	
field_data_field_sirius_skills_availx	1	entity_type	varchar	varchar(128)	NO	''	PRI	utf8mb3
field_data_field_sirius_skills_availx	2	bundle	varchar	varchar(128)	NO	''	MUL	utf8mb3
field_data_field_sirius_skills_availx	3	deleted	tinyint	tinyint(4)	NO	0	PRI	
field_data_field_sirius_skills_availx	4	entity_id	int	int(10) unsigned	NO	~NULL~	PRI	
field_data_field_sirius_skills_availx	5	revision_id	int	int(10) unsigned	YES	NULL	MUL	
field_data_field_sirius_skills_availx	6	language	varchar	varchar(32)	NO	''	PRI	utf8mb3
field_data_field_sirius_skills_availx	7	delta	int	int(10) unsigned	NO	~NULL~	PRI	
field_data_field_sirius_skills_availx	8	field_sirius_skills_availx_value	varchar	varchar(255)	YES	NULL	MUL	utf8mb3
field_data_field_sirius_skill_expire	1	entity_type	varchar	varchar(128)	NO	''	PRI	utf8mb3
field_data_field_sirius_skill_expire	2	bundle	varchar	varchar(128)	NO	''	MUL	utf8mb3
field_data_field_sirius_skill_expire	3	deleted	tinyint	tinyint(4)	NO	0	PRI	
field_data_field_sirius_skill_expire	4	entity_id	int	int(10) unsigned	NO	~NULL~	PRI	
field_data_field_sirius_skill_expire	5	revision_id	int	int(10) unsigned	YES	NULL	MUL	
field_data_field_sirius_skill_expire	6	language	varchar	varchar(32)	NO	''	PRI	utf8mb3
field_data_field_sirius_skill_expire	7	delta	int	int(10) unsigned	NO	~NULL~	PRI	
field_data_field_sirius_skill_expire	8	field_sirius_skill_expire_value	datetime	datetime	YES	NULL	MUL	
field_data_field_sirius_sms	1	entity_type	varchar	varchar(128)	NO	''	PRI	utf8mb3
field_data_field_sirius_sms	2	bundle	varchar	varchar(128)	NO	''	MUL	utf8mb3
field_data_field_sirius_sms	3	deleted	tinyint	tinyint(4)	NO	0	PRI	
field_data_field_sirius_sms	4	entity_id	int	int(10) unsigned	NO	~NULL~	PRI	
field_data_field_sirius_sms	5	revision_id	int	int(10) unsigned	YES	NULL	MUL	
field_data_field_sirius_sms	6	language	varchar	varchar(32)	NO	''	PRI	utf8mb3
field_data_field_sirius_sms	7	delta	int	int(10) unsigned	NO	~NULL~	PRI	
field_data_field_sirius_sms	8	field_sirius_sms_value	longtext	longtext	YES	NULL		utf8mb3
field_data_field_sirius_sms	9	field_sirius_sms_format	varchar	varchar(255)	YES	NULL	MUL	utf8mb3
field_data_field_sirius_sms_possible	1	entity_type	varchar	varchar(128)	NO	''	PRI	utf8mb3
field_data_field_sirius_sms_possible	2	bundle	varchar	varchar(128)	NO	''	MUL	utf8mb3
field_data_field_sirius_sms_possible	3	deleted	tinyint	tinyint(4)	NO	0	PRI	
field_data_field_sirius_sms_possible	4	entity_id	int	int(10) unsigned	NO	~NULL~	PRI	
field_data_field_sirius_sms_possible	5	revision_id	int	int(10) unsigned	YES	NULL	MUL	
field_data_field_sirius_sms_possible	6	language	varchar	varchar(32)	NO	''	PRI	utf8mb3
field_data_field_sirius_sms_possible	7	delta	int	int(10) unsigned	NO	~NULL~	PRI	
field_data_field_sirius_sms_possible	8	field_sirius_sms_possible_value	varchar	varchar(255)	YES	NULL	MUL	utf8mb3
field_data_field_sirius_source	1	entity_type	varchar	varchar(128)	NO	''	PRI	utf8mb3
field_data_field_sirius_source	2	bundle	varchar	varchar(128)	NO	''	MUL	utf8mb3
field_data_field_sirius_source	3	deleted	tinyint	tinyint(4)	NO	0	PRI	
field_data_field_sirius_source	4	entity_id	int	int(10) unsigned	NO	~NULL~	PRI	
field_data_field_sirius_source	5	revision_id	int	int(10) unsigned	YES	NULL	MUL	
field_data_field_sirius_source	6	language	varchar	varchar(32)	NO	''	PRI	utf8mb3
field_data_field_sirius_source	7	delta	int	int(10) unsigned	NO	~NULL~	PRI	
field_data_field_sirius_source	8	field_sirius_source_value	varchar	varchar(255)	YES	NULL		utf8mb3
field_data_field_sirius_source	9	field_sirius_source_format	varchar	varchar(255)	YES	NULL	MUL	utf8mb3
field_data_field_sirius_ssn	1	entity_type	varchar	varchar(128)	NO	''	PRI	utf8mb3
field_data_field_sirius_ssn	2	bundle	varchar	varchar(128)	NO	''	MUL	utf8mb3
field_data_field_sirius_ssn	3	deleted	tinyint	tinyint(4)	NO	0	PRI	
field_data_field_sirius_ssn	4	entity_id	int	int(10) unsigned	NO	~NULL~	PRI	
field_data_field_sirius_ssn	5	revision_id	int	int(10) unsigned	YES	NULL	MUL	
field_data_field_sirius_ssn	6	language	varchar	varchar(32)	NO	''	PRI	utf8mb3
field_data_field_sirius_ssn	7	delta	int	int(10) unsigned	NO	~NULL~	PRI	
field_data_field_sirius_ssn	8	field_sirius_ssn_value	varchar	varchar(255)	YES	NULL	MUL	utf8mb3
field_data_field_sirius_ssn	9	field_sirius_ssn_format	varchar	varchar(255)	YES	NULL	MUL	utf8mb3
field_data_field_sirius_summary	1	entity_type	varchar	varchar(128)	NO	''	PRI	utf8mb3
field_data_field_sirius_summary	2	bundle	varchar	varchar(128)	NO	''	MUL	utf8mb3
field_data_field_sirius_summary	3	deleted	tinyint	tinyint(4)	NO	0	PRI	
field_data_field_sirius_summary	4	entity_id	int	int(10) unsigned	NO	~NULL~	PRI	
field_data_field_sirius_summary	5	revision_id	int	int(10) unsigned	YES	NULL	MUL	
field_data_field_sirius_summary	6	language	varchar	varchar(32)	NO	''	PRI	utf8mb3
field_data_field_sirius_summary	7	delta	int	int(10) unsigned	NO	~NULL~	PRI	
field_data_field_sirius_summary	8	field_sirius_summary_value	longtext	longtext	YES	NULL		utf8mb3
field_data_field_sirius_summary	9	field_sirius_summary_format	varchar	varchar(255)	YES	NULL	MUL	utf8mb3
field_data_field_sirius_term_proxy	1	entity_type	varchar	varchar(128)	NO	''	PRI	utf8mb3
field_data_field_sirius_term_proxy	2	bundle	varchar	varchar(128)	NO	''	MUL	utf8mb3
field_data_field_sirius_term_proxy	3	deleted	tinyint	tinyint(4)	NO	0	PRI	
field_data_field_sirius_term_proxy	4	entity_id	int	int(10) unsigned	NO	~NULL~	PRI	
field_data_field_sirius_term_proxy	5	revision_id	int	int(10) unsigned	YES	NULL	MUL	
field_data_field_sirius_term_proxy	6	language	varchar	varchar(32)	NO	''	PRI	utf8mb3
field_data_field_sirius_term_proxy	7	delta	int	int(10) unsigned	NO	~NULL~	PRI	
field_data_field_sirius_term_proxy	8	field_sirius_term_proxy_target_id	int	int(10) unsigned	NO	~NULL~	MUL	
field_data_field_sirius_term_source	1	entity_type	varchar	varchar(128)	NO	''	PRI	utf8mb3
field_data_field_sirius_term_source	2	bundle	varchar	varchar(128)	NO	''	MUL	utf8mb3
field_data_field_sirius_term_source	3	deleted	tinyint	tinyint(4)	NO	0	PRI	
field_data_field_sirius_term_source	4	entity_id	int	int(10) unsigned	NO	~NULL~	PRI	
field_data_field_sirius_term_source	5	revision_id	int	int(10) unsigned	YES	NULL	MUL	
field_data_field_sirius_term_source	6	language	varchar	varchar(32)	NO	''	PRI	utf8mb3
field_data_field_sirius_term_source	7	delta	int	int(10) unsigned	NO	~NULL~	PRI	
field_data_field_sirius_term_source	8	field_sirius_term_source_value	varchar	varchar(255)	YES	NULL		utf8mb3
field_data_field_sirius_term_source	9	field_sirius_term_source_format	varchar	varchar(255)	YES	NULL	MUL	utf8mb3
field_data_field_sirius_timelimit	1	entity_type	varchar	varchar(128)	NO	''	PRI	utf8mb3
field_data_field_sirius_timelimit	2	bundle	varchar	varchar(128)	NO	''	MUL	utf8mb3
field_data_field_sirius_timelimit	3	deleted	tinyint	tinyint(4)	NO	0	PRI	
field_data_field_sirius_timelimit	4	entity_id	int	int(10) unsigned	NO	~NULL~	PRI	
field_data_field_sirius_timelimit	5	revision_id	int	int(10) unsigned	YES	NULL	MUL	
field_data_field_sirius_timelimit	6	language	varchar	varchar(32)	NO	''	PRI	utf8mb3
field_data_field_sirius_timelimit	7	delta	int	int(10) unsigned	NO	~NULL~	PRI	
field_data_field_sirius_timelimit	8	field_sirius_timelimit_value	decimal	decimal(10,2)	YES	NULL		
field_data_field_sirius_title	1	entity_type	varchar	varchar(128)	NO	''	PRI	utf8mb3
field_data_field_sirius_title	2	bundle	varchar	varchar(128)	NO	''	MUL	utf8mb3
field_data_field_sirius_title	3	deleted	tinyint	tinyint(4)	NO	0	PRI	
field_data_field_sirius_title	4	entity_id	int	int(10) unsigned	NO	~NULL~	PRI	
field_data_field_sirius_title	5	revision_id	int	int(10) unsigned	YES	NULL	MUL	
field_data_field_sirius_title	6	language	varchar	varchar(32)	NO	''	PRI	utf8mb3
field_data_field_sirius_title	7	delta	int	int(10) unsigned	NO	~NULL~	PRI	
field_data_field_sirius_title	8	field_sirius_title_value	varchar	varchar(255)	YES	NULL		utf8mb3
field_data_field_sirius_title	9	field_sirius_title_format	varchar	varchar(255)	YES	NULL	MUL	utf8mb3
field_data_field_sirius_trust_benefit	1	entity_type	varchar	varchar(128)	NO	''	PRI	utf8mb3
field_data_field_sirius_trust_benefit	2	bundle	varchar	varchar(128)	NO	''	MUL	utf8mb3
field_data_field_sirius_trust_benefit	3	deleted	tinyint	tinyint(4)	NO	0	PRI	
field_data_field_sirius_trust_benefit	4	entity_id	int	int(10) unsigned	NO	~NULL~	PRI	
field_data_field_sirius_trust_benefit	5	revision_id	int	int(10) unsigned	YES	NULL	MUL	
field_data_field_sirius_trust_benefit	6	language	varchar	varchar(32)	NO	''	PRI	utf8mb3
field_data_field_sirius_trust_benefit	7	delta	int	int(10) unsigned	NO	~NULL~	PRI	
field_data_field_sirius_trust_benefit	8	field_sirius_trust_benefit_target_id	int	int(10) unsigned	NO	~NULL~	MUL	
field_data_field_sirius_trust_benefits	1	entity_type	varchar	varchar(128)	NO	''	PRI	utf8mb3
field_data_field_sirius_trust_benefits	2	bundle	varchar	varchar(128)	NO	''	MUL	utf8mb3
field_data_field_sirius_trust_benefits	3	deleted	tinyint	tinyint(4)	NO	0	PRI	
field_data_field_sirius_trust_benefits	4	entity_id	int	int(10) unsigned	NO	~NULL~	PRI	
field_data_field_sirius_trust_benefits	5	revision_id	int	int(10) unsigned	YES	NULL	MUL	
field_data_field_sirius_trust_benefits	6	language	varchar	varchar(32)	NO	''	PRI	utf8mb3
field_data_field_sirius_trust_benefits	7	delta	int	int(10) unsigned	NO	~NULL~	PRI	
field_data_field_sirius_trust_benefits	8	field_sirius_trust_benefits_target_id	int	int(10) unsigned	NO	~NULL~	MUL	
field_data_field_sirius_trust_benefit_type	1	entity_type	varchar	varchar(128)	NO	''	PRI	utf8mb3
field_data_field_sirius_trust_benefit_type	2	bundle	varchar	varchar(128)	NO	''	MUL	utf8mb3
field_data_field_sirius_trust_benefit_type	3	deleted	tinyint	tinyint(4)	NO	0	PRI	
field_data_field_sirius_trust_benefit_type	4	entity_id	int	int(10) unsigned	NO	~NULL~	PRI	
field_data_field_sirius_trust_benefit_type	5	revision_id	int	int(10) unsigned	YES	NULL	MUL	
field_data_field_sirius_trust_benefit_type	6	language	varchar	varchar(32)	NO	''	PRI	utf8mb3
field_data_field_sirius_trust_benefit_type	7	delta	int	int(10) unsigned	NO	~NULL~	PRI	
field_data_field_sirius_trust_benefit_type	8	field_sirius_trust_benefit_type_tid	int	int(10) unsigned	YES	NULL	MUL	
field_data_field_sirius_trust_election	1	entity_type	varchar	varchar(128)	NO	''	PRI	utf8mb3
field_data_field_sirius_trust_election	2	bundle	varchar	varchar(128)	NO	''	MUL	utf8mb3
field_data_field_sirius_trust_election	3	deleted	tinyint	tinyint(4)	NO	0	PRI	
field_data_field_sirius_trust_election	4	entity_id	int	int(10) unsigned	NO	~NULL~	PRI	
field_data_field_sirius_trust_election	5	revision_id	int	int(10) unsigned	YES	NULL	MUL	
field_data_field_sirius_trust_election	6	language	varchar	varchar(32)	NO	''	PRI	utf8mb3
field_data_field_sirius_trust_election	7	delta	int	int(10) unsigned	NO	~NULL~	PRI	
field_data_field_sirius_trust_election	8	field_sirius_trust_election_target_id	int	int(10) unsigned	NO	~NULL~	MUL	
field_data_field_sirius_trust_election_type	1	entity_type	varchar	varchar(128)	NO	''	PRI	utf8mb3
field_data_field_sirius_trust_election_type	2	bundle	varchar	varchar(128)	NO	''	MUL	utf8mb3
field_data_field_sirius_trust_election_type	3	deleted	tinyint	tinyint(4)	NO	0	PRI	
field_data_field_sirius_trust_election_type	4	entity_id	int	int(10) unsigned	NO	~NULL~	PRI	
field_data_field_sirius_trust_election_type	5	revision_id	int	int(10) unsigned	YES	NULL	MUL	
field_data_field_sirius_trust_election_type	6	language	varchar	varchar(32)	NO	''	PRI	utf8mb3
field_data_field_sirius_trust_election_type	7	delta	int	int(10) unsigned	NO	~NULL~	PRI	
field_data_field_sirius_trust_election_type	8	field_sirius_trust_election_type_tid	int	int(10) unsigned	YES	NULL	MUL	
field_data_field_sirius_trust_policy	1	entity_type	varchar	varchar(128)	NO	''	PRI	utf8mb3
field_data_field_sirius_trust_policy	2	bundle	varchar	varchar(128)	NO	''	MUL	utf8mb3
field_data_field_sirius_trust_policy	3	deleted	tinyint	tinyint(4)	NO	0	PRI	
field_data_field_sirius_trust_policy	4	entity_id	int	int(10) unsigned	NO	~NULL~	PRI	
field_data_field_sirius_trust_policy	5	revision_id	int	int(10) unsigned	YES	NULL	MUL	
field_data_field_sirius_trust_policy	6	language	varchar	varchar(32)	NO	''	PRI	utf8mb3
field_data_field_sirius_trust_policy	7	delta	int	int(10) unsigned	NO	~NULL~	PRI	
field_data_field_sirius_trust_policy	8	field_sirius_trust_policy_target_id	int	int(10) unsigned	NO	~NULL~	MUL	
field_data_field_sirius_trust_prov_levels	1	entity_type	varchar	varchar(128)	NO	''	PRI	utf8mb3
field_data_field_sirius_trust_prov_levels	2	bundle	varchar	varchar(128)	NO	''	MUL	utf8mb3
field_data_field_sirius_trust_prov_levels	3	deleted	tinyint	tinyint(4)	NO	0	PRI	
field_data_field_sirius_trust_prov_levels	4	entity_id	int	int(10) unsigned	NO	~NULL~	PRI	
field_data_field_sirius_trust_prov_levels	5	revision_id	int	int(10) unsigned	YES	NULL	MUL	
field_data_field_sirius_trust_prov_levels	6	language	varchar	varchar(32)	NO	''	PRI	utf8mb3
field_data_field_sirius_trust_prov_levels	7	delta	int	int(10) unsigned	NO	~NULL~	PRI	
field_data_field_sirius_trust_prov_levels	8	field_sirius_trust_prov_levels_tid	int	int(10) unsigned	YES	NULL	MUL	
field_data_field_sirius_trust_service_type	1	entity_type	varchar	varchar(128)	NO	''	PRI	utf8mb3
field_data_field_sirius_trust_service_type	2	bundle	varchar	varchar(128)	NO	''	MUL	utf8mb3
field_data_field_sirius_trust_service_type	3	deleted	tinyint	tinyint(4)	NO	0	PRI	
field_data_field_sirius_trust_service_type	4	entity_id	int	int(10) unsigned	NO	~NULL~	PRI	
field_data_field_sirius_trust_service_type	5	revision_id	int	int(10) unsigned	YES	NULL	MUL	
field_data_field_sirius_trust_service_type	6	language	varchar	varchar(32)	NO	''	PRI	utf8mb3
field_data_field_sirius_trust_service_type	7	delta	int	int(10) unsigned	NO	~NULL~	PRI	
field_data_field_sirius_trust_service_type	8	field_sirius_trust_service_type_tid	int	int(10) unsigned	YES	NULL	MUL	
field_data_field_sirius_trust_subscriber	1	entity_type	varchar	varchar(128)	NO	''	PRI	utf8mb3
field_data_field_sirius_trust_subscriber	2	bundle	varchar	varchar(128)	NO	''	MUL	utf8mb3
field_data_field_sirius_trust_subscriber	3	deleted	tinyint	tinyint(4)	NO	0	PRI	
field_data_field_sirius_trust_subscriber	4	entity_id	int	int(10) unsigned	NO	~NULL~	PRI	
field_data_field_sirius_trust_subscriber	5	revision_id	int	int(10) unsigned	YES	NULL	MUL	
field_data_field_sirius_trust_subscriber	6	language	varchar	varchar(32)	NO	''	PRI	utf8mb3
field_data_field_sirius_trust_subscriber	7	delta	int	int(10) unsigned	NO	~NULL~	PRI	
field_data_field_sirius_trust_subscriber	8	field_sirius_trust_subscriber_target_id	int	int(10) unsigned	NO	~NULL~	MUL	
field_data_field_sirius_type	1	entity_type	varchar	varchar(128)	NO	''	PRI	utf8mb3
field_data_field_sirius_type	2	bundle	varchar	varchar(128)	NO	''	MUL	utf8mb3
field_data_field_sirius_type	3	deleted	tinyint	tinyint(4)	NO	0	PRI	
field_data_field_sirius_type	4	entity_id	int	int(10) unsigned	NO	~NULL~	PRI	
field_data_field_sirius_type	5	revision_id	int	int(10) unsigned	YES	NULL	MUL	
field_data_field_sirius_type	6	language	varchar	varchar(32)	NO	''	PRI	utf8mb3
field_data_field_sirius_type	7	delta	int	int(10) unsigned	NO	~NULL~	PRI	
field_data_field_sirius_type	8	field_sirius_type_value	varchar	varchar(255)	YES	NULL		utf8mb3
field_data_field_sirius_type	9	field_sirius_type_format	varchar	varchar(255)	YES	NULL	MUL	utf8mb3
field_data_field_sirius_tz	1	entity_type	varchar	varchar(128)	NO	''	PRI	utf8mb3
field_data_field_sirius_tz	2	bundle	varchar	varchar(128)	NO	''	MUL	utf8mb3
field_data_field_sirius_tz	3	deleted	tinyint	tinyint(4)	NO	0	PRI	
field_data_field_sirius_tz	4	entity_id	int	int(10) unsigned	NO	~NULL~	PRI	
field_data_field_sirius_tz	5	revision_id	int	int(10) unsigned	YES	NULL	MUL	
field_data_field_sirius_tz	6	language	varchar	varchar(32)	NO	''	PRI	utf8mb3
field_data_field_sirius_tz	7	delta	int	int(10) unsigned	NO	~NULL~	PRI	
field_data_field_sirius_tz	8	field_sirius_tz_value	varchar	varchar(32)	YES	NULL	MUL	utf8mb3
field_data_field_sirius_users	1	entity_type	varchar	varchar(128)	NO	''	PRI	utf8mb3
field_data_field_sirius_users	2	bundle	varchar	varchar(128)	NO	''	MUL	utf8mb3
field_data_field_sirius_users	3	deleted	tinyint	tinyint(4)	NO	0	PRI	
field_data_field_sirius_users	4	entity_id	int	int(10) unsigned	NO	~NULL~	PRI	
field_data_field_sirius_users	5	revision_id	int	int(10) unsigned	YES	NULL	MUL	
field_data_field_sirius_users	6	language	varchar	varchar(32)	NO	''	PRI	utf8mb3
field_data_field_sirius_users	7	delta	int	int(10) unsigned	NO	~NULL~	PRI	
field_data_field_sirius_users	8	field_sirius_users_target_id	int	int(10) unsigned	NO	~NULL~	MUL	
field_data_field_sirius_voice	1	entity_type	varchar	varchar(128)	NO	''	PRI	utf8mb3
field_data_field_sirius_voice	2	bundle	varchar	varchar(128)	NO	''	MUL	utf8mb3
field_data_field_sirius_voice	3	deleted	tinyint	tinyint(4)	NO	0	PRI	
field_data_field_sirius_voice	4	entity_id	int	int(10) unsigned	NO	~NULL~	PRI	
field_data_field_sirius_voice	5	revision_id	int	int(10) unsigned	YES	NULL	MUL	
field_data_field_sirius_voice	6	language	varchar	varchar(32)	NO	''	PRI	utf8mb3
field_data_field_sirius_voice	7	delta	int	int(10) unsigned	NO	~NULL~	PRI	
field_data_field_sirius_voice	8	field_sirius_voice_value	longtext	longtext	YES	NULL		utf8mb3
field_data_field_sirius_voice	9	field_sirius_voice_format	varchar	varchar(255)	YES	NULL	MUL	utf8mb3
field_data_field_sirius_voice_possible	1	entity_type	varchar	varchar(128)	NO	''	PRI	utf8mb3
field_data_field_sirius_voice_possible	2	bundle	varchar	varchar(128)	NO	''	MUL	utf8mb3
field_data_field_sirius_voice_possible	3	deleted	tinyint	tinyint(4)	NO	0	PRI	
field_data_field_sirius_voice_possible	4	entity_id	int	int(10) unsigned	NO	~NULL~	PRI	
field_data_field_sirius_voice_possible	5	revision_id	int	int(10) unsigned	YES	NULL	MUL	
field_data_field_sirius_voice_possible	6	language	varchar	varchar(32)	NO	''	PRI	utf8mb3
field_data_field_sirius_voice_possible	7	delta	int	int(10) unsigned	NO	~NULL~	PRI	
field_data_field_sirius_voice_possible	8	field_sirius_voice_possible_value	varchar	varchar(255)	YES	NULL	MUL	utf8mb3
field_data_field_sirius_worker	1	entity_type	varchar	varchar(128)	NO	''	PRI	utf8mb3
field_data_field_sirius_worker	2	bundle	varchar	varchar(128)	NO	''	MUL	utf8mb3
field_data_field_sirius_worker	3	deleted	tinyint	tinyint(4)	NO	0	PRI	
field_data_field_sirius_worker	4	entity_id	int	int(10) unsigned	NO	~NULL~	PRI	
field_data_field_sirius_worker	5	revision_id	int	int(10) unsigned	YES	NULL	MUL	
field_data_field_sirius_worker	6	language	varchar	varchar(32)	NO	''	PRI	utf8mb3
field_data_field_sirius_worker	7	delta	int	int(10) unsigned	NO	~NULL~	PRI	
field_data_field_sirius_worker	8	field_sirius_worker_target_id	int	int(10) unsigned	NO	~NULL~	MUL	
field_data_field_sirius_worker_dispstatus	1	entity_type	varchar	varchar(128)	NO	''	PRI	utf8mb3
field_data_field_sirius_worker_dispstatus	2	bundle	varchar	varchar(128)	NO	''	MUL	utf8mb3
field_data_field_sirius_worker_dispstatus	3	deleted	tinyint	tinyint(4)	NO	0	PRI	
field_data_field_sirius_worker_dispstatus	4	entity_id	int	int(10) unsigned	NO	~NULL~	PRI	
field_data_field_sirius_worker_dispstatus	5	revision_id	int	int(10) unsigned	YES	NULL	MUL	
field_data_field_sirius_worker_dispstatus	6	language	varchar	varchar(32)	NO	''	PRI	utf8mb3
field_data_field_sirius_worker_dispstatus	7	delta	int	int(10) unsigned	NO	~NULL~	PRI	
field_data_field_sirius_worker_dispstatus	8	field_sirius_worker_dispstatus_tid	int	int(10) unsigned	YES	NULL	MUL	
field_data_field_sirius_work_status	1	entity_type	varchar	varchar(128)	NO	''	PRI	utf8mb3
field_data_field_sirius_work_status	2	bundle	varchar	varchar(128)	NO	''	MUL	utf8mb3
field_data_field_sirius_work_status	3	deleted	tinyint	tinyint(4)	NO	0	PRI	
field_data_field_sirius_work_status	4	entity_id	int	int(10) unsigned	NO	~NULL~	PRI	
field_data_field_sirius_work_status	5	revision_id	int	int(10) unsigned	YES	NULL	MUL	
field_data_field_sirius_work_status	6	language	varchar	varchar(32)	NO	''	PRI	utf8mb3
field_data_field_sirius_work_status	7	delta	int	int(10) unsigned	NO	~NULL~	PRI	
field_data_field_sirius_work_status	8	field_sirius_work_status_tid	int	int(10) unsigned	YES	NULL	MUL	
field_group	1	id	int	int(11)	NO	~NULL~	PRI	
field_group	2	identifier	varchar	varchar(255)	NO	''	UNI	utf8mb3
field_group	3	group_name	varchar	varchar(32)	NO	''	MUL	utf8mb3
field_group	4	entity_type	varchar	varchar(32)	NO	''		utf8mb3
field_group	5	bundle	varchar	varchar(128)	NO	''		utf8mb3
field_group	6	mode	varchar	varchar(128)	NO	''		utf8mb3
field_group	7	parent_name	varchar	varchar(32)	NO	''		utf8mb3
field_group	8	data	longblob	longblob	NO	~NULL~		
field_revision_body	1	entity_type	varchar	varchar(128)	NO	''	PRI	utf8mb3
field_revision_body	2	bundle	varchar	varchar(128)	NO	''	MUL	utf8mb3
field_revision_body	3	deleted	tinyint	tinyint(4)	NO	0	PRI	
field_revision_body	4	entity_id	int	int(10) unsigned	NO	~NULL~	PRI	
field_revision_body	5	revision_id	int	int(10) unsigned	NO	~NULL~	PRI	
field_revision_body	6	language	varchar	varchar(32)	NO	''	PRI	utf8mb3
field_revision_body	7	delta	int	int(10) unsigned	NO	~NULL~	PRI	
field_revision_body	8	body_value	longtext	longtext	YES	NULL		utf8mb3
field_revision_body	9	body_summary	longtext	longtext	YES	NULL		utf8mb3
field_revision_body	10	body_format	varchar	varchar(255)	YES	NULL	MUL	utf8mb3
field_revision_comment_body	1	entity_type	varchar	varchar(128)	NO	''	PRI	utf8mb3
field_revision_comment_body	2	bundle	varchar	varchar(128)	NO	''	MUL	utf8mb3
field_revision_comment_body	3	deleted	tinyint	tinyint(4)	NO	0	PRI	
field_revision_comment_body	4	entity_id	int	int(10) unsigned	NO	~NULL~	PRI	
field_revision_comment_body	5	revision_id	int	int(10) unsigned	NO	~NULL~	PRI	
field_revision_comment_body	6	language	varchar	varchar(32)	NO	''	PRI	utf8mb3
field_revision_comment_body	7	delta	int	int(10) unsigned	NO	~NULL~	PRI	
field_revision_comment_body	8	comment_body_value	longtext	longtext	YES	NULL		utf8mb3
field_revision_comment_body	9	comment_body_format	varchar	varchar(255)	YES	NULL	MUL	utf8mb3
field_revision_field_field_grievance_resproc_ua	1	entity_type	varchar	varchar(128)	NO	''	PRI	utf8mb3
field_revision_field_field_grievance_resproc_ua	2	bundle	varchar	varchar(128)	NO	''	MUL	utf8mb3
field_revision_field_field_grievance_resproc_ua	3	deleted	tinyint	tinyint(4)	NO	0	PRI	
field_revision_field_field_grievance_resproc_ua	4	entity_id	int	int(10) unsigned	NO	~NULL~	PRI	
field_revision_field_field_grievance_resproc_ua	5	revision_id	int	int(10) unsigned	NO	~NULL~	PRI	
field_revision_field_field_grievance_resproc_ua	6	language	varchar	varchar(32)	NO	''	PRI	utf8mb3
field_revision_field_field_grievance_resproc_ua	7	delta	int	int(10) unsigned	NO	~NULL~	PRI	
field_revision_field_field_grievance_resproc_ua	8	field_field_grievance_resproc_ua_value	varchar	varchar(255)	YES	NULL		utf8mb3
field_revision_field_field_grievance_resproc_ua	9	field_field_grievance_resproc_ua_format	varchar	varchar(255)	YES	NULL	MUL	utf8mb3
field_revision_field_file_image_alt_text	1	entity_type	varchar	varchar(128)	NO	''	PRI	utf8mb3
field_revision_field_file_image_alt_text	2	bundle	varchar	varchar(128)	NO	''	MUL	utf8mb3
field_revision_field_file_image_alt_text	3	deleted	tinyint	tinyint(4)	NO	0	PRI	
field_revision_field_file_image_alt_text	4	entity_id	int	int(10) unsigned	NO	~NULL~	PRI	
field_revision_field_file_image_alt_text	5	revision_id	int	int(10) unsigned	NO	~NULL~	PRI	
field_revision_field_file_image_alt_text	6	language	varchar	varchar(32)	NO	''	PRI	utf8mb3
field_revision_field_file_image_alt_text	7	delta	int	int(10) unsigned	NO	~NULL~	PRI	
field_revision_field_file_image_alt_text	8	field_file_image_alt_text_value	varchar	varchar(255)	YES	NULL		utf8mb3
field_revision_field_file_image_alt_text	9	field_file_image_alt_text_format	varchar	varchar(255)	YES	NULL	MUL	utf8mb3
field_revision_field_file_image_title_text	1	entity_type	varchar	varchar(128)	NO	''	PRI	utf8mb3
field_revision_field_file_image_title_text	2	bundle	varchar	varchar(128)	NO	''	MUL	utf8mb3
field_revision_field_file_image_title_text	3	deleted	tinyint	tinyint(4)	NO	0	PRI	
field_revision_field_file_image_title_text	4	entity_id	int	int(10) unsigned	NO	~NULL~	PRI	
field_revision_field_file_image_title_text	5	revision_id	int	int(10) unsigned	NO	~NULL~	PRI	
field_revision_field_file_image_title_text	6	language	varchar	varchar(32)	NO	''	PRI	utf8mb3
field_revision_field_file_image_title_text	7	delta	int	int(10) unsigned	NO	~NULL~	PRI	
field_revision_field_file_image_title_text	8	field_file_image_title_text_value	varchar	varchar(255)	YES	NULL		utf8mb3
field_revision_field_file_image_title_text	9	field_file_image_title_text_format	varchar	varchar(255)	YES	NULL	MUL	utf8mb3
field_revision_field_grievance	1	entity_type	varchar	varchar(128)	NO	''	PRI	utf8mb3
field_revision_field_grievance	2	bundle	varchar	varchar(128)	NO	''	MUL	utf8mb3
field_revision_field_grievance	3	deleted	tinyint	tinyint(4)	NO	0	PRI	
field_revision_field_grievance	4	entity_id	int	int(10) unsigned	NO	~NULL~	PRI	
field_revision_field_grievance	5	revision_id	int	int(10) unsigned	NO	~NULL~	PRI	
field_revision_field_grievance	6	language	varchar	varchar(32)	NO	''	PRI	utf8mb3
field_revision_field_grievance	7	delta	int	int(10) unsigned	NO	~NULL~	PRI	
field_revision_field_grievance	8	field_grievance_target_id	int	int(10) unsigned	NO	~NULL~	MUL	
field_revision_field_grievance_actor	1	entity_type	varchar	varchar(128)	NO	''	PRI	utf8mb3
field_revision_field_grievance_actor	2	bundle	varchar	varchar(128)	NO	''	MUL	utf8mb3
field_revision_field_grievance_actor	3	deleted	tinyint	tinyint(4)	NO	0	PRI	
field_revision_field_grievance_actor	4	entity_id	int	int(10) unsigned	NO	~NULL~	PRI	
field_revision_field_grievance_actor	5	revision_id	int	int(10) unsigned	NO	~NULL~	PRI	
field_revision_field_grievance_actor	6	language	varchar	varchar(32)	NO	''	PRI	utf8mb3
field_revision_field_grievance_actor	7	delta	int	int(10) unsigned	NO	~NULL~	PRI	
field_revision_field_grievance_actor	8	field_grievance_actor_value	varchar	varchar(255)	YES	NULL	MUL	utf8mb3
field_revision_field_grievance_address	1	entity_type	varchar	varchar(128)	NO	''	PRI	utf8mb3
field_revision_field_grievance_address	2	bundle	varchar	varchar(128)	NO	''	MUL	utf8mb3
field_revision_field_grievance_address	3	deleted	tinyint	tinyint(4)	NO	0	PRI	
field_revision_field_grievance_address	4	entity_id	int	int(10) unsigned	NO	~NULL~	PRI	
field_revision_field_grievance_address	5	revision_id	int	int(10) unsigned	NO	~NULL~	PRI	
field_revision_field_grievance_address	6	language	varchar	varchar(32)	NO	''	PRI	utf8mb3
field_revision_field_grievance_address	7	delta	int	int(10) unsigned	NO	~NULL~	PRI	
field_revision_field_grievance_address	8	field_grievance_address_value	varchar	varchar(255)	YES	NULL		utf8mb3
field_revision_field_grievance_address	9	field_grievance_address_format	varchar	varchar(255)	YES	NULL	MUL	utf8mb3
field_revision_field_grievance_address_2	1	entity_type	varchar	varchar(128)	NO	''	PRI	utf8mb3
field_revision_field_grievance_address_2	2	bundle	varchar	varchar(128)	NO	''	MUL	utf8mb3
field_revision_field_grievance_address_2	3	deleted	tinyint	tinyint(4)	NO	0	PRI	
field_revision_field_grievance_address_2	4	entity_id	int	int(10) unsigned	NO	~NULL~	PRI	
field_revision_field_grievance_address_2	5	revision_id	int	int(10) unsigned	NO	~NULL~	PRI	
field_revision_field_grievance_address_2	6	language	varchar	varchar(32)	NO	''	PRI	utf8mb3
field_revision_field_grievance_address_2	7	delta	int	int(10) unsigned	NO	~NULL~	PRI	
field_revision_field_grievance_address_2	8	field_grievance_address_2_value	varchar	varchar(255)	YES	NULL		utf8mb3
field_revision_field_grievance_address_2	9	field_grievance_address_2_format	varchar	varchar(255)	YES	NULL	MUL	utf8mb3
field_revision_field_grievance_alert	1	entity_type	varchar	varchar(128)	NO	''	PRI	utf8mb3
field_revision_field_grievance_alert	2	bundle	varchar	varchar(128)	NO	''	MUL	utf8mb3
field_revision_field_grievance_alert	3	deleted	tinyint	tinyint(4)	NO	0	PRI	
field_revision_field_grievance_alert	4	entity_id	int	int(10) unsigned	NO	~NULL~	PRI	
field_revision_field_grievance_alert	5	revision_id	int	int(10) unsigned	NO	~NULL~	PRI	
field_revision_field_grievance_alert	6	language	varchar	varchar(32)	NO	''	PRI	utf8mb3
field_revision_field_grievance_alert	7	delta	int	int(10) unsigned	NO	~NULL~	PRI	
field_revision_field_grievance_alert	8	field_grievance_alert_value	varchar	varchar(255)	YES	NULL		utf8mb3
field_revision_field_grievance_alert	9	field_grievance_alert_format	varchar	varchar(255)	YES	NULL	MUL	utf8mb3
field_revision_field_grievance_alert_date	1	entity_type	varchar	varchar(128)	NO	''	PRI	utf8mb3
field_revision_field_grievance_alert_date	2	bundle	varchar	varchar(128)	NO	''	MUL	utf8mb3
field_revision_field_grievance_alert_date	3	deleted	tinyint	tinyint(4)	NO	0	PRI	
field_revision_field_grievance_alert_date	4	entity_id	int	int(10) unsigned	NO	~NULL~	PRI	
field_revision_field_grievance_alert_date	5	revision_id	int	int(10) unsigned	NO	~NULL~	PRI	
field_revision_field_grievance_alert_date	6	language	varchar	varchar(32)	NO	''	PRI	utf8mb3
field_revision_field_grievance_alert_date	7	delta	int	int(10) unsigned	NO	~NULL~	PRI	
field_revision_field_grievance_alert_date	8	field_grievance_alert_date_value	datetime	datetime	YES	NULL	MUL	
field_revision_field_grievance_alert_tid	1	entity_type	varchar	varchar(128)	NO	''	PRI	utf8mb3
field_revision_field_grievance_alert_tid	2	bundle	varchar	varchar(128)	NO	''	MUL	utf8mb3
field_revision_field_grievance_alert_tid	3	deleted	tinyint	tinyint(4)	NO	0	PRI	
field_revision_field_grievance_alert_tid	4	entity_id	int	int(10) unsigned	NO	~NULL~	PRI	
field_revision_field_grievance_alert_tid	5	revision_id	int	int(10) unsigned	NO	~NULL~	PRI	
field_revision_field_grievance_alert_tid	6	language	varchar	varchar(32)	NO	''	PRI	utf8mb3
field_revision_field_grievance_alert_tid	7	delta	int	int(10) unsigned	NO	~NULL~	PRI	
field_revision_field_grievance_alert_tid	8	field_grievance_alert_tid_tid	int	int(10) unsigned	YES	NULL	MUL	
field_revision_field_grievance_alert_waived	1	entity_type	varchar	varchar(128)	NO	''	PRI	utf8mb3
field_revision_field_grievance_alert_waived	2	bundle	varchar	varchar(128)	NO	''	MUL	utf8mb3
field_revision_field_grievance_alert_waived	3	deleted	tinyint	tinyint(4)	NO	0	PRI	
field_revision_field_grievance_alert_waived	4	entity_id	int	int(10) unsigned	NO	~NULL~	PRI	
field_revision_field_grievance_alert_waived	5	revision_id	int	int(10) unsigned	NO	~NULL~	PRI	
field_revision_field_grievance_alert_waived	6	language	varchar	varchar(32)	NO	''	PRI	utf8mb3
field_revision_field_grievance_alert_waived	7	delta	int	int(10) unsigned	NO	~NULL~	PRI	
field_revision_field_grievance_alert_waived	8	field_grievance_alert_waived_value	datetime	datetime	YES	NULL	MUL	
field_revision_field_grievance_amt	1	entity_type	varchar	varchar(128)	NO	''	PRI	utf8mb3
field_revision_field_grievance_amt	2	bundle	varchar	varchar(128)	NO	''	MUL	utf8mb3
field_revision_field_grievance_amt	3	deleted	tinyint	tinyint(4)	NO	0	PRI	
field_revision_field_grievance_amt	4	entity_id	int	int(10) unsigned	NO	~NULL~	PRI	
field_revision_field_grievance_amt	5	revision_id	int	int(10) unsigned	NO	~NULL~	PRI	
field_revision_field_grievance_amt	6	language	varchar	varchar(32)	NO	''	PRI	utf8mb3
field_revision_field_grievance_amt	7	delta	int	int(10) unsigned	NO	~NULL~	PRI	
field_revision_field_grievance_amt	8	field_grievance_amt_value	decimal	decimal(10,2)	YES	NULL		
field_revision_field_grievance_amt_rcvd	1	entity_type	varchar	varchar(128)	NO	''	PRI	utf8mb3
field_revision_field_grievance_amt_rcvd	2	bundle	varchar	varchar(128)	NO	''	MUL	utf8mb3
field_revision_field_grievance_amt_rcvd	3	deleted	tinyint	tinyint(4)	NO	0	PRI	
field_revision_field_grievance_amt_rcvd	4	entity_id	int	int(10) unsigned	NO	~NULL~	PRI	
field_revision_field_grievance_amt_rcvd	5	revision_id	int	int(10) unsigned	NO	~NULL~	PRI	
field_revision_field_grievance_amt_rcvd	6	language	varchar	varchar(32)	NO	''	PRI	utf8mb3
field_revision_field_grievance_amt_rcvd	7	delta	int	int(10) unsigned	NO	~NULL~	PRI	
field_revision_field_grievance_amt_rcvd	8	field_grievance_amt_rcvd_value	decimal	decimal(10,2)	YES	NULL		
field_revision_field_grievance_annual	1	entity_type	varchar	varchar(128)	NO	''	PRI	utf8mb3
field_revision_field_grievance_annual	2	bundle	varchar	varchar(128)	NO	''	MUL	utf8mb3
field_revision_field_grievance_annual	3	deleted	tinyint	tinyint(4)	NO	0	PRI	
field_revision_field_grievance_annual	4	entity_id	int	int(10) unsigned	NO	~NULL~	PRI	
field_revision_field_grievance_annual	5	revision_id	int	int(10) unsigned	NO	~NULL~	PRI	
field_revision_field_grievance_annual	6	language	varchar	varchar(32)	NO	''	PRI	utf8mb3
field_revision_field_grievance_annual	7	delta	int	int(10) unsigned	NO	~NULL~	PRI	
field_revision_field_grievance_annual	8	field_grievance_annual_value	varchar	varchar(255)	YES	NULL	MUL	utf8mb3
field_revision_field_grievance_arbitration_a	1	entity_type	varchar	varchar(128)	NO	''	PRI	utf8mb3
field_revision_field_grievance_arbitration_a	2	bundle	varchar	varchar(128)	NO	''	MUL	utf8mb3
field_revision_field_grievance_arbitration_a	3	deleted	tinyint	tinyint(4)	NO	0	PRI	
field_revision_field_grievance_arbitration_a	4	entity_id	int	int(10) unsigned	NO	~NULL~	PRI	
field_revision_field_grievance_arbitration_a	5	revision_id	int	int(10) unsigned	NO	~NULL~	PRI	
field_revision_field_grievance_arbitration_a	6	language	varchar	varchar(32)	NO	''	PRI	utf8mb3
field_revision_field_grievance_arbitration_a	7	delta	int	int(10) unsigned	NO	~NULL~	PRI	
field_revision_field_grievance_arbitration_a	8	field_grievance_arbitration_a_value	longtext	longtext	YES	NULL		utf8mb3
field_revision_field_grievance_arbitration_a	9	field_grievance_arbitration_a_format	varchar	varchar(255)	YES	NULL	MUL	utf8mb3
field_revision_field_grievance_arbitration_b	1	entity_type	varchar	varchar(128)	NO	''	PRI	utf8mb3
field_revision_field_grievance_arbitration_b	2	bundle	varchar	varchar(128)	NO	''	MUL	utf8mb3
field_revision_field_grievance_arbitration_b	3	deleted	tinyint	tinyint(4)	NO	0	PRI	
field_revision_field_grievance_arbitration_b	4	entity_id	int	int(10) unsigned	NO	~NULL~	PRI	
field_revision_field_grievance_arbitration_b	5	revision_id	int	int(10) unsigned	NO	~NULL~	PRI	
field_revision_field_grievance_arbitration_b	6	language	varchar	varchar(32)	NO	''	PRI	utf8mb3
field_revision_field_grievance_arbitration_b	7	delta	int	int(10) unsigned	NO	~NULL~	PRI	
field_revision_field_grievance_arbitration_b	8	field_grievance_arbitration_b_value	longtext	longtext	YES	NULL		utf8mb3
field_revision_field_grievance_arbitration_b	9	field_grievance_arbitration_b_format	varchar	varchar(255)	YES	NULL	MUL	utf8mb3
field_revision_field_grievance_arbitration_c	1	entity_type	varchar	varchar(128)	NO	''	PRI	utf8mb3
field_revision_field_grievance_arbitration_c	2	bundle	varchar	varchar(128)	NO	''	MUL	utf8mb3
field_revision_field_grievance_arbitration_c	3	deleted	tinyint	tinyint(4)	NO	0	PRI	
field_revision_field_grievance_arbitration_c	4	entity_id	int	int(10) unsigned	NO	~NULL~	PRI	
field_revision_field_grievance_arbitration_c	5	revision_id	int	int(10) unsigned	NO	~NULL~	PRI	
field_revision_field_grievance_arbitration_c	6	language	varchar	varchar(32)	NO	''	PRI	utf8mb3
field_revision_field_grievance_arbitration_c	7	delta	int	int(10) unsigned	NO	~NULL~	PRI	
field_revision_field_grievance_arbitration_c	8	field_grievance_arbitration_c_value	longtext	longtext	YES	NULL		utf8mb3
field_revision_field_grievance_arbitration_c	9	field_grievance_arbitration_c_format	varchar	varchar(255)	YES	NULL	MUL	utf8mb3
field_revision_field_grievance_arbitration_d	1	entity_type	varchar	varchar(128)	NO	''	PRI	utf8mb3
field_revision_field_grievance_arbitration_d	2	bundle	varchar	varchar(128)	NO	''	MUL	utf8mb3
field_revision_field_grievance_arbitration_d	3	deleted	tinyint	tinyint(4)	NO	0	PRI	
field_revision_field_grievance_arbitration_d	4	entity_id	int	int(10) unsigned	NO	~NULL~	PRI	
field_revision_field_grievance_arbitration_d	5	revision_id	int	int(10) unsigned	NO	~NULL~	PRI	
field_revision_field_grievance_arbitration_d	6	language	varchar	varchar(32)	NO	''	PRI	utf8mb3
field_revision_field_grievance_arbitration_d	7	delta	int	int(10) unsigned	NO	~NULL~	PRI	
field_revision_field_grievance_arbitration_d	8	field_grievance_arbitration_d_value	longtext	longtext	YES	NULL		utf8mb3
field_revision_field_grievance_arbitration_d	9	field_grievance_arbitration_d_format	varchar	varchar(255)	YES	NULL	MUL	utf8mb3
field_revision_field_grievance_artsel	1	entity_type	varchar	varchar(128)	NO	''	PRI	utf8mb3
field_revision_field_grievance_artsel	2	bundle	varchar	varchar(128)	NO	''	MUL	utf8mb3
field_revision_field_grievance_artsel	3	deleted	tinyint	tinyint(4)	NO	0	PRI	
field_revision_field_grievance_artsel	4	entity_id	int	int(10) unsigned	NO	~NULL~	PRI	
field_revision_field_grievance_artsel	5	revision_id	int	int(10) unsigned	NO	~NULL~	PRI	
field_revision_field_grievance_artsel	6	language	varchar	varchar(32)	NO	''	PRI	utf8mb3
field_revision_field_grievance_artsel	7	delta	int	int(10) unsigned	NO	~NULL~	PRI	
field_revision_field_grievance_artsel	8	field_grievance_artsel_value	varchar	varchar(255)	YES	NULL	MUL	utf8mb3
field_revision_field_grievance_assignee_notes	1	entity_type	varchar	varchar(128)	NO	''	PRI	utf8mb3
field_revision_field_grievance_assignee_notes	2	bundle	varchar	varchar(128)	NO	''	MUL	utf8mb3
field_revision_field_grievance_assignee_notes	3	deleted	tinyint	tinyint(4)	NO	0	PRI	
field_revision_field_grievance_assignee_notes	4	entity_id	int	int(10) unsigned	NO	~NULL~	PRI	
field_revision_field_grievance_assignee_notes	5	revision_id	int	int(10) unsigned	NO	~NULL~	PRI	
field_revision_field_grievance_assignee_notes	6	language	varchar	varchar(32)	NO	''	PRI	utf8mb3
field_revision_field_grievance_assignee_notes	7	delta	int	int(10) unsigned	NO	~NULL~	PRI	
field_revision_field_grievance_assignee_notes	8	field_grievance_assignee_notes_value	longtext	longtext	YES	NULL		utf8mb3
field_revision_field_grievance_assignee_notes	9	field_grievance_assignee_notes_format	varchar	varchar(255)	YES	NULL	MUL	utf8mb3
field_revision_field_grievance_attachments	1	entity_type	varchar	varchar(128)	NO	''	PRI	utf8mb3
field_revision_field_grievance_attachments	2	bundle	varchar	varchar(128)	NO	''	MUL	utf8mb3
field_revision_field_grievance_attachments	3	deleted	tinyint	tinyint(4)	NO	0	PRI	
field_revision_field_grievance_attachments	4	entity_id	int	int(10) unsigned	NO	~NULL~	PRI	
field_revision_field_grievance_attachments	5	revision_id	int	int(10) unsigned	NO	~NULL~	PRI	
field_revision_field_grievance_attachments	6	language	varchar	varchar(32)	NO	''	PRI	utf8mb3
field_revision_field_grievance_attachments	7	delta	int	int(10) unsigned	NO	~NULL~	PRI	
field_revision_field_grievance_attachments	8	field_grievance_attachments_fid	int	int(10) unsigned	YES	NULL	MUL	
field_revision_field_grievance_attachments	9	field_grievance_attachments_display	tinyint	tinyint(3) unsigned	NO	1		
field_revision_field_grievance_attachments	10	field_grievance_attachments_description	text	text	YES	NULL		utf8mb3
field_revision_field_grievance_broughtby	1	entity_type	varchar	varchar(128)	NO	''	PRI	utf8mb3
field_revision_field_grievance_broughtby	2	bundle	varchar	varchar(128)	NO	''	MUL	utf8mb3
field_revision_field_grievance_broughtby	3	deleted	tinyint	tinyint(4)	NO	0	PRI	
field_revision_field_grievance_broughtby	4	entity_id	int	int(10) unsigned	NO	~NULL~	PRI	
field_revision_field_grievance_broughtby	5	revision_id	int	int(10) unsigned	NO	~NULL~	PRI	
field_revision_field_grievance_broughtby	6	language	varchar	varchar(32)	NO	''	PRI	utf8mb3
field_revision_field_grievance_broughtby	7	delta	int	int(10) unsigned	NO	~NULL~	PRI	
field_revision_field_grievance_broughtby	8	field_grievance_broughtby_tid	int	int(10) unsigned	YES	NULL	MUL	
field_revision_field_grievance_bundle	1	entity_type	varchar	varchar(128)	NO	''	PRI	utf8mb3
field_revision_field_grievance_bundle	2	bundle	varchar	varchar(128)	NO	''	MUL	utf8mb3
field_revision_field_grievance_bundle	3	deleted	tinyint	tinyint(4)	NO	0	PRI	
field_revision_field_grievance_bundle	4	entity_id	int	int(10) unsigned	NO	~NULL~	PRI	
field_revision_field_grievance_bundle	5	revision_id	int	int(10) unsigned	NO	~NULL~	PRI	
field_revision_field_grievance_bundle	6	language	varchar	varchar(32)	NO	''	PRI	utf8mb3
field_revision_field_grievance_bundle	7	delta	int	int(10) unsigned	NO	~NULL~	PRI	
field_revision_field_grievance_bundle	8	field_grievance_bundle_value	varchar	varchar(255)	YES	NULL		utf8mb3
field_revision_field_grievance_bundle	9	field_grievance_bundle_format	varchar	varchar(255)	YES	NULL	MUL	utf8mb3
field_revision_field_grievance_can_attach	1	entity_type	varchar	varchar(128)	NO	''	PRI	utf8mb3
field_revision_field_grievance_can_attach	2	bundle	varchar	varchar(128)	NO	''	MUL	utf8mb3
field_revision_field_grievance_can_attach	3	deleted	tinyint	tinyint(4)	NO	0	PRI	
field_revision_field_grievance_can_attach	4	entity_id	int	int(10) unsigned	NO	~NULL~	PRI	
field_revision_field_grievance_can_attach	5	revision_id	int	int(10) unsigned	NO	~NULL~	PRI	
field_revision_field_grievance_can_attach	6	language	varchar	varchar(32)	NO	''	PRI	utf8mb3
field_revision_field_grievance_can_attach	7	delta	int	int(10) unsigned	NO	~NULL~	PRI	
field_revision_field_grievance_can_attach	8	field_grievance_can_attach_value	varchar	varchar(255)	YES	NULL	MUL	utf8mb3
field_revision_field_grievance_can_ir	1	entity_type	varchar	varchar(128)	NO	''	PRI	utf8mb3
field_revision_field_grievance_can_ir	2	bundle	varchar	varchar(128)	NO	''	MUL	utf8mb3
field_revision_field_grievance_can_ir	3	deleted	tinyint	tinyint(4)	NO	0	PRI	
field_revision_field_grievance_can_ir	4	entity_id	int	int(10) unsigned	NO	~NULL~	PRI	
field_revision_field_grievance_can_ir	5	revision_id	int	int(10) unsigned	NO	~NULL~	PRI	
field_revision_field_grievance_can_ir	6	language	varchar	varchar(32)	NO	''	PRI	utf8mb3
field_revision_field_grievance_can_ir	7	delta	int	int(10) unsigned	NO	~NULL~	PRI	
field_revision_field_grievance_can_ir	8	field_grievance_can_ir_value	varchar	varchar(255)	YES	NULL	MUL	utf8mb3
field_revision_field_grievance_category	1	entity_type	varchar	varchar(128)	NO	''	PRI	utf8mb3
field_revision_field_grievance_category	2	bundle	varchar	varchar(128)	NO	''	MUL	utf8mb3
field_revision_field_grievance_category	3	deleted	tinyint	tinyint(4)	NO	0	PRI	
field_revision_field_grievance_category	4	entity_id	int	int(10) unsigned	NO	~NULL~	PRI	
field_revision_field_grievance_category	5	revision_id	int	int(10) unsigned	NO	~NULL~	PRI	
field_revision_field_grievance_category	6	language	varchar	varchar(32)	NO	''	PRI	utf8mb3
field_revision_field_grievance_category	7	delta	int	int(10) unsigned	NO	~NULL~	PRI	
field_revision_field_grievance_category	8	field_grievance_category_tid	int	int(10) unsigned	YES	NULL	MUL	
field_revision_field_grievance_chapter	1	entity_type	varchar	varchar(128)	NO	''	PRI	utf8mb3
field_revision_field_grievance_chapter	2	bundle	varchar	varchar(128)	NO	''	MUL	utf8mb3
field_revision_field_grievance_chapter	3	deleted	tinyint	tinyint(4)	NO	0	PRI	
field_revision_field_grievance_chapter	4	entity_id	int	int(10) unsigned	NO	~NULL~	PRI	
field_revision_field_grievance_chapter	5	revision_id	int	int(10) unsigned	NO	~NULL~	PRI	
field_revision_field_grievance_chapter	6	language	varchar	varchar(32)	NO	''	PRI	utf8mb3
field_revision_field_grievance_chapter	7	delta	int	int(10) unsigned	NO	~NULL~	PRI	
field_revision_field_grievance_chapter	8	field_grievance_chapter_target_id	int	int(10) unsigned	NO	~NULL~	MUL	
field_revision_field_grievance_checkno	1	entity_type	varchar	varchar(128)	NO	''	PRI	utf8mb3
field_revision_field_grievance_checkno	2	bundle	varchar	varchar(128)	NO	''	MUL	utf8mb3
field_revision_field_grievance_checkno	3	deleted	tinyint	tinyint(4)	NO	0	PRI	
field_revision_field_grievance_checkno	4	entity_id	int	int(10) unsigned	NO	~NULL~	PRI	
field_revision_field_grievance_checkno	5	revision_id	int	int(10) unsigned	NO	~NULL~	PRI	
field_revision_field_grievance_checkno	6	language	varchar	varchar(32)	NO	''	PRI	utf8mb3
field_revision_field_grievance_checkno	7	delta	int	int(10) unsigned	NO	~NULL~	PRI	
field_revision_field_grievance_checkno	8	field_grievance_checkno_value	varchar	varchar(255)	YES	NULL		utf8mb3
field_revision_field_grievance_checkno	9	field_grievance_checkno_format	varchar	varchar(255)	YES	NULL	MUL	utf8mb3
field_revision_field_grievance_city	1	entity_type	varchar	varchar(128)	NO	''	PRI	utf8mb3
field_revision_field_grievance_city	2	bundle	varchar	varchar(128)	NO	''	MUL	utf8mb3
field_revision_field_grievance_city	3	deleted	tinyint	tinyint(4)	NO	0	PRI	
field_revision_field_grievance_city	4	entity_id	int	int(10) unsigned	NO	~NULL~	PRI	
field_revision_field_grievance_city	5	revision_id	int	int(10) unsigned	NO	~NULL~	PRI	
field_revision_field_grievance_city	6	language	varchar	varchar(32)	NO	''	PRI	utf8mb3
field_revision_field_grievance_city	7	delta	int	int(10) unsigned	NO	~NULL~	PRI	
field_revision_field_grievance_city	8	field_grievance_city_value	varchar	varchar(255)	YES	NULL		utf8mb3
field_revision_field_grievance_city	9	field_grievance_city_format	varchar	varchar(255)	YES	NULL	MUL	utf8mb3
field_revision_field_grievance_classaction	1	entity_type	varchar	varchar(128)	NO	''	PRI	utf8mb3
field_revision_field_grievance_classaction	2	bundle	varchar	varchar(128)	NO	''	MUL	utf8mb3
field_revision_field_grievance_classaction	3	deleted	tinyint	tinyint(4)	NO	0	PRI	
field_revision_field_grievance_classaction	4	entity_id	int	int(10) unsigned	NO	~NULL~	PRI	
field_revision_field_grievance_classaction	5	revision_id	int	int(10) unsigned	NO	~NULL~	PRI	
field_revision_field_grievance_classaction	6	language	varchar	varchar(32)	NO	''	PRI	utf8mb3
field_revision_field_grievance_classaction	7	delta	int	int(10) unsigned	NO	~NULL~	PRI	
field_revision_field_grievance_classaction	8	field_grievance_classaction_value	varchar	varchar(255)	YES	NULL	MUL	utf8mb3
field_revision_field_grievance_classification	1	entity_type	varchar	varchar(128)	NO	''	PRI	utf8mb3
field_revision_field_grievance_classification	2	bundle	varchar	varchar(128)	NO	''	MUL	utf8mb3
field_revision_field_grievance_classification	3	deleted	tinyint	tinyint(4)	NO	0	PRI	
field_revision_field_grievance_classification	4	entity_id	int	int(10) unsigned	NO	~NULL~	PRI	
field_revision_field_grievance_classification	5	revision_id	int	int(10) unsigned	NO	~NULL~	PRI	
field_revision_field_grievance_classification	6	language	varchar	varchar(32)	NO	''	PRI	utf8mb3
field_revision_field_grievance_classification	7	delta	int	int(10) unsigned	NO	~NULL~	PRI	
field_revision_field_grievance_classification	8	field_grievance_classification_value	varchar	varchar(255)	YES	NULL		utf8mb3
field_revision_field_grievance_classification	9	field_grievance_classification_format	varchar	varchar(255)	YES	NULL	MUL	utf8mb3
field_revision_field_grievance_classifications	1	entity_type	varchar	varchar(128)	NO	''	PRI	utf8mb3
field_revision_field_grievance_classifications	2	bundle	varchar	varchar(128)	NO	''	MUL	utf8mb3
field_revision_field_grievance_classifications	3	deleted	tinyint	tinyint(4)	NO	0	PRI	
field_revision_field_grievance_classifications	4	entity_id	int	int(10) unsigned	NO	~NULL~	PRI	
field_revision_field_grievance_classifications	5	revision_id	int	int(10) unsigned	NO	~NULL~	PRI	
field_revision_field_grievance_classifications	6	language	varchar	varchar(32)	NO	''	PRI	utf8mb3
field_revision_field_grievance_classifications	7	delta	int	int(10) unsigned	NO	~NULL~	PRI	
field_revision_field_grievance_classifications	8	field_grievance_classifications_tid	int	int(10) unsigned	YES	NULL	MUL	
field_revision_field_grievance_class_tid	1	entity_type	varchar	varchar(128)	NO	''	PRI	utf8mb3
field_revision_field_grievance_class_tid	2	bundle	varchar	varchar(128)	NO	''	MUL	utf8mb3
field_revision_field_grievance_class_tid	3	deleted	tinyint	tinyint(4)	NO	0	PRI	
field_revision_field_grievance_class_tid	4	entity_id	int	int(10) unsigned	NO	~NULL~	PRI	
field_revision_field_grievance_class_tid	5	revision_id	int	int(10) unsigned	NO	~NULL~	PRI	
field_revision_field_grievance_class_tid	6	language	varchar	varchar(32)	NO	''	PRI	utf8mb3
field_revision_field_grievance_class_tid	7	delta	int	int(10) unsigned	NO	~NULL~	PRI	
field_revision_field_grievance_class_tid	8	field_grievance_class_tid_tid	int	int(10) unsigned	YES	NULL	MUL	
field_revision_field_grievance_clause	1	entity_type	varchar	varchar(128)	NO	''	PRI	utf8mb3
field_revision_field_grievance_clause	2	bundle	varchar	varchar(128)	NO	''	MUL	utf8mb3
field_revision_field_grievance_clause	3	deleted	tinyint	tinyint(4)	NO	0	PRI	
field_revision_field_grievance_clause	4	entity_id	int	int(10) unsigned	NO	~NULL~	PRI	
field_revision_field_grievance_clause	5	revision_id	int	int(10) unsigned	NO	~NULL~	PRI	
field_revision_field_grievance_clause	6	language	varchar	varchar(32)	NO	''	PRI	utf8mb3
field_revision_field_grievance_clause	7	delta	int	int(10) unsigned	NO	~NULL~	PRI	
field_revision_field_grievance_clause	8	field_grievance_clause_value	longtext	longtext	YES	NULL		utf8mb3
field_revision_field_grievance_clause	9	field_grievance_clause_format	varchar	varchar(255)	YES	NULL	MUL	utf8mb3
field_revision_field_grievance_clauseref	1	entity_type	varchar	varchar(128)	NO	''	PRI	utf8mb3
field_revision_field_grievance_clauseref	2	bundle	varchar	varchar(128)	NO	''	MUL	utf8mb3
field_revision_field_grievance_clauseref	3	deleted	tinyint	tinyint(4)	NO	0	PRI	
field_revision_field_grievance_clauseref	4	entity_id	int	int(10) unsigned	NO	~NULL~	PRI	
field_revision_field_grievance_clauseref	5	revision_id	int	int(10) unsigned	NO	~NULL~	PRI	
field_revision_field_grievance_clauseref	6	language	varchar	varchar(32)	NO	''	PRI	utf8mb3
field_revision_field_grievance_clauseref	7	delta	int	int(10) unsigned	NO	~NULL~	PRI	
field_revision_field_grievance_clauseref	8	field_grievance_clauseref_target_id	int	int(10) unsigned	NO	~NULL~	MUL	
field_revision_field_grievance_comments	1	entity_type	varchar	varchar(128)	NO	''	PRI	utf8mb3
field_revision_field_grievance_comments	2	bundle	varchar	varchar(128)	NO	''	MUL	utf8mb3
field_revision_field_grievance_comments	3	deleted	tinyint	tinyint(4)	NO	0	PRI	
field_revision_field_grievance_comments	4	entity_id	int	int(10) unsigned	NO	~NULL~	PRI	
field_revision_field_grievance_comments	5	revision_id	int	int(10) unsigned	NO	~NULL~	PRI	
field_revision_field_grievance_comments	6	language	varchar	varchar(32)	NO	''	PRI	utf8mb3
field_revision_field_grievance_comments	7	delta	int	int(10) unsigned	NO	~NULL~	PRI	
field_revision_field_grievance_comments	8	field_grievance_comments_value	longtext	longtext	YES	NULL		utf8mb3
field_revision_field_grievance_comments	9	field_grievance_comments_summary	longtext	longtext	YES	NULL		utf8mb3
field_revision_field_grievance_comments	10	field_grievance_comments_format	varchar	varchar(255)	YES	NULL	MUL	utf8mb3
field_revision_field_grievance_company	1	entity_type	varchar	varchar(128)	NO	''	PRI	utf8mb3
field_revision_field_grievance_company	2	bundle	varchar	varchar(128)	NO	''	MUL	utf8mb3
field_revision_field_grievance_company	3	deleted	tinyint	tinyint(4)	NO	0	PRI	
field_revision_field_grievance_company	4	entity_id	int	int(10) unsigned	NO	~NULL~	PRI	
field_revision_field_grievance_company	5	revision_id	int	int(10) unsigned	NO	~NULL~	PRI	
field_revision_field_grievance_company	6	language	varchar	varchar(32)	NO	''	PRI	utf8mb3
field_revision_field_grievance_company	7	delta	int	int(10) unsigned	NO	~NULL~	PRI	
field_revision_field_grievance_company	8	field_grievance_company_target_id	int	int(10) unsigned	NO	~NULL~	MUL	
field_revision_field_grievance_contact_selector	1	entity_type	varchar	varchar(128)	NO	''	PRI	utf8mb3
field_revision_field_grievance_contact_selector	2	bundle	varchar	varchar(128)	NO	''	MUL	utf8mb3
field_revision_field_grievance_contact_selector	3	deleted	tinyint	tinyint(4)	NO	0	PRI	
field_revision_field_grievance_contact_selector	4	entity_id	int	int(10) unsigned	NO	~NULL~	PRI	
field_revision_field_grievance_contact_selector	5	revision_id	int	int(10) unsigned	NO	~NULL~	PRI	
field_revision_field_grievance_contact_selector	6	language	varchar	varchar(32)	NO	''	PRI	utf8mb3
field_revision_field_grievance_contact_selector	7	delta	int	int(10) unsigned	NO	~NULL~	PRI	
field_revision_field_grievance_contact_types	1	entity_type	varchar	varchar(128)	NO	''	PRI	utf8mb3
field_revision_field_grievance_contact_types	2	bundle	varchar	varchar(128)	NO	''	MUL	utf8mb3
field_revision_field_grievance_contact_types	3	deleted	tinyint	tinyint(4)	NO	0	PRI	
field_revision_field_grievance_contact_types	4	entity_id	int	int(10) unsigned	NO	~NULL~	PRI	
field_revision_field_grievance_contact_types	5	revision_id	int	int(10) unsigned	NO	~NULL~	PRI	
field_revision_field_grievance_contact_types	6	language	varchar	varchar(32)	NO	''	PRI	utf8mb3
field_revision_field_grievance_contact_types	7	delta	int	int(10) unsigned	NO	~NULL~	PRI	
field_revision_field_grievance_contact_types	8	field_grievance_contact_types_tid	int	int(10) unsigned	YES	NULL	MUL	
field_revision_field_grievance_contract	1	entity_type	varchar	varchar(128)	NO	''	PRI	utf8mb3
field_revision_field_grievance_contract	2	bundle	varchar	varchar(128)	NO	''	MUL	utf8mb3
field_revision_field_grievance_contract	3	deleted	tinyint	tinyint(4)	NO	0	PRI	
field_revision_field_grievance_contract	4	entity_id	int	int(10) unsigned	NO	~NULL~	PRI	
field_revision_field_grievance_contract	5	revision_id	int	int(10) unsigned	NO	~NULL~	PRI	
field_revision_field_grievance_contract	6	language	varchar	varchar(32)	NO	''	PRI	utf8mb3
field_revision_field_grievance_contract	7	delta	int	int(10) unsigned	NO	~NULL~	PRI	
field_revision_field_grievance_contract	8	field_grievance_contract_fid	int	int(10) unsigned	YES	NULL	MUL	
field_revision_field_grievance_contract	9	field_grievance_contract_display	tinyint	tinyint(3) unsigned	NO	1		
field_revision_field_grievance_contract	10	field_grievance_contract_description	text	text	YES	NULL		utf8mb3
field_revision_field_grievance_contract_section	1	entity_type	varchar	varchar(128)	NO	''	PRI	utf8mb3
field_revision_field_grievance_contract_section	2	bundle	varchar	varchar(128)	NO	''	MUL	utf8mb3
field_revision_field_grievance_contract_section	3	deleted	tinyint	tinyint(4)	NO	0	PRI	
field_revision_field_grievance_contract_section	4	entity_id	int	int(10) unsigned	NO	~NULL~	PRI	
field_revision_field_grievance_contract_section	5	revision_id	int	int(10) unsigned	NO	~NULL~	PRI	
field_revision_field_grievance_contract_section	6	language	varchar	varchar(32)	NO	''	PRI	utf8mb3
field_revision_field_grievance_contract_section	7	delta	int	int(10) unsigned	NO	~NULL~	PRI	
field_revision_field_grievance_contract_section	8	field_grievance_contract_section_target_id	int	int(10) unsigned	NO	~NULL~	MUL	
field_revision_field_grievance_contract_tplt	1	entity_type	varchar	varchar(128)	NO	''	PRI	utf8mb3
field_revision_field_grievance_contract_tplt	2	bundle	varchar	varchar(128)	NO	''	MUL	utf8mb3
field_revision_field_grievance_contract_tplt	3	deleted	tinyint	tinyint(4)	NO	0	PRI	
field_revision_field_grievance_contract_tplt	4	entity_id	int	int(10) unsigned	NO	~NULL~	PRI	
field_revision_field_grievance_contract_tplt	5	revision_id	int	int(10) unsigned	NO	~NULL~	PRI	
field_revision_field_grievance_contract_tplt	6	language	varchar	varchar(32)	NO	''	PRI	utf8mb3
field_revision_field_grievance_contract_tplt	7	delta	int	int(10) unsigned	NO	~NULL~	PRI	
field_revision_field_grievance_contract_tplt	8	field_grievance_contract_tplt_target_id	int	int(10) unsigned	NO	~NULL~	MUL	
field_revision_field_grievance_contract_tplts	1	entity_type	varchar	varchar(128)	NO	''	PRI	utf8mb3
field_revision_field_grievance_contract_tplts	2	bundle	varchar	varchar(128)	NO	''	MUL	utf8mb3
field_revision_field_grievance_contract_tplts	3	deleted	tinyint	tinyint(4)	NO	0	PRI	
field_revision_field_grievance_contract_tplts	4	entity_id	int	int(10) unsigned	NO	~NULL~	PRI	
field_revision_field_grievance_contract_tplts	5	revision_id	int	int(10) unsigned	NO	~NULL~	PRI	
field_revision_field_grievance_contract_tplts	6	language	varchar	varchar(32)	NO	''	PRI	utf8mb3
field_revision_field_grievance_contract_tplts	7	delta	int	int(10) unsigned	NO	~NULL~	PRI	
field_revision_field_grievance_contract_tplts	8	field_grievance_contract_tplts_target_id	int	int(10) unsigned	NO	~NULL~	MUL	
field_revision_field_grievance_cont_sec_tags	1	entity_type	varchar	varchar(128)	NO	''	PRI	utf8mb3
field_revision_field_grievance_cont_sec_tags	2	bundle	varchar	varchar(128)	NO	''	MUL	utf8mb3
field_revision_field_grievance_cont_sec_tags	3	deleted	tinyint	tinyint(4)	NO	0	PRI	
field_revision_field_grievance_cont_sec_tags	4	entity_id	int	int(10) unsigned	NO	~NULL~	PRI	
field_revision_field_grievance_cont_sec_tags	5	revision_id	int	int(10) unsigned	NO	~NULL~	PRI	
field_revision_field_grievance_cont_sec_tags	6	language	varchar	varchar(32)	NO	''	PRI	utf8mb3
field_revision_field_grievance_cont_sec_tags	7	delta	int	int(10) unsigned	NO	~NULL~	PRI	
field_revision_field_grievance_cont_sec_tags	8	field_grievance_cont_sec_tags_tid	int	int(10) unsigned	YES	NULL	MUL	
field_revision_field_grievance_cont_tplt_tags	1	entity_type	varchar	varchar(128)	NO	''	PRI	utf8mb3
field_revision_field_grievance_cont_tplt_tags	2	bundle	varchar	varchar(128)	NO	''	MUL	utf8mb3
field_revision_field_grievance_cont_tplt_tags	3	deleted	tinyint	tinyint(4)	NO	0	PRI	
field_revision_field_grievance_cont_tplt_tags	4	entity_id	int	int(10) unsigned	NO	~NULL~	PRI	
field_revision_field_grievance_cont_tplt_tags	5	revision_id	int	int(10) unsigned	NO	~NULL~	PRI	
field_revision_field_grievance_cont_tplt_tags	6	language	varchar	varchar(32)	NO	''	PRI	utf8mb3
field_revision_field_grievance_cont_tplt_tags	7	delta	int	int(10) unsigned	NO	~NULL~	PRI	
field_revision_field_grievance_cont_tplt_tags	8	field_grievance_cont_tplt_tags_tid	int	int(10) unsigned	YES	NULL	MUL	
field_revision_field_grievance_corrected	1	entity_type	varchar	varchar(128)	NO	''	PRI	utf8mb3
field_revision_field_grievance_corrected	2	bundle	varchar	varchar(128)	NO	''	MUL	utf8mb3
field_revision_field_grievance_corrected	3	deleted	tinyint	tinyint(4)	NO	0	PRI	
field_revision_field_grievance_corrected	4	entity_id	int	int(10) unsigned	NO	~NULL~	PRI	
field_revision_field_grievance_corrected	5	revision_id	int	int(10) unsigned	NO	~NULL~	PRI	
field_revision_field_grievance_corrected	6	language	varchar	varchar(32)	NO	''	PRI	utf8mb3
field_revision_field_grievance_corrected	7	delta	int	int(10) unsigned	NO	~NULL~	PRI	
field_revision_field_grievance_corrected	8	field_grievance_corrected_value	varchar	varchar(255)	YES	NULL	MUL	utf8mb3
field_revision_field_grievance_co_address	1	entity_type	varchar	varchar(128)	NO	''	PRI	utf8mb3
field_revision_field_grievance_co_address	2	bundle	varchar	varchar(128)	NO	''	MUL	utf8mb3
field_revision_field_grievance_co_address	3	deleted	tinyint	tinyint(4)	NO	0	PRI	
field_revision_field_grievance_co_address	4	entity_id	int	int(10) unsigned	NO	~NULL~	PRI	
field_revision_field_grievance_co_address	5	revision_id	int	int(10) unsigned	NO	~NULL~	PRI	
field_revision_field_grievance_co_address	6	language	varchar	varchar(32)	NO	''	PRI	utf8mb3
field_revision_field_grievance_co_address	7	delta	int	int(10) unsigned	NO	~NULL~	PRI	
field_revision_field_grievance_co_address	8	field_grievance_co_address_value	varchar	varchar(255)	YES	NULL		utf8mb3
field_revision_field_grievance_co_address	9	field_grievance_co_address_format	varchar	varchar(255)	YES	NULL	MUL	utf8mb3
field_revision_field_grievance_co_address_2	1	entity_type	varchar	varchar(128)	NO	''	PRI	utf8mb3
field_revision_field_grievance_co_address_2	2	bundle	varchar	varchar(128)	NO	''	MUL	utf8mb3
field_revision_field_grievance_co_address_2	3	deleted	tinyint	tinyint(4)	NO	0	PRI	
field_revision_field_grievance_co_address_2	4	entity_id	int	int(10) unsigned	NO	~NULL~	PRI	
field_revision_field_grievance_co_address_2	5	revision_id	int	int(10) unsigned	NO	~NULL~	PRI	
field_revision_field_grievance_co_address_2	6	language	varchar	varchar(32)	NO	''	PRI	utf8mb3
field_revision_field_grievance_co_address_2	7	delta	int	int(10) unsigned	NO	~NULL~	PRI	
field_revision_field_grievance_co_address_2	8	field_grievance_co_address_2_value	varchar	varchar(255)	YES	NULL		utf8mb3
field_revision_field_grievance_co_address_2	9	field_grievance_co_address_2_format	varchar	varchar(255)	YES	NULL	MUL	utf8mb3
field_revision_field_grievance_co_city	1	entity_type	varchar	varchar(128)	NO	''	PRI	utf8mb3
field_revision_field_grievance_co_city	2	bundle	varchar	varchar(128)	NO	''	MUL	utf8mb3
field_revision_field_grievance_co_city	3	deleted	tinyint	tinyint(4)	NO	0	PRI	
field_revision_field_grievance_co_city	4	entity_id	int	int(10) unsigned	NO	~NULL~	PRI	
field_revision_field_grievance_co_city	5	revision_id	int	int(10) unsigned	NO	~NULL~	PRI	
field_revision_field_grievance_co_city	6	language	varchar	varchar(32)	NO	''	PRI	utf8mb3
field_revision_field_grievance_co_city	7	delta	int	int(10) unsigned	NO	~NULL~	PRI	
field_revision_field_grievance_co_city	8	field_grievance_co_city_value	varchar	varchar(255)	YES	NULL		utf8mb3
field_revision_field_grievance_co_city	9	field_grievance_co_city_format	varchar	varchar(255)	YES	NULL	MUL	utf8mb3
field_revision_field_grievance_co_email	1	entity_type	varchar	varchar(128)	NO	''	PRI	utf8mb3
field_revision_field_grievance_co_email	2	bundle	varchar	varchar(128)	NO	''	MUL	utf8mb3
field_revision_field_grievance_co_email	3	deleted	tinyint	tinyint(4)	NO	0	PRI	
field_revision_field_grievance_co_email	4	entity_id	int	int(10) unsigned	NO	~NULL~	PRI	
field_revision_field_grievance_co_email	5	revision_id	int	int(10) unsigned	NO	~NULL~	PRI	
field_revision_field_grievance_co_email	6	language	varchar	varchar(32)	NO	''	PRI	utf8mb3
field_revision_field_grievance_co_email	7	delta	int	int(10) unsigned	NO	~NULL~	PRI	
field_revision_field_grievance_co_email	8	field_grievance_co_email_email	varchar	varchar(255)	YES	NULL		utf8mb3
field_revision_field_grievance_co_fax	1	entity_type	varchar	varchar(128)	NO	''	PRI	utf8mb3
field_revision_field_grievance_co_fax	2	bundle	varchar	varchar(128)	NO	''	MUL	utf8mb3
field_revision_field_grievance_co_fax	3	deleted	tinyint	tinyint(4)	NO	0	PRI	
field_revision_field_grievance_co_fax	4	entity_id	int	int(10) unsigned	NO	~NULL~	PRI	
field_revision_field_grievance_co_fax	5	revision_id	int	int(10) unsigned	NO	~NULL~	PRI	
field_revision_field_grievance_co_fax	6	language	varchar	varchar(32)	NO	''	PRI	utf8mb3
field_revision_field_grievance_co_fax	7	delta	int	int(10) unsigned	NO	~NULL~	PRI	
field_revision_field_grievance_co_fax	8	field_grievance_co_fax_value	varchar	varchar(255)	YES	NULL		utf8mb3
field_revision_field_grievance_co_fax	9	field_grievance_co_fax_format	varchar	varchar(255)	YES	NULL	MUL	utf8mb3
field_revision_field_grievance_co_name	1	entity_type	varchar	varchar(128)	NO	''	PRI	utf8mb3
field_revision_field_grievance_co_name	2	bundle	varchar	varchar(128)	NO	''	MUL	utf8mb3
field_revision_field_grievance_co_name	3	deleted	tinyint	tinyint(4)	NO	0	PRI	
field_revision_field_grievance_co_name	4	entity_id	int	int(10) unsigned	NO	~NULL~	PRI	
field_revision_field_grievance_co_name	5	revision_id	int	int(10) unsigned	NO	~NULL~	PRI	
field_revision_field_grievance_co_name	6	language	varchar	varchar(32)	NO	''	PRI	utf8mb3
field_revision_field_grievance_co_name	7	delta	int	int(10) unsigned	NO	~NULL~	PRI	
field_revision_field_grievance_co_name	8	field_grievance_co_name_value	varchar	varchar(255)	YES	NULL		utf8mb3
field_revision_field_grievance_co_name	9	field_grievance_co_name_format	varchar	varchar(255)	YES	NULL	MUL	utf8mb3
field_revision_field_grievance_co_phone	1	entity_type	varchar	varchar(128)	NO	''	PRI	utf8mb3
field_revision_field_grievance_co_phone	2	bundle	varchar	varchar(128)	NO	''	MUL	utf8mb3
field_revision_field_grievance_co_phone	3	deleted	tinyint	tinyint(4)	NO	0	PRI	
field_revision_field_grievance_co_phone	4	entity_id	int	int(10) unsigned	NO	~NULL~	PRI	
field_revision_field_grievance_co_phone	5	revision_id	int	int(10) unsigned	NO	~NULL~	PRI	
field_revision_field_grievance_co_phone	6	language	varchar	varchar(32)	NO	''	PRI	utf8mb3
field_revision_field_grievance_co_phone	7	delta	int	int(10) unsigned	NO	~NULL~	PRI	
field_revision_field_grievance_co_phone	8	field_grievance_co_phone_value	varchar	varchar(255)	YES	NULL		utf8mb3
field_revision_field_grievance_co_phone	9	field_grievance_co_phone_format	varchar	varchar(255)	YES	NULL	MUL	utf8mb3
field_revision_field_grievance_co_phone_2	1	entity_type	varchar	varchar(128)	NO	''	PRI	utf8mb3
field_revision_field_grievance_co_phone_2	2	bundle	varchar	varchar(128)	NO	''	MUL	utf8mb3
field_revision_field_grievance_co_phone_2	3	deleted	tinyint	tinyint(4)	NO	0	PRI	
field_revision_field_grievance_co_phone_2	4	entity_id	int	int(10) unsigned	NO	~NULL~	PRI	
field_revision_field_grievance_co_phone_2	5	revision_id	int	int(10) unsigned	NO	~NULL~	PRI	
field_revision_field_grievance_co_phone_2	6	language	varchar	varchar(32)	NO	''	PRI	utf8mb3
field_revision_field_grievance_co_phone_2	7	delta	int	int(10) unsigned	NO	~NULL~	PRI	
field_revision_field_grievance_co_phone_2	8	field_grievance_co_phone_2_value	varchar	varchar(255)	YES	NULL		utf8mb3
field_revision_field_grievance_co_phone_2	9	field_grievance_co_phone_2_format	varchar	varchar(255)	YES	NULL	MUL	utf8mb3
field_revision_field_grievance_co_role	1	entity_type	varchar	varchar(128)	NO	''	PRI	utf8mb3
field_revision_field_grievance_co_role	2	bundle	varchar	varchar(128)	NO	''	MUL	utf8mb3
field_revision_field_grievance_co_role	3	deleted	tinyint	tinyint(4)	NO	0	PRI	
field_revision_field_grievance_co_role	4	entity_id	int	int(10) unsigned	NO	~NULL~	PRI	
field_revision_field_grievance_co_role	5	revision_id	int	int(10) unsigned	NO	~NULL~	PRI	
field_revision_field_grievance_co_role	6	language	varchar	varchar(32)	NO	''	PRI	utf8mb3
field_revision_field_grievance_co_role	7	delta	int	int(10) unsigned	NO	~NULL~	PRI	
field_revision_field_grievance_co_role	8	field_grievance_co_role_value	varchar	varchar(255)	YES	NULL		utf8mb3
field_revision_field_grievance_co_role	9	field_grievance_co_role_format	varchar	varchar(255)	YES	NULL	MUL	utf8mb3
field_revision_field_grievance_co_state	1	entity_type	varchar	varchar(128)	NO	''	PRI	utf8mb3
field_revision_field_grievance_co_state	2	bundle	varchar	varchar(128)	NO	''	MUL	utf8mb3
field_revision_field_grievance_co_state	3	deleted	tinyint	tinyint(4)	NO	0	PRI	
field_revision_field_grievance_co_state	4	entity_id	int	int(10) unsigned	NO	~NULL~	PRI	
field_revision_field_grievance_co_state	5	revision_id	int	int(10) unsigned	NO	~NULL~	PRI	
field_revision_field_grievance_co_state	6	language	varchar	varchar(32)	NO	''	PRI	utf8mb3
field_revision_field_grievance_co_state	7	delta	int	int(10) unsigned	NO	~NULL~	PRI	
field_revision_field_grievance_co_state	8	field_grievance_co_state_value	varchar	varchar(255)	YES	NULL		utf8mb3
field_revision_field_grievance_co_state	9	field_grievance_co_state_format	varchar	varchar(255)	YES	NULL	MUL	utf8mb3
field_revision_field_grievance_co_zip	1	entity_type	varchar	varchar(128)	NO	''	PRI	utf8mb3
field_revision_field_grievance_co_zip	2	bundle	varchar	varchar(128)	NO	''	MUL	utf8mb3
field_revision_field_grievance_co_zip	3	deleted	tinyint	tinyint(4)	NO	0	PRI	
field_revision_field_grievance_co_zip	4	entity_id	int	int(10) unsigned	NO	~NULL~	PRI	
field_revision_field_grievance_co_zip	5	revision_id	int	int(10) unsigned	NO	~NULL~	PRI	
field_revision_field_grievance_co_zip	6	language	varchar	varchar(32)	NO	''	PRI	utf8mb3
field_revision_field_grievance_co_zip	7	delta	int	int(10) unsigned	NO	~NULL~	PRI	
field_revision_field_grievance_co_zip	8	field_grievance_co_zip_value	varchar	varchar(255)	YES	NULL		utf8mb3
field_revision_field_grievance_co_zip	9	field_grievance_co_zip_format	varchar	varchar(255)	YES	NULL	MUL	utf8mb3
field_revision_field_grievance_css	1	entity_type	varchar	varchar(128)	NO	''	PRI	utf8mb3
field_revision_field_grievance_css	2	bundle	varchar	varchar(128)	NO	''	MUL	utf8mb3
field_revision_field_grievance_css	3	deleted	tinyint	tinyint(4)	NO	0	PRI	
field_revision_field_grievance_css	4	entity_id	int	int(10) unsigned	NO	~NULL~	PRI	
field_revision_field_grievance_css	5	revision_id	int	int(10) unsigned	NO	~NULL~	PRI	
field_revision_field_grievance_css	6	language	varchar	varchar(32)	NO	''	PRI	utf8mb3
field_revision_field_grievance_css	7	delta	int	int(10) unsigned	NO	~NULL~	PRI	
field_revision_field_grievance_css	8	field_grievance_css_value	longtext	longtext	YES	NULL		utf8mb3
field_revision_field_grievance_css	9	field_grievance_css_format	varchar	varchar(255)	YES	NULL	MUL	utf8mb3
field_revision_field_grievance_data_alert	1	entity_type	varchar	varchar(128)	NO	''	PRI	utf8mb3
field_revision_field_grievance_data_alert	2	bundle	varchar	varchar(128)	NO	''	MUL	utf8mb3
field_revision_field_grievance_data_alert	3	deleted	tinyint	tinyint(4)	NO	0	PRI	
field_revision_field_grievance_data_alert	4	entity_id	int	int(10) unsigned	NO	~NULL~	PRI	
field_revision_field_grievance_data_alert	5	revision_id	int	int(10) unsigned	NO	~NULL~	PRI	
field_revision_field_grievance_data_alert	6	language	varchar	varchar(32)	NO	''	PRI	utf8mb3
field_revision_field_grievance_data_alert	7	delta	int	int(10) unsigned	NO	~NULL~	PRI	
field_revision_field_grievance_data_alert	8	field_grievance_data_alert_value	longtext	longtext	YES	NULL		utf8mb3
field_revision_field_grievance_data_alert	9	field_grievance_data_alert_format	varchar	varchar(255)	YES	NULL	MUL	utf8mb3
field_revision_field_grievance_date	1	entity_type	varchar	varchar(128)	NO	''	PRI	utf8mb3
field_revision_field_grievance_date	2	bundle	varchar	varchar(128)	NO	''	MUL	utf8mb3
field_revision_field_grievance_date	3	deleted	tinyint	tinyint(4)	NO	0	PRI	
field_revision_field_grievance_date	4	entity_id	int	int(10) unsigned	NO	~NULL~	PRI	
field_revision_field_grievance_date	5	revision_id	int	int(10) unsigned	NO	~NULL~	PRI	
field_revision_field_grievance_date	6	language	varchar	varchar(32)	NO	''	PRI	utf8mb3
field_revision_field_grievance_date	7	delta	int	int(10) unsigned	NO	~NULL~	PRI	
field_revision_field_grievance_date	8	field_grievance_date_value	datetime	datetime	YES	NULL	MUL	
field_revision_field_grievance_date_1	1	entity_type	varchar	varchar(128)	NO	''	PRI	utf8mb3
field_revision_field_grievance_date_1	2	bundle	varchar	varchar(128)	NO	''	MUL	utf8mb3
field_revision_field_grievance_date_1	3	deleted	tinyint	tinyint(4)	NO	0	PRI	
field_revision_field_grievance_date_1	4	entity_id	int	int(10) unsigned	NO	~NULL~	PRI	
field_revision_field_grievance_date_1	5	revision_id	int	int(10) unsigned	NO	~NULL~	PRI	
field_revision_field_grievance_date_1	6	language	varchar	varchar(32)	NO	''	PRI	utf8mb3
field_revision_field_grievance_date_1	7	delta	int	int(10) unsigned	NO	~NULL~	PRI	
field_revision_field_grievance_date_1	8	field_grievance_date_1_value	datetime	datetime	YES	NULL	MUL	
field_revision_field_grievance_date_2	1	entity_type	varchar	varchar(128)	NO	''	PRI	utf8mb3
field_revision_field_grievance_date_2	2	bundle	varchar	varchar(128)	NO	''	MUL	utf8mb3
field_revision_field_grievance_date_2	3	deleted	tinyint	tinyint(4)	NO	0	PRI	
field_revision_field_grievance_date_2	4	entity_id	int	int(10) unsigned	NO	~NULL~	PRI	
field_revision_field_grievance_date_2	5	revision_id	int	int(10) unsigned	NO	~NULL~	PRI	
field_revision_field_grievance_date_2	6	language	varchar	varchar(32)	NO	''	PRI	utf8mb3
field_revision_field_grievance_date_2	7	delta	int	int(10) unsigned	NO	~NULL~	PRI	
field_revision_field_grievance_date_2	8	field_grievance_date_2_value	datetime	datetime	YES	NULL	MUL	
field_revision_field_grievance_days	1	entity_type	varchar	varchar(128)	NO	''	PRI	utf8mb3
field_revision_field_grievance_days	2	bundle	varchar	varchar(128)	NO	''	MUL	utf8mb3
field_revision_field_grievance_days	3	deleted	tinyint	tinyint(4)	NO	0	PRI	
field_revision_field_grievance_days	4	entity_id	int	int(10) unsigned	NO	~NULL~	PRI	
field_revision_field_grievance_days	5	revision_id	int	int(10) unsigned	NO	~NULL~	PRI	
field_revision_field_grievance_days	6	language	varchar	varchar(32)	NO	''	PRI	utf8mb3
field_revision_field_grievance_days	7	delta	int	int(10) unsigned	NO	~NULL~	PRI	
field_revision_field_grievance_days	8	field_grievance_days_value	int	int(11)	YES	NULL		
field_revision_field_grievance_daysoff	1	entity_type	varchar	varchar(128)	NO	''	PRI	utf8mb3
field_revision_field_grievance_daysoff	2	bundle	varchar	varchar(128)	NO	''	MUL	utf8mb3
field_revision_field_grievance_daysoff	3	deleted	tinyint	tinyint(4)	NO	0	PRI	
field_revision_field_grievance_daysoff	4	entity_id	int	int(10) unsigned	NO	~NULL~	PRI	
field_revision_field_grievance_daysoff	5	revision_id	int	int(10) unsigned	NO	~NULL~	PRI	
field_revision_field_grievance_daysoff	6	language	varchar	varchar(32)	NO	''	PRI	utf8mb3
field_revision_field_grievance_daysoff	7	delta	int	int(10) unsigned	NO	~NULL~	PRI	
field_revision_field_grievance_daysoff	8	field_grievance_daysoff_value	varchar	varchar(255)	YES	NULL	MUL	utf8mb3
field_revision_field_grievance_days_type	1	entity_type	varchar	varchar(128)	NO	''	PRI	utf8mb3
field_revision_field_grievance_days_type	2	bundle	varchar	varchar(128)	NO	''	MUL	utf8mb3
field_revision_field_grievance_days_type	3	deleted	tinyint	tinyint(4)	NO	0	PRI	
field_revision_field_grievance_days_type	4	entity_id	int	int(10) unsigned	NO	~NULL~	PRI	
field_revision_field_grievance_days_type	5	revision_id	int	int(10) unsigned	NO	~NULL~	PRI	
field_revision_field_grievance_days_type	6	language	varchar	varchar(32)	NO	''	PRI	utf8mb3
field_revision_field_grievance_days_type	7	delta	int	int(10) unsigned	NO	~NULL~	PRI	
field_revision_field_grievance_days_type	8	field_grievance_days_type_value	varchar	varchar(255)	YES	NULL	MUL	utf8mb3
field_revision_field_grievance_default	1	entity_type	varchar	varchar(128)	NO	''	PRI	utf8mb3
field_revision_field_grievance_default	2	bundle	varchar	varchar(128)	NO	''	MUL	utf8mb3
field_revision_field_grievance_default	3	deleted	tinyint	tinyint(4)	NO	0	PRI	
field_revision_field_grievance_default	4	entity_id	int	int(10) unsigned	NO	~NULL~	PRI	
field_revision_field_grievance_default	5	revision_id	int	int(10) unsigned	NO	~NULL~	PRI	
field_revision_field_grievance_default	6	language	varchar	varchar(32)	NO	''	PRI	utf8mb3
field_revision_field_grievance_default	7	delta	int	int(10) unsigned	NO	~NULL~	PRI	
field_revision_field_grievance_default	8	field_grievance_default_value	longtext	longtext	YES	NULL		utf8mb3
field_revision_field_grievance_default	9	field_grievance_default_format	varchar	varchar(255)	YES	NULL	MUL	utf8mb3
field_revision_field_grievance_department	1	entity_type	varchar	varchar(128)	NO	''	PRI	utf8mb3
field_revision_field_grievance_department	2	bundle	varchar	varchar(128)	NO	''	MUL	utf8mb3
field_revision_field_grievance_department	3	deleted	tinyint	tinyint(4)	NO	0	PRI	
field_revision_field_grievance_department	4	entity_id	int	int(10) unsigned	NO	~NULL~	PRI	
field_revision_field_grievance_department	5	revision_id	int	int(10) unsigned	NO	~NULL~	PRI	
field_revision_field_grievance_department	6	language	varchar	varchar(32)	NO	''	PRI	utf8mb3
field_revision_field_grievance_department	7	delta	int	int(10) unsigned	NO	~NULL~	PRI	
field_revision_field_grievance_department	8	field_grievance_department_value	varchar	varchar(255)	YES	NULL		utf8mb3
field_revision_field_grievance_department	9	field_grievance_department_format	varchar	varchar(255)	YES	NULL	MUL	utf8mb3
field_revision_field_grievance_departments	1	entity_type	varchar	varchar(128)	NO	''	PRI	utf8mb3
field_revision_field_grievance_departments	2	bundle	varchar	varchar(128)	NO	''	MUL	utf8mb3
field_revision_field_grievance_departments	3	deleted	tinyint	tinyint(4)	NO	0	PRI	
field_revision_field_grievance_departments	4	entity_id	int	int(10) unsigned	NO	~NULL~	PRI	
field_revision_field_grievance_departments	5	revision_id	int	int(10) unsigned	NO	~NULL~	PRI	
field_revision_field_grievance_departments	6	language	varchar	varchar(32)	NO	''	PRI	utf8mb3
field_revision_field_grievance_departments	7	delta	int	int(10) unsigned	NO	~NULL~	PRI	
field_revision_field_grievance_departments	8	field_grievance_departments_tid	int	int(10) unsigned	YES	NULL	MUL	
field_revision_field_grievance_department_tid	1	entity_type	varchar	varchar(128)	NO	''	PRI	utf8mb3
field_revision_field_grievance_department_tid	2	bundle	varchar	varchar(128)	NO	''	MUL	utf8mb3
field_revision_field_grievance_department_tid	3	deleted	tinyint	tinyint(4)	NO	0	PRI	
field_revision_field_grievance_department_tid	4	entity_id	int	int(10) unsigned	NO	~NULL~	PRI	
field_revision_field_grievance_department_tid	5	revision_id	int	int(10) unsigned	NO	~NULL~	PRI	
field_revision_field_grievance_department_tid	6	language	varchar	varchar(32)	NO	''	PRI	utf8mb3
field_revision_field_grievance_department_tid	7	delta	int	int(10) unsigned	NO	~NULL~	PRI	
field_revision_field_grievance_department_tid	8	field_grievance_department_tid_tid	int	int(10) unsigned	YES	NULL	MUL	
field_revision_field_grievance_description	1	entity_type	varchar	varchar(128)	NO	''	PRI	utf8mb3
field_revision_field_grievance_description	2	bundle	varchar	varchar(128)	NO	''	MUL	utf8mb3
field_revision_field_grievance_description	3	deleted	tinyint	tinyint(4)	NO	0	PRI	
field_revision_field_grievance_description	4	entity_id	int	int(10) unsigned	NO	~NULL~	PRI	
field_revision_field_grievance_description	5	revision_id	int	int(10) unsigned	NO	~NULL~	PRI	
field_revision_field_grievance_description	6	language	varchar	varchar(32)	NO	''	PRI	utf8mb3
field_revision_field_grievance_description	7	delta	int	int(10) unsigned	NO	~NULL~	PRI	
field_revision_field_grievance_description	8	field_grievance_description_value	varchar	varchar(255)	YES	NULL		utf8mb3
field_revision_field_grievance_description	9	field_grievance_description_format	varchar	varchar(255)	YES	NULL	MUL	utf8mb3
field_revision_field_grievance_document_type	1	entity_type	varchar	varchar(128)	NO	''	PRI	utf8mb3
field_revision_field_grievance_document_type	2	bundle	varchar	varchar(128)	NO	''	MUL	utf8mb3
field_revision_field_grievance_document_type	3	deleted	tinyint	tinyint(4)	NO	0	PRI	
field_revision_field_grievance_document_type	4	entity_id	int	int(10) unsigned	NO	~NULL~	PRI	
field_revision_field_grievance_document_type	5	revision_id	int	int(10) unsigned	NO	~NULL~	PRI	
field_revision_field_grievance_document_type	6	language	varchar	varchar(32)	NO	''	PRI	utf8mb3
field_revision_field_grievance_document_type	7	delta	int	int(10) unsigned	NO	~NULL~	PRI	
field_revision_field_grievance_document_type	8	field_grievance_document_type_tid	int	int(10) unsigned	YES	NULL	MUL	
field_revision_field_grievance_document_types	1	entity_type	varchar	varchar(128)	NO	''	PRI	utf8mb3
field_revision_field_grievance_document_types	2	bundle	varchar	varchar(128)	NO	''	MUL	utf8mb3
field_revision_field_grievance_document_types	3	deleted	tinyint	tinyint(4)	NO	0	PRI	
field_revision_field_grievance_document_types	4	entity_id	int	int(10) unsigned	NO	~NULL~	PRI	
field_revision_field_grievance_document_types	5	revision_id	int	int(10) unsigned	NO	~NULL~	PRI	
field_revision_field_grievance_document_types	6	language	varchar	varchar(32)	NO	''	PRI	utf8mb3
field_revision_field_grievance_document_types	7	delta	int	int(10) unsigned	NO	~NULL~	PRI	
field_revision_field_grievance_document_types	8	field_grievance_document_types_tid	int	int(10) unsigned	YES	NULL	MUL	
field_revision_field_grievance_dummy	1	entity_type	varchar	varchar(128)	NO	''	PRI	utf8mb3
field_revision_field_grievance_dummy	2	bundle	varchar	varchar(128)	NO	''	MUL	utf8mb3
field_revision_field_grievance_dummy	3	deleted	tinyint	tinyint(4)	NO	0	PRI	
field_revision_field_grievance_dummy	4	entity_id	int	int(10) unsigned	NO	~NULL~	PRI	
field_revision_field_grievance_dummy	5	revision_id	int	int(10) unsigned	NO	~NULL~	PRI	
field_revision_field_grievance_dummy	6	language	varchar	varchar(32)	NO	''	PRI	utf8mb3
field_revision_field_grievance_dummy	7	delta	int	int(10) unsigned	NO	~NULL~	PRI	
field_revision_field_grievance_dummy	8	field_grievance_dummy_value	varchar	varchar(255)	YES	NULL	MUL	utf8mb3
field_revision_field_grievance_ein	1	entity_type	varchar	varchar(128)	NO	''	PRI	utf8mb3
field_revision_field_grievance_ein	2	bundle	varchar	varchar(128)	NO	''	MUL	utf8mb3
field_revision_field_grievance_ein	3	deleted	tinyint	tinyint(4)	NO	0	PRI	
field_revision_field_grievance_ein	4	entity_id	int	int(10) unsigned	NO	~NULL~	PRI	
field_revision_field_grievance_ein	5	revision_id	int	int(10) unsigned	NO	~NULL~	PRI	
field_revision_field_grievance_ein	6	language	varchar	varchar(32)	NO	''	PRI	utf8mb3
field_revision_field_grievance_ein	7	delta	int	int(10) unsigned	NO	~NULL~	PRI	
field_revision_field_grievance_ein	8	field_grievance_ein_value	varchar	varchar(255)	YES	NULL		utf8mb3
field_revision_field_grievance_ein	9	field_grievance_ein_format	varchar	varchar(255)	YES	NULL	MUL	utf8mb3
field_revision_field_grievance_email	1	entity_type	varchar	varchar(128)	NO	''	PRI	utf8mb3
field_revision_field_grievance_email	2	bundle	varchar	varchar(128)	NO	''	MUL	utf8mb3
field_revision_field_grievance_email	3	deleted	tinyint	tinyint(4)	NO	0	PRI	
field_revision_field_grievance_email	4	entity_id	int	int(10) unsigned	NO	~NULL~	PRI	
field_revision_field_grievance_email	5	revision_id	int	int(10) unsigned	NO	~NULL~	PRI	
field_revision_field_grievance_email	6	language	varchar	varchar(32)	NO	''	PRI	utf8mb3
field_revision_field_grievance_email	7	delta	int	int(10) unsigned	NO	~NULL~	PRI	
field_revision_field_grievance_email	8	field_grievance_email_email	varchar	varchar(255)	YES	NULL		utf8mb3
field_revision_field_grievance_emails	1	entity_type	varchar	varchar(128)	NO	''	PRI	utf8mb3
field_revision_field_grievance_emails	2	bundle	varchar	varchar(128)	NO	''	MUL	utf8mb3
field_revision_field_grievance_emails	3	deleted	tinyint	tinyint(4)	NO	0	PRI	
field_revision_field_grievance_emails	4	entity_id	int	int(10) unsigned	NO	~NULL~	PRI	
field_revision_field_grievance_emails	5	revision_id	int	int(10) unsigned	NO	~NULL~	PRI	
field_revision_field_grievance_emails	6	language	varchar	varchar(32)	NO	''	PRI	utf8mb3
field_revision_field_grievance_emails	7	delta	int	int(10) unsigned	NO	~NULL~	PRI	
field_revision_field_grievance_emails	8	field_grievance_emails_value	varchar	varchar(255)	YES	NULL		utf8mb3
field_revision_field_grievance_emails	9	field_grievance_emails_format	varchar	varchar(255)	YES	NULL	MUL	utf8mb3
field_revision_field_grievance_emp_name	1	entity_type	varchar	varchar(128)	NO	''	PRI	utf8mb3
field_revision_field_grievance_emp_name	2	bundle	varchar	varchar(128)	NO	''	MUL	utf8mb3
field_revision_field_grievance_emp_name	3	deleted	tinyint	tinyint(4)	NO	0	PRI	
field_revision_field_grievance_emp_name	4	entity_id	int	int(10) unsigned	NO	~NULL~	PRI	
field_revision_field_grievance_emp_name	5	revision_id	int	int(10) unsigned	NO	~NULL~	PRI	
field_revision_field_grievance_emp_name	6	language	varchar	varchar(32)	NO	''	PRI	utf8mb3
field_revision_field_grievance_emp_name	7	delta	int	int(10) unsigned	NO	~NULL~	PRI	
field_revision_field_grievance_emp_name	8	field_grievance_emp_name_value	longtext	longtext	YES	NULL		utf8mb3
field_revision_field_grievance_emp_name	9	field_grievance_emp_name_format	varchar	varchar(255)	YES	NULL	MUL	utf8mb3
field_revision_field_grievance_entity_type	1	entity_type	varchar	varchar(128)	NO	''	PRI	utf8mb3
field_revision_field_grievance_entity_type	2	bundle	varchar	varchar(128)	NO	''	MUL	utf8mb3
field_revision_field_grievance_entity_type	3	deleted	tinyint	tinyint(4)	NO	0	PRI	
field_revision_field_grievance_entity_type	4	entity_id	int	int(10) unsigned	NO	~NULL~	PRI	
field_revision_field_grievance_entity_type	5	revision_id	int	int(10) unsigned	NO	~NULL~	PRI	
field_revision_field_grievance_entity_type	6	language	varchar	varchar(32)	NO	''	PRI	utf8mb3
field_revision_field_grievance_entity_type	7	delta	int	int(10) unsigned	NO	~NULL~	PRI	
field_revision_field_grievance_entity_type	8	field_grievance_entity_type_value	varchar	varchar(255)	YES	NULL		utf8mb3
field_revision_field_grievance_entity_type	9	field_grievance_entity_type_format	varchar	varchar(255)	YES	NULL	MUL	utf8mb3
field_revision_field_grievance_external_id	1	entity_type	varchar	varchar(128)	NO	''	PRI	utf8mb3
field_revision_field_grievance_external_id	2	bundle	varchar	varchar(128)	NO	''	MUL	utf8mb3
field_revision_field_grievance_external_id	3	deleted	tinyint	tinyint(4)	NO	0	PRI	
field_revision_field_grievance_external_id	4	entity_id	int	int(10) unsigned	NO	~NULL~	PRI	
field_revision_field_grievance_external_id	5	revision_id	int	int(10) unsigned	NO	~NULL~	PRI	
field_revision_field_grievance_external_id	6	language	varchar	varchar(32)	NO	''	PRI	utf8mb3
field_revision_field_grievance_external_id	7	delta	int	int(10) unsigned	NO	~NULL~	PRI	
field_revision_field_grievance_external_id	8	field_grievance_external_id_value	varchar	varchar(255)	YES	NULL		utf8mb3
field_revision_field_grievance_external_id	9	field_grievance_external_id_format	varchar	varchar(255)	YES	NULL	MUL	utf8mb3
field_revision_field_grievance_field_name	1	entity_type	varchar	varchar(128)	NO	''	PRI	utf8mb3
field_revision_field_grievance_field_name	2	bundle	varchar	varchar(128)	NO	''	MUL	utf8mb3
field_revision_field_grievance_field_name	3	deleted	tinyint	tinyint(4)	NO	0	PRI	
field_revision_field_grievance_field_name	4	entity_id	int	int(10) unsigned	NO	~NULL~	PRI	
field_revision_field_grievance_field_name	5	revision_id	int	int(10) unsigned	NO	~NULL~	PRI	
field_revision_field_grievance_field_name	6	language	varchar	varchar(32)	NO	''	PRI	utf8mb3
field_revision_field_grievance_field_name	7	delta	int	int(10) unsigned	NO	~NULL~	PRI	
field_revision_field_grievance_field_name	8	field_grievance_field_name_value	varchar	varchar(255)	YES	NULL		utf8mb3
field_revision_field_grievance_field_name	9	field_grievance_field_name_format	varchar	varchar(255)	YES	NULL	MUL	utf8mb3
field_revision_field_grievance_first_name	1	entity_type	varchar	varchar(128)	NO	''	PRI	utf8mb3
field_revision_field_grievance_first_name	2	bundle	varchar	varchar(128)	NO	''	MUL	utf8mb3
field_revision_field_grievance_first_name	3	deleted	tinyint	tinyint(4)	NO	0	PRI	
field_revision_field_grievance_first_name	4	entity_id	int	int(10) unsigned	NO	~NULL~	PRI	
field_revision_field_grievance_first_name	5	revision_id	int	int(10) unsigned	NO	~NULL~	PRI	
field_revision_field_grievance_first_name	6	language	varchar	varchar(32)	NO	''	PRI	utf8mb3
field_revision_field_grievance_first_name	7	delta	int	int(10) unsigned	NO	~NULL~	PRI	
field_revision_field_grievance_first_name	8	field_grievance_first_name_value	varchar	varchar(255)	YES	NULL		utf8mb3
field_revision_field_grievance_first_name	9	field_grievance_first_name_format	varchar	varchar(255)	YES	NULL	MUL	utf8mb3
field_revision_field_grievance_from_status	1	entity_type	varchar	varchar(128)	NO	''	PRI	utf8mb3
field_revision_field_grievance_from_status	2	bundle	varchar	varchar(128)	NO	''	MUL	utf8mb3
field_revision_field_grievance_from_status	3	deleted	tinyint	tinyint(4)	NO	0	PRI	
field_revision_field_grievance_from_status	4	entity_id	int	int(10) unsigned	NO	~NULL~	PRI	
field_revision_field_grievance_from_status	5	revision_id	int	int(10) unsigned	NO	~NULL~	PRI	
field_revision_field_grievance_from_status	6	language	varchar	varchar(32)	NO	''	PRI	utf8mb3
field_revision_field_grievance_from_status	7	delta	int	int(10) unsigned	NO	~NULL~	PRI	
field_revision_field_grievance_from_status	8	field_grievance_from_status_tid	int	int(10) unsigned	YES	NULL	MUL	
field_revision_field_grievance_gender	1	entity_type	varchar	varchar(128)	NO	''	PRI	utf8mb3
field_revision_field_grievance_gender	2	bundle	varchar	varchar(128)	NO	''	MUL	utf8mb3
field_revision_field_grievance_gender	3	deleted	tinyint	tinyint(4)	NO	0	PRI	
field_revision_field_grievance_gender	4	entity_id	int	int(10) unsigned	NO	~NULL~	PRI	
field_revision_field_grievance_gender	5	revision_id	int	int(10) unsigned	NO	~NULL~	PRI	
field_revision_field_grievance_gender	6	language	varchar	varchar(32)	NO	''	PRI	utf8mb3
field_revision_field_grievance_gender	7	delta	int	int(10) unsigned	NO	~NULL~	PRI	
field_revision_field_grievance_gender	8	field_grievance_gender_value	varchar	varchar(255)	YES	NULL	MUL	utf8mb3
field_revision_field_grievance_hidefields	1	entity_type	varchar	varchar(128)	NO	''	PRI	utf8mb3
field_revision_field_grievance_hidefields	2	bundle	varchar	varchar(128)	NO	''	MUL	utf8mb3
field_revision_field_grievance_hidefields	3	deleted	tinyint	tinyint(4)	NO	0	PRI	
field_revision_field_grievance_hidefields	4	entity_id	int	int(10) unsigned	NO	~NULL~	PRI	
field_revision_field_grievance_hidefields	5	revision_id	int	int(10) unsigned	NO	~NULL~	PRI	
field_revision_field_grievance_hidefields	6	language	varchar	varchar(32)	NO	''	PRI	utf8mb3
field_revision_field_grievance_hidefields	7	delta	int	int(10) unsigned	NO	~NULL~	PRI	
field_revision_field_grievance_hidefields	8	field_grievance_hidefields_value	longtext	longtext	YES	NULL		utf8mb3
field_revision_field_grievance_hidefields	9	field_grievance_hidefields_format	varchar	varchar(255)	YES	NULL	MUL	utf8mb3
field_revision_field_grievance_hire_date	1	entity_type	varchar	varchar(128)	NO	''	PRI	utf8mb3
field_revision_field_grievance_hire_date	2	bundle	varchar	varchar(128)	NO	''	MUL	utf8mb3
field_revision_field_grievance_hire_date	3	deleted	tinyint	tinyint(4)	NO	0	PRI	
field_revision_field_grievance_hire_date	4	entity_id	int	int(10) unsigned	NO	~NULL~	PRI	
field_revision_field_grievance_hire_date	5	revision_id	int	int(10) unsigned	NO	~NULL~	PRI	
field_revision_field_grievance_hire_date	6	language	varchar	varchar(32)	NO	''	PRI	utf8mb3
field_revision_field_grievance_hire_date	7	delta	int	int(10) unsigned	NO	~NULL~	PRI	
field_revision_field_grievance_hire_date	8	field_grievance_hire_date_value	datetime	datetime	YES	NULL	MUL	
field_revision_field_grievance_holidays	1	entity_type	varchar	varchar(128)	NO	''	PRI	utf8mb3
field_revision_field_grievance_holidays	2	bundle	varchar	varchar(128)	NO	''	MUL	utf8mb3
field_revision_field_grievance_holidays	3	deleted	tinyint	tinyint(4)	NO	0	PRI	
field_revision_field_grievance_holidays	4	entity_id	int	int(10) unsigned	NO	~NULL~	PRI	
field_revision_field_grievance_holidays	5	revision_id	int	int(10) unsigned	NO	~NULL~	PRI	
field_revision_field_grievance_holidays	6	language	varchar	varchar(32)	NO	''	PRI	utf8mb3
field_revision_field_grievance_holidays	7	delta	int	int(10) unsigned	NO	~NULL~	PRI	
field_revision_field_grievance_holidays	8	field_grievance_holidays_value	longtext	longtext	YES	NULL		utf8mb3
field_revision_field_grievance_holidays	9	field_grievance_holidays_format	varchar	varchar(255)	YES	NULL	MUL	utf8mb3
field_revision_field_grievance_id	1	entity_type	varchar	varchar(128)	NO	''	PRI	utf8mb3
field_revision_field_grievance_id	2	bundle	varchar	varchar(128)	NO	''	MUL	utf8mb3
field_revision_field_grievance_id	3	deleted	tinyint	tinyint(4)	NO	0	PRI	
field_revision_field_grievance_id	4	entity_id	int	int(10) unsigned	NO	~NULL~	PRI	
field_revision_field_grievance_id	5	revision_id	int	int(10) unsigned	NO	~NULL~	PRI	
field_revision_field_grievance_id	6	language	varchar	varchar(32)	NO	''	PRI	utf8mb3
field_revision_field_grievance_id	7	delta	int	int(10) unsigned	NO	~NULL~	PRI	
field_revision_field_grievance_id	8	field_grievance_id_value	varchar	varchar(255)	YES	NULL		utf8mb3
field_revision_field_grievance_id	9	field_grievance_id_format	varchar	varchar(255)	YES	NULL	MUL	utf8mb3
field_revision_field_grievance_images	1	entity_type	varchar	varchar(128)	NO	''	PRI	utf8mb3
field_revision_field_grievance_images	2	bundle	varchar	varchar(128)	NO	''	MUL	utf8mb3
field_revision_field_grievance_images	3	deleted	tinyint	tinyint(4)	NO	0	PRI	
field_revision_field_grievance_images	4	entity_id	int	int(10) unsigned	NO	~NULL~	PRI	
field_revision_field_grievance_images	5	revision_id	int	int(10) unsigned	NO	~NULL~	PRI	
field_revision_field_grievance_images	6	language	varchar	varchar(32)	NO	''	PRI	utf8mb3
field_revision_field_grievance_images	7	delta	int	int(10) unsigned	NO	~NULL~	PRI	
field_revision_field_grievance_images	8	field_grievance_images_fid	int	int(10) unsigned	YES	NULL	MUL	
field_revision_field_grievance_images	9	field_grievance_images_display	tinyint	tinyint(3) unsigned	NO	1		
field_revision_field_grievance_images	10	field_grievance_images_description	text	text	YES	NULL		utf8mb3
field_revision_field_grievance_inforeq	1	entity_type	varchar	varchar(128)	NO	''	PRI	utf8mb3
field_revision_field_grievance_inforeq	2	bundle	varchar	varchar(128)	NO	''	MUL	utf8mb3
field_revision_field_grievance_inforeq	3	deleted	tinyint	tinyint(4)	NO	0	PRI	
field_revision_field_grievance_inforeq	4	entity_id	int	int(10) unsigned	NO	~NULL~	PRI	
field_revision_field_grievance_inforeq	5	revision_id	int	int(10) unsigned	NO	~NULL~	PRI	
field_revision_field_grievance_inforeq	6	language	varchar	varchar(32)	NO	''	PRI	utf8mb3
field_revision_field_grievance_inforeq	7	delta	int	int(10) unsigned	NO	~NULL~	PRI	
field_revision_field_grievance_inforeq	8	field_grievance_inforeq_value	longtext	longtext	YES	NULL		utf8mb3
field_revision_field_grievance_inforeq	9	field_grievance_inforeq_format	varchar	varchar(255)	YES	NULL	MUL	utf8mb3
field_revision_field_grievance_label	1	entity_type	varchar	varchar(128)	NO	''	PRI	utf8mb3
field_revision_field_grievance_label	2	bundle	varchar	varchar(128)	NO	''	MUL	utf8mb3
field_revision_field_grievance_label	3	deleted	tinyint	tinyint(4)	NO	0	PRI	
field_revision_field_grievance_label	4	entity_id	int	int(10) unsigned	NO	~NULL~	PRI	
field_revision_field_grievance_label	5	revision_id	int	int(10) unsigned	NO	~NULL~	PRI	
field_revision_field_grievance_label	6	language	varchar	varchar(32)	NO	''	PRI	utf8mb3
field_revision_field_grievance_label	7	delta	int	int(10) unsigned	NO	~NULL~	PRI	
field_revision_field_grievance_label	8	field_grievance_label_value	varchar	varchar(255)	YES	NULL		utf8mb3
field_revision_field_grievance_label	9	field_grievance_label_format	varchar	varchar(255)	YES	NULL	MUL	utf8mb3
field_revision_field_grievance_last_name	1	entity_type	varchar	varchar(128)	NO	''	PRI	utf8mb3
field_revision_field_grievance_last_name	2	bundle	varchar	varchar(128)	NO	''	MUL	utf8mb3
field_revision_field_grievance_last_name	3	deleted	tinyint	tinyint(4)	NO	0	PRI	
field_revision_field_grievance_last_name	4	entity_id	int	int(10) unsigned	NO	~NULL~	PRI	
field_revision_field_grievance_last_name	5	revision_id	int	int(10) unsigned	NO	~NULL~	PRI	
field_revision_field_grievance_last_name	6	language	varchar	varchar(32)	NO	''	PRI	utf8mb3
field_revision_field_grievance_last_name	7	delta	int	int(10) unsigned	NO	~NULL~	PRI	
field_revision_field_grievance_last_name	8	field_grievance_last_name_value	varchar	varchar(255)	YES	NULL		utf8mb3
field_revision_field_grievance_last_name	9	field_grievance_last_name_format	varchar	varchar(255)	YES	NULL	MUL	utf8mb3
field_revision_field_grievance_log_tags	1	entity_type	varchar	varchar(128)	NO	''	PRI	utf8mb3
field_revision_field_grievance_log_tags	2	bundle	varchar	varchar(128)	NO	''	MUL	utf8mb3
field_revision_field_grievance_log_tags	3	deleted	tinyint	tinyint(4)	NO	0	PRI	
field_revision_field_grievance_log_tags	4	entity_id	int	int(10) unsigned	NO	~NULL~	PRI	
field_revision_field_grievance_log_tags	5	revision_id	int	int(10) unsigned	NO	~NULL~	PRI	
field_revision_field_grievance_log_tags	6	language	varchar	varchar(32)	NO	''	PRI	utf8mb3
field_revision_field_grievance_log_tags	7	delta	int	int(10) unsigned	NO	~NULL~	PRI	
field_revision_field_grievance_log_tags	8	field_grievance_log_tags_tid	int	int(10) unsigned	YES	NULL	MUL	
field_revision_field_grievance_log_type	1	entity_type	varchar	varchar(128)	NO	''	PRI	utf8mb3
field_revision_field_grievance_log_type	2	bundle	varchar	varchar(128)	NO	''	MUL	utf8mb3
field_revision_field_grievance_log_type	3	deleted	tinyint	tinyint(4)	NO	0	PRI	
field_revision_field_grievance_log_type	4	entity_id	int	int(10) unsigned	NO	~NULL~	PRI	
field_revision_field_grievance_log_type	5	revision_id	int	int(10) unsigned	NO	~NULL~	PRI	
field_revision_field_grievance_log_type	6	language	varchar	varchar(32)	NO	''	PRI	utf8mb3
field_revision_field_grievance_log_type	7	delta	int	int(10) unsigned	NO	~NULL~	PRI	
field_revision_field_grievance_log_type	8	field_grievance_log_type_tid	int	int(10) unsigned	YES	NULL	MUL	
field_revision_field_grievance_meeting_date	1	entity_type	varchar	varchar(128)	NO	''	PRI	utf8mb3
field_revision_field_grievance_meeting_date	2	bundle	varchar	varchar(128)	NO	''	MUL	utf8mb3
field_revision_field_grievance_meeting_date	3	deleted	tinyint	tinyint(4)	NO	0	PRI	
field_revision_field_grievance_meeting_date	4	entity_id	int	int(10) unsigned	NO	~NULL~	PRI	
field_revision_field_grievance_meeting_date	5	revision_id	int	int(10) unsigned	NO	~NULL~	PRI	
field_revision_field_grievance_meeting_date	6	language	varchar	varchar(32)	NO	''	PRI	utf8mb3
field_revision_field_grievance_meeting_date	7	delta	int	int(10) unsigned	NO	~NULL~	PRI	
field_revision_field_grievance_meeting_date	8	field_grievance_meeting_date_value	datetime	datetime	YES	NULL	MUL	
field_revision_field_grievance_min	1	entity_type	varchar	varchar(128)	NO	''	PRI	utf8mb3
field_revision_field_grievance_min	2	bundle	varchar	varchar(128)	NO	''	MUL	utf8mb3
field_revision_field_grievance_min	3	deleted	tinyint	tinyint(4)	NO	0	PRI	
field_revision_field_grievance_min	4	entity_id	int	int(10) unsigned	NO	~NULL~	PRI	
field_revision_field_grievance_min	5	revision_id	int	int(10) unsigned	NO	~NULL~	PRI	
field_revision_field_grievance_min	6	language	varchar	varchar(32)	NO	''	PRI	utf8mb3
field_revision_field_grievance_min	7	delta	int	int(10) unsigned	NO	~NULL~	PRI	
field_revision_field_grievance_min	8	field_grievance_min_value	varchar	varchar(255)	YES	NULL		utf8mb3
field_revision_field_grievance_min	9	field_grievance_min_format	varchar	varchar(255)	YES	NULL	MUL	utf8mb3
field_revision_field_grievance_next_status	1	entity_type	varchar	varchar(128)	NO	''	PRI	utf8mb3
field_revision_field_grievance_next_status	2	bundle	varchar	varchar(128)	NO	''	MUL	utf8mb3
field_revision_field_grievance_next_status	3	deleted	tinyint	tinyint(4)	NO	0	PRI	
field_revision_field_grievance_next_status	4	entity_id	int	int(10) unsigned	NO	~NULL~	PRI	
field_revision_field_grievance_next_status	5	revision_id	int	int(10) unsigned	NO	~NULL~	PRI	
field_revision_field_grievance_next_status	6	language	varchar	varchar(32)	NO	''	PRI	utf8mb3
field_revision_field_grievance_next_status	7	delta	int	int(10) unsigned	NO	~NULL~	PRI	
field_revision_field_grievance_next_status	8	field_grievance_next_status_tid	int	int(10) unsigned	YES	NULL	MUL	
field_revision_field_grievance_notify_body	1	entity_type	varchar	varchar(128)	NO	''	PRI	utf8mb3
field_revision_field_grievance_notify_body	2	bundle	varchar	varchar(128)	NO	''	MUL	utf8mb3
field_revision_field_grievance_notify_body	3	deleted	tinyint	tinyint(4)	NO	0	PRI	
field_revision_field_grievance_notify_body	4	entity_id	int	int(10) unsigned	NO	~NULL~	PRI	
field_revision_field_grievance_notify_body	5	revision_id	int	int(10) unsigned	NO	~NULL~	PRI	
field_revision_field_grievance_notify_body	6	language	varchar	varchar(32)	NO	''	PRI	utf8mb3
field_revision_field_grievance_notify_body	7	delta	int	int(10) unsigned	NO	~NULL~	PRI	
field_revision_field_grievance_notify_body	8	field_grievance_notify_body_value	longtext	longtext	YES	NULL		utf8mb3
field_revision_field_grievance_notify_body	9	field_grievance_notify_body_format	varchar	varchar(255)	YES	NULL	MUL	utf8mb3
field_revision_field_grievance_notify_subject	1	entity_type	varchar	varchar(128)	NO	''	PRI	utf8mb3
field_revision_field_grievance_notify_subject	2	bundle	varchar	varchar(128)	NO	''	MUL	utf8mb3
field_revision_field_grievance_notify_subject	3	deleted	tinyint	tinyint(4)	NO	0	PRI	
field_revision_field_grievance_notify_subject	4	entity_id	int	int(10) unsigned	NO	~NULL~	PRI	
field_revision_field_grievance_notify_subject	5	revision_id	int	int(10) unsigned	NO	~NULL~	PRI	
field_revision_field_grievance_notify_subject	6	language	varchar	varchar(32)	NO	''	PRI	utf8mb3
field_revision_field_grievance_notify_subject	7	delta	int	int(10) unsigned	NO	~NULL~	PRI	
field_revision_field_grievance_notify_subject	8	field_grievance_notify_subject_value	varchar	varchar(255)	YES	NULL		utf8mb3
field_revision_field_grievance_notify_subject	9	field_grievance_notify_subject_format	varchar	varchar(255)	YES	NULL	MUL	utf8mb3
field_revision_field_grievance_open	1	entity_type	varchar	varchar(128)	NO	''	PRI	utf8mb3
field_revision_field_grievance_open	2	bundle	varchar	varchar(128)	NO	''	MUL	utf8mb3
field_revision_field_grievance_open	3	deleted	tinyint	tinyint(4)	NO	0	PRI	
field_revision_field_grievance_open	4	entity_id	int	int(10) unsigned	NO	~NULL~	PRI	
field_revision_field_grievance_open	5	revision_id	int	int(10) unsigned	NO	~NULL~	PRI	
field_revision_field_grievance_open	6	language	varchar	varchar(32)	NO	''	PRI	utf8mb3
field_revision_field_grievance_open	7	delta	int	int(10) unsigned	NO	~NULL~	PRI	
field_revision_field_grievance_open	8	field_grievance_open_value	varchar	varchar(255)	YES	NULL	MUL	utf8mb3
field_revision_field_grievance_outcome	1	entity_type	varchar	varchar(128)	NO	''	PRI	utf8mb3
field_revision_field_grievance_outcome	2	bundle	varchar	varchar(128)	NO	''	MUL	utf8mb3
field_revision_field_grievance_outcome	3	deleted	tinyint	tinyint(4)	NO	0	PRI	
field_revision_field_grievance_outcome	4	entity_id	int	int(10) unsigned	NO	~NULL~	PRI	
field_revision_field_grievance_outcome	5	revision_id	int	int(10) unsigned	NO	~NULL~	PRI	
field_revision_field_grievance_outcome	6	language	varchar	varchar(32)	NO	''	PRI	utf8mb3
field_revision_field_grievance_outcome	7	delta	int	int(10) unsigned	NO	~NULL~	PRI	
field_revision_field_grievance_outcome	8	field_grievance_outcome_tid	int	int(10) unsigned	YES	NULL	MUL	
field_revision_field_grievance_phone	1	entity_type	varchar	varchar(128)	NO	''	PRI	utf8mb3
field_revision_field_grievance_phone	2	bundle	varchar	varchar(128)	NO	''	MUL	utf8mb3
field_revision_field_grievance_phone	3	deleted	tinyint	tinyint(4)	NO	0	PRI	
field_revision_field_grievance_phone	4	entity_id	int	int(10) unsigned	NO	~NULL~	PRI	
field_revision_field_grievance_phone	5	revision_id	int	int(10) unsigned	NO	~NULL~	PRI	
field_revision_field_grievance_phone	6	language	varchar	varchar(32)	NO	''	PRI	utf8mb3
field_revision_field_grievance_phone	7	delta	int	int(10) unsigned	NO	~NULL~	PRI	
field_revision_field_grievance_phone	8	field_grievance_phone_value	varchar	varchar(255)	YES	NULL		utf8mb3
field_revision_field_grievance_phone	9	field_grievance_phone_format	varchar	varchar(255)	YES	NULL	MUL	utf8mb3
field_revision_field_grievance_phone_off	1	entity_type	varchar	varchar(128)	NO	''	PRI	utf8mb3
field_revision_field_grievance_phone_off	2	bundle	varchar	varchar(128)	NO	''	MUL	utf8mb3
field_revision_field_grievance_phone_off	3	deleted	tinyint	tinyint(4)	NO	0	PRI	
field_revision_field_grievance_phone_off	4	entity_id	int	int(10) unsigned	NO	~NULL~	PRI	
field_revision_field_grievance_phone_off	5	revision_id	int	int(10) unsigned	NO	~NULL~	PRI	
field_revision_field_grievance_phone_off	6	language	varchar	varchar(32)	NO	''	PRI	utf8mb3
field_revision_field_grievance_phone_off	7	delta	int	int(10) unsigned	NO	~NULL~	PRI	
field_revision_field_grievance_phone_off	8	field_grievance_phone_off_value	varchar	varchar(255)	YES	NULL		utf8mb3
field_revision_field_grievance_phone_off	9	field_grievance_phone_off_format	varchar	varchar(255)	YES	NULL	MUL	utf8mb3
field_revision_field_grievance_pullclause	1	entity_type	varchar	varchar(128)	NO	''	PRI	utf8mb3
field_revision_field_grievance_pullclause	2	bundle	varchar	varchar(128)	NO	''	MUL	utf8mb3
field_revision_field_grievance_pullclause	3	deleted	tinyint	tinyint(4)	NO	0	PRI	
field_revision_field_grievance_pullclause	4	entity_id	int	int(10) unsigned	NO	~NULL~	PRI	
field_revision_field_grievance_pullclause	5	revision_id	int	int(10) unsigned	NO	~NULL~	PRI	
field_revision_field_grievance_pullclause	6	language	varchar	varchar(32)	NO	''	PRI	utf8mb3
field_revision_field_grievance_pullclause	7	delta	int	int(10) unsigned	NO	~NULL~	PRI	
field_revision_field_grievance_pullclause	8	field_grievance_pullclause_value	varchar	varchar(255)	YES	NULL		utf8mb3
field_revision_field_grievance_pullclause	9	field_grievance_pullclause_format	varchar	varchar(255)	YES	NULL	MUL	utf8mb3
field_revision_field_grievance_remedy	1	entity_type	varchar	varchar(128)	NO	''	PRI	utf8mb3
field_revision_field_grievance_remedy	2	bundle	varchar	varchar(128)	NO	''	MUL	utf8mb3
field_revision_field_grievance_remedy	3	deleted	tinyint	tinyint(4)	NO	0	PRI	
field_revision_field_grievance_remedy	4	entity_id	int	int(10) unsigned	NO	~NULL~	PRI	
field_revision_field_grievance_remedy	5	revision_id	int	int(10) unsigned	NO	~NULL~	PRI	
field_revision_field_grievance_remedy	6	language	varchar	varchar(32)	NO	''	PRI	utf8mb3
field_revision_field_grievance_remedy	7	delta	int	int(10) unsigned	NO	~NULL~	PRI	
field_revision_field_grievance_remedy	8	field_grievance_remedy_tid	int	int(10) unsigned	YES	NULL	MUL	
field_revision_field_grievance_remedy_other	1	entity_type	varchar	varchar(128)	NO	''	PRI	utf8mb3
field_revision_field_grievance_remedy_other	2	bundle	varchar	varchar(128)	NO	''	MUL	utf8mb3
field_revision_field_grievance_remedy_other	3	deleted	tinyint	tinyint(4)	NO	0	PRI	
field_revision_field_grievance_remedy_other	4	entity_id	int	int(10) unsigned	NO	~NULL~	PRI	
field_revision_field_grievance_remedy_other	5	revision_id	int	int(10) unsigned	NO	~NULL~	PRI	
field_revision_field_grievance_remedy_other	6	language	varchar	varchar(32)	NO	''	PRI	utf8mb3
field_revision_field_grievance_remedy_other	7	delta	int	int(10) unsigned	NO	~NULL~	PRI	
field_revision_field_grievance_remedy_other	8	field_grievance_remedy_other_value	longtext	longtext	YES	NULL		utf8mb3
field_revision_field_grievance_remedy_other	9	field_grievance_remedy_other_format	varchar	varchar(255)	YES	NULL	MUL	utf8mb3
field_revision_field_grievance_rep_assignee	1	entity_type	varchar	varchar(128)	NO	''	PRI	utf8mb3
field_revision_field_grievance_rep_assignee	2	bundle	varchar	varchar(128)	NO	''	MUL	utf8mb3
field_revision_field_grievance_rep_assignee	3	deleted	tinyint	tinyint(4)	NO	0	PRI	
field_revision_field_grievance_rep_assignee	4	entity_id	int	int(10) unsigned	NO	~NULL~	PRI	
field_revision_field_grievance_rep_assignee	5	revision_id	int	int(10) unsigned	NO	~NULL~	PRI	
field_revision_field_grievance_rep_assignee	6	language	varchar	varchar(32)	NO	''	PRI	utf8mb3
field_revision_field_grievance_rep_assignee	7	delta	int	int(10) unsigned	NO	~NULL~	PRI	
field_revision_field_grievance_rep_assignee	8	field_grievance_rep_assignee_target_id	int	int(10) unsigned	NO	~NULL~	MUL	
field_revision_field_grievance_rep_filed	1	entity_type	varchar	varchar(128)	NO	''	PRI	utf8mb3
field_revision_field_grievance_rep_filed	2	bundle	varchar	varchar(128)	NO	''	MUL	utf8mb3
field_revision_field_grievance_rep_filed	3	deleted	tinyint	tinyint(4)	NO	0	PRI	
field_revision_field_grievance_rep_filed	4	entity_id	int	int(10) unsigned	NO	~NULL~	PRI	
field_revision_field_grievance_rep_filed	5	revision_id	int	int(10) unsigned	NO	~NULL~	PRI	
field_revision_field_grievance_rep_filed	6	language	varchar	varchar(32)	NO	''	PRI	utf8mb3
field_revision_field_grievance_rep_filed	7	delta	int	int(10) unsigned	NO	~NULL~	PRI	
field_revision_field_grievance_rep_filed	8	field_grievance_rep_filed_target_id	int	int(10) unsigned	NO	~NULL~	MUL	
field_revision_field_grievance_rep_lead	1	entity_type	varchar	varchar(128)	NO	''	PRI	utf8mb3
field_revision_field_grievance_rep_lead	2	bundle	varchar	varchar(128)	NO	''	MUL	utf8mb3
field_revision_field_grievance_rep_lead	3	deleted	tinyint	tinyint(4)	NO	0	PRI	
field_revision_field_grievance_rep_lead	4	entity_id	int	int(10) unsigned	NO	~NULL~	PRI	
field_revision_field_grievance_rep_lead	5	revision_id	int	int(10) unsigned	NO	~NULL~	PRI	
field_revision_field_grievance_rep_lead	6	language	varchar	varchar(32)	NO	''	PRI	utf8mb3
field_revision_field_grievance_rep_lead	7	delta	int	int(10) unsigned	NO	~NULL~	PRI	
field_revision_field_grievance_rep_lead	8	field_grievance_rep_lead_target_id	int	int(10) unsigned	NO	~NULL~	MUL	
field_revision_field_grievance_rep_manager	1	entity_type	varchar	varchar(128)	NO	''	PRI	utf8mb3
field_revision_field_grievance_rep_manager	2	bundle	varchar	varchar(128)	NO	''	MUL	utf8mb3
field_revision_field_grievance_rep_manager	3	deleted	tinyint	tinyint(4)	NO	0	PRI	
field_revision_field_grievance_rep_manager	4	entity_id	int	int(10) unsigned	NO	~NULL~	PRI	
field_revision_field_grievance_rep_manager	5	revision_id	int	int(10) unsigned	NO	~NULL~	PRI	
field_revision_field_grievance_rep_manager	6	language	varchar	varchar(32)	NO	''	PRI	utf8mb3
field_revision_field_grievance_rep_manager	7	delta	int	int(10) unsigned	NO	~NULL~	PRI	
field_revision_field_grievance_rep_manager	8	field_grievance_rep_manager_target_id	int	int(10) unsigned	NO	~NULL~	MUL	
field_revision_field_grievance_rep_organizer	1	entity_type	varchar	varchar(128)	NO	''	PRI	utf8mb3
field_revision_field_grievance_rep_organizer	2	bundle	varchar	varchar(128)	NO	''	MUL	utf8mb3
field_revision_field_grievance_rep_organizer	3	deleted	tinyint	tinyint(4)	NO	0	PRI	
field_revision_field_grievance_rep_organizer	4	entity_id	int	int(10) unsigned	NO	~NULL~	PRI	
field_revision_field_grievance_rep_organizer	5	revision_id	int	int(10) unsigned	NO	~NULL~	PRI	
field_revision_field_grievance_rep_organizer	6	language	varchar	varchar(32)	NO	''	PRI	utf8mb3
field_revision_field_grievance_rep_organizer	7	delta	int	int(10) unsigned	NO	~NULL~	PRI	
field_revision_field_grievance_rep_organizer	8	field_grievance_rep_organizer_target_id	int	int(10) unsigned	NO	~NULL~	MUL	
field_revision_field_grievance_rep_watching	1	entity_type	varchar	varchar(128)	NO	''	PRI	utf8mb3
field_revision_field_grievance_rep_watching	2	bundle	varchar	varchar(128)	NO	''	MUL	utf8mb3
field_revision_field_grievance_rep_watching	3	deleted	tinyint	tinyint(4)	NO	0	PRI	
field_revision_field_grievance_rep_watching	4	entity_id	int	int(10) unsigned	NO	~NULL~	PRI	
field_revision_field_grievance_rep_watching	5	revision_id	int	int(10) unsigned	NO	~NULL~	PRI	
field_revision_field_grievance_rep_watching	6	language	varchar	varchar(32)	NO	''	PRI	utf8mb3
field_revision_field_grievance_rep_watching	7	delta	int	int(10) unsigned	NO	~NULL~	PRI	
field_revision_field_grievance_rep_watching	8	field_grievance_rep_watching_target_id	int	int(10) unsigned	NO	~NULL~	MUL	
field_revision_field_grievance_resproc	1	entity_type	varchar	varchar(128)	NO	''	PRI	utf8mb3
field_revision_field_grievance_resproc	2	bundle	varchar	varchar(128)	NO	''	MUL	utf8mb3
field_revision_field_grievance_resproc	3	deleted	tinyint	tinyint(4)	NO	0	PRI	
field_revision_field_grievance_resproc	4	entity_id	int	int(10) unsigned	NO	~NULL~	PRI	
field_revision_field_grievance_resproc	5	revision_id	int	int(10) unsigned	NO	~NULL~	PRI	
field_revision_field_grievance_resproc	6	language	varchar	varchar(32)	NO	''	PRI	utf8mb3
field_revision_field_grievance_resproc	7	delta	int	int(10) unsigned	NO	~NULL~	PRI	
field_revision_field_grievance_resproc	8	field_grievance_resproc_tid	int	int(10) unsigned	YES	NULL	MUL	
field_revision_field_grievance_resproc_an	1	entity_type	varchar	varchar(128)	NO	''	PRI	utf8mb3
field_revision_field_grievance_resproc_an	2	bundle	varchar	varchar(128)	NO	''	MUL	utf8mb3
field_revision_field_grievance_resproc_an	3	deleted	tinyint	tinyint(4)	NO	0	PRI	
field_revision_field_grievance_resproc_an	4	entity_id	int	int(10) unsigned	NO	~NULL~	PRI	
field_revision_field_grievance_resproc_an	5	revision_id	int	int(10) unsigned	NO	~NULL~	PRI	
field_revision_field_grievance_resproc_an	6	language	varchar	varchar(32)	NO	''	PRI	utf8mb3
field_revision_field_grievance_resproc_an	7	delta	int	int(10) unsigned	NO	~NULL~	PRI	
field_revision_field_grievance_resproc_an	8	field_grievance_resproc_an_value	varchar	varchar(255)	YES	NULL		utf8mb3
field_revision_field_grievance_resproc_an	9	field_grievance_resproc_an_format	varchar	varchar(255)	YES	NULL	MUL	utf8mb3
field_revision_field_grievance_resproc_cd	1	entity_type	varchar	varchar(128)	NO	''	PRI	utf8mb3
field_revision_field_grievance_resproc_cd	2	bundle	varchar	varchar(128)	NO	''	MUL	utf8mb3
field_revision_field_grievance_resproc_cd	3	deleted	tinyint	tinyint(4)	NO	0	PRI	
field_revision_field_grievance_resproc_cd	4	entity_id	int	int(10) unsigned	NO	~NULL~	PRI	
field_revision_field_grievance_resproc_cd	5	revision_id	int	int(10) unsigned	NO	~NULL~	PRI	
field_revision_field_grievance_resproc_cd	6	language	varchar	varchar(32)	NO	''	PRI	utf8mb3
field_revision_field_grievance_resproc_cd	7	delta	int	int(10) unsigned	NO	~NULL~	PRI	
field_revision_field_grievance_resproc_cd	8	field_grievance_resproc_cd_value	datetime	datetime	YES	NULL	MUL	
field_revision_field_grievance_resproc_ea	1	entity_type	varchar	varchar(128)	NO	''	PRI	utf8mb3
field_revision_field_grievance_resproc_ea	2	bundle	varchar	varchar(128)	NO	''	MUL	utf8mb3
field_revision_field_grievance_resproc_ea	3	deleted	tinyint	tinyint(4)	NO	0	PRI	
field_revision_field_grievance_resproc_ea	4	entity_id	int	int(10) unsigned	NO	~NULL~	PRI	
field_revision_field_grievance_resproc_ea	5	revision_id	int	int(10) unsigned	NO	~NULL~	PRI	
field_revision_field_grievance_resproc_ea	6	language	varchar	varchar(32)	NO	''	PRI	utf8mb3
field_revision_field_grievance_resproc_ea	7	delta	int	int(10) unsigned	NO	~NULL~	PRI	
field_revision_field_grievance_resproc_ea	8	field_grievance_resproc_ea_value	varchar	varchar(255)	YES	NULL		utf8mb3
field_revision_field_grievance_resproc_ea	9	field_grievance_resproc_ea_format	varchar	varchar(255)	YES	NULL	MUL	utf8mb3
field_revision_field_grievance_resproc_er	1	entity_type	varchar	varchar(128)	NO	''	PRI	utf8mb3
field_revision_field_grievance_resproc_er	2	bundle	varchar	varchar(128)	NO	''	MUL	utf8mb3
field_revision_field_grievance_resproc_er	3	deleted	tinyint	tinyint(4)	NO	0	PRI	
field_revision_field_grievance_resproc_er	4	entity_id	int	int(10) unsigned	NO	~NULL~	PRI	
field_revision_field_grievance_resproc_er	5	revision_id	int	int(10) unsigned	NO	~NULL~	PRI	
field_revision_field_grievance_resproc_er	6	language	varchar	varchar(32)	NO	''	PRI	utf8mb3
field_revision_field_grievance_resproc_er	7	delta	int	int(10) unsigned	NO	~NULL~	PRI	
field_revision_field_grievance_resproc_er	8	field_grievance_resproc_er_value	varchar	varchar(255)	YES	NULL		utf8mb3
field_revision_field_grievance_resproc_er	9	field_grievance_resproc_er_format	varchar	varchar(255)	YES	NULL	MUL	utf8mb3
field_revision_field_grievance_resproc_hd	1	entity_type	varchar	varchar(128)	NO	''	PRI	utf8mb3
field_revision_field_grievance_resproc_hd	2	bundle	varchar	varchar(128)	NO	''	MUL	utf8mb3
field_revision_field_grievance_resproc_hd	3	deleted	tinyint	tinyint(4)	NO	0	PRI	
field_revision_field_grievance_resproc_hd	4	entity_id	int	int(10) unsigned	NO	~NULL~	PRI	
field_revision_field_grievance_resproc_hd	5	revision_id	int	int(10) unsigned	NO	~NULL~	PRI	
field_revision_field_grievance_resproc_hd	6	language	varchar	varchar(32)	NO	''	PRI	utf8mb3
field_revision_field_grievance_resproc_hd	7	delta	int	int(10) unsigned	NO	~NULL~	PRI	
field_revision_field_grievance_resproc_hd	8	field_grievance_resproc_hd_value	datetime	datetime	YES	NULL	MUL	
field_revision_field_grievance_resproc_lh	1	entity_type	varchar	varchar(128)	NO	''	PRI	utf8mb3
field_revision_field_grievance_resproc_lh	2	bundle	varchar	varchar(128)	NO	''	MUL	utf8mb3
field_revision_field_grievance_resproc_lh	3	deleted	tinyint	tinyint(4)	NO	0	PRI	
field_revision_field_grievance_resproc_lh	4	entity_id	int	int(10) unsigned	NO	~NULL~	PRI	
field_revision_field_grievance_resproc_lh	5	revision_id	int	int(10) unsigned	NO	~NULL~	PRI	
field_revision_field_grievance_resproc_lh	6	language	varchar	varchar(32)	NO	''	PRI	utf8mb3
field_revision_field_grievance_resproc_lh	7	delta	int	int(10) unsigned	NO	~NULL~	PRI	
field_revision_field_grievance_resproc_lh	8	field_grievance_resproc_lh_value	int	int(11)	YES	NULL		
field_revision_field_grievance_resproc_ur	1	entity_type	varchar	varchar(128)	NO	''	PRI	utf8mb3
field_revision_field_grievance_resproc_ur	2	bundle	varchar	varchar(128)	NO	''	MUL	utf8mb3
field_revision_field_grievance_resproc_ur	3	deleted	tinyint	tinyint(4)	NO	0	PRI	
field_revision_field_grievance_resproc_ur	4	entity_id	int	int(10) unsigned	NO	~NULL~	PRI	
field_revision_field_grievance_resproc_ur	5	revision_id	int	int(10) unsigned	NO	~NULL~	PRI	
field_revision_field_grievance_resproc_ur	6	language	varchar	varchar(32)	NO	''	PRI	utf8mb3
field_revision_field_grievance_resproc_ur	7	delta	int	int(10) unsigned	NO	~NULL~	PRI	
field_revision_field_grievance_resproc_ur	8	field_grievance_resproc_ur_value	varchar	varchar(255)	YES	NULL		utf8mb3
field_revision_field_grievance_resproc_ur	9	field_grievance_resproc_ur_format	varchar	varchar(255)	YES	NULL	MUL	utf8mb3
field_revision_field_grievance_roles	1	entity_type	varchar	varchar(128)	NO	''	PRI	utf8mb3
field_revision_field_grievance_roles	2	bundle	varchar	varchar(128)	NO	''	MUL	utf8mb3
field_revision_field_grievance_roles	3	deleted	tinyint	tinyint(4)	NO	0	PRI	
field_revision_field_grievance_roles	4	entity_id	int	int(10) unsigned	NO	~NULL~	PRI	
field_revision_field_grievance_roles	5	revision_id	int	int(10) unsigned	NO	~NULL~	PRI	
field_revision_field_grievance_roles	6	language	varchar	varchar(32)	NO	''	PRI	utf8mb3
field_revision_field_grievance_roles	7	delta	int	int(10) unsigned	NO	~NULL~	PRI	
field_revision_field_grievance_roles	8	field_grievance_roles_value	int	int(11)	NO	~NULL~		
field_revision_field_grievance_section_number	1	entity_type	varchar	varchar(128)	NO	''	PRI	utf8mb3
field_revision_field_grievance_section_number	2	bundle	varchar	varchar(128)	NO	''	MUL	utf8mb3
field_revision_field_grievance_section_number	3	deleted	tinyint	tinyint(4)	NO	0	PRI	
field_revision_field_grievance_section_number	4	entity_id	int	int(10) unsigned	NO	~NULL~	PRI	
field_revision_field_grievance_section_number	5	revision_id	int	int(10) unsigned	NO	~NULL~	PRI	
field_revision_field_grievance_section_number	6	language	varchar	varchar(32)	NO	''	PRI	utf8mb3
field_revision_field_grievance_section_number	7	delta	int	int(10) unsigned	NO	~NULL~	PRI	
field_revision_field_grievance_section_number	8	field_grievance_section_number_value	varchar	varchar(255)	YES	NULL		utf8mb3
field_revision_field_grievance_section_number	9	field_grievance_section_number_format	varchar	varchar(255)	YES	NULL	MUL	utf8mb3
field_revision_field_grievance_settlement_tags	1	entity_type	varchar	varchar(128)	NO	''	PRI	utf8mb3
field_revision_field_grievance_settlement_tags	2	bundle	varchar	varchar(128)	NO	''	MUL	utf8mb3
field_revision_field_grievance_settlement_tags	3	deleted	tinyint	tinyint(4)	NO	0	PRI	
field_revision_field_grievance_settlement_tags	4	entity_id	int	int(10) unsigned	NO	~NULL~	PRI	
field_revision_field_grievance_settlement_tags	5	revision_id	int	int(10) unsigned	NO	~NULL~	PRI	
field_revision_field_grievance_settlement_tags	6	language	varchar	varchar(32)	NO	''	PRI	utf8mb3
field_revision_field_grievance_settlement_tags	7	delta	int	int(10) unsigned	NO	~NULL~	PRI	
field_revision_field_grievance_settlement_tags	8	field_grievance_settlement_tags_tid	int	int(10) unsigned	YES	NULL	MUL	
field_revision_field_grievance_shift	1	entity_type	varchar	varchar(128)	NO	''	PRI	utf8mb3
field_revision_field_grievance_shift	2	bundle	varchar	varchar(128)	NO	''	MUL	utf8mb3
field_revision_field_grievance_shift	3	deleted	tinyint	tinyint(4)	NO	0	PRI	
field_revision_field_grievance_shift	4	entity_id	int	int(10) unsigned	NO	~NULL~	PRI	
field_revision_field_grievance_shift	5	revision_id	int	int(10) unsigned	NO	~NULL~	PRI	
field_revision_field_grievance_shift	6	language	varchar	varchar(32)	NO	''	PRI	utf8mb3
field_revision_field_grievance_shift	7	delta	int	int(10) unsigned	NO	~NULL~	PRI	
field_revision_field_grievance_shift	8	field_grievance_shift_tid	int	int(10) unsigned	YES	NULL	MUL	
field_revision_field_grievance_shop	1	entity_type	varchar	varchar(128)	NO	''	PRI	utf8mb3
field_revision_field_grievance_shop	2	bundle	varchar	varchar(128)	NO	''	MUL	utf8mb3
field_revision_field_grievance_shop	3	deleted	tinyint	tinyint(4)	NO	0	PRI	
field_revision_field_grievance_shop	4	entity_id	int	int(10) unsigned	NO	~NULL~	PRI	
field_revision_field_grievance_shop	5	revision_id	int	int(10) unsigned	NO	~NULL~	PRI	
field_revision_field_grievance_shop	6	language	varchar	varchar(32)	NO	''	PRI	utf8mb3
field_revision_field_grievance_shop	7	delta	int	int(10) unsigned	NO	~NULL~	PRI	
field_revision_field_grievance_shop	8	field_grievance_shop_target_id	int	int(10) unsigned	NO	~NULL~	MUL	
field_revision_field_grievance_shops	1	entity_type	varchar	varchar(128)	NO	''	PRI	utf8mb3
field_revision_field_grievance_shops	2	bundle	varchar	varchar(128)	NO	''	MUL	utf8mb3
field_revision_field_grievance_shops	3	deleted	tinyint	tinyint(4)	NO	0	PRI	
field_revision_field_grievance_shops	4	entity_id	int	int(10) unsigned	NO	~NULL~	PRI	
field_revision_field_grievance_shops	5	revision_id	int	int(10) unsigned	NO	~NULL~	PRI	
field_revision_field_grievance_shops	6	language	varchar	varchar(32)	NO	''	PRI	utf8mb3
field_revision_field_grievance_shops	7	delta	int	int(10) unsigned	NO	~NULL~	PRI	
field_revision_field_grievance_shops	8	field_grievance_shops_target_id	int	int(10) unsigned	NO	~NULL~	MUL	
field_revision_field_grievance_shortname	1	entity_type	varchar	varchar(128)	NO	''	PRI	utf8mb3
field_revision_field_grievance_shortname	2	bundle	varchar	varchar(128)	NO	''	MUL	utf8mb3
field_revision_field_grievance_shortname	3	deleted	tinyint	tinyint(4)	NO	0	PRI	
field_revision_field_grievance_shortname	4	entity_id	int	int(10) unsigned	NO	~NULL~	PRI	
field_revision_field_grievance_shortname	5	revision_id	int	int(10) unsigned	NO	~NULL~	PRI	
field_revision_field_grievance_shortname	6	language	varchar	varchar(32)	NO	''	PRI	utf8mb3
field_revision_field_grievance_shortname	7	delta	int	int(10) unsigned	NO	~NULL~	PRI	
field_revision_field_grievance_shortname	8	field_grievance_shortname_value	varchar	varchar(255)	YES	NULL		utf8mb3
field_revision_field_grievance_shortname	9	field_grievance_shortname_format	varchar	varchar(255)	YES	NULL	MUL	utf8mb3
field_revision_field_grievance_state	1	entity_type	varchar	varchar(128)	NO	''	PRI	utf8mb3
field_revision_field_grievance_state	2	bundle	varchar	varchar(128)	NO	''	MUL	utf8mb3
field_revision_field_grievance_state	3	deleted	tinyint	tinyint(4)	NO	0	PRI	
field_revision_field_grievance_state	4	entity_id	int	int(10) unsigned	NO	~NULL~	PRI	
field_revision_field_grievance_state	5	revision_id	int	int(10) unsigned	NO	~NULL~	PRI	
field_revision_field_grievance_state	6	language	varchar	varchar(32)	NO	''	PRI	utf8mb3
field_revision_field_grievance_state	7	delta	int	int(10) unsigned	NO	~NULL~	PRI	
field_revision_field_grievance_state	8	field_grievance_state_value	varchar	varchar(2)	YES	NULL		utf8mb3
field_revision_field_grievance_state	9	field_grievance_state_format	varchar	varchar(255)	YES	NULL	MUL	utf8mb3
field_revision_field_grievance_status	1	entity_type	varchar	varchar(128)	NO	''	PRI	utf8mb3
field_revision_field_grievance_status	2	bundle	varchar	varchar(128)	NO	''	MUL	utf8mb3
field_revision_field_grievance_status	3	deleted	tinyint	tinyint(4)	NO	0	PRI	
field_revision_field_grievance_status	4	entity_id	int	int(10) unsigned	NO	~NULL~	PRI	
field_revision_field_grievance_status	5	revision_id	int	int(10) unsigned	NO	~NULL~	PRI	
field_revision_field_grievance_status	6	language	varchar	varchar(32)	NO	''	PRI	utf8mb3
field_revision_field_grievance_status	7	delta	int	int(10) unsigned	NO	~NULL~	PRI	
field_revision_field_grievance_status	8	field_grievance_status_tid	int	int(10) unsigned	YES	NULL	MUL	
field_revision_field_grievance_statuses	1	entity_type	varchar	varchar(128)	NO	''	PRI	utf8mb3
field_revision_field_grievance_statuses	2	bundle	varchar	varchar(128)	NO	''	MUL	utf8mb3
field_revision_field_grievance_statuses	3	deleted	tinyint	tinyint(4)	NO	0	PRI	
field_revision_field_grievance_statuses	4	entity_id	int	int(10) unsigned	NO	~NULL~	PRI	
field_revision_field_grievance_statuses	5	revision_id	int	int(10) unsigned	NO	~NULL~	PRI	
field_revision_field_grievance_statuses	6	language	varchar	varchar(32)	NO	''	PRI	utf8mb3
field_revision_field_grievance_statuses	7	delta	int	int(10) unsigned	NO	~NULL~	PRI	
field_revision_field_grievance_statuses	8	field_grievance_statuses_tid	int	int(10) unsigned	YES	NULL	MUL	
field_revision_field_grievance_status_date	1	entity_type	varchar	varchar(128)	NO	''	PRI	utf8mb3
field_revision_field_grievance_status_date	2	bundle	varchar	varchar(128)	NO	''	MUL	utf8mb3
field_revision_field_grievance_status_date	3	deleted	tinyint	tinyint(4)	NO	0	PRI	
field_revision_field_grievance_status_date	4	entity_id	int	int(10) unsigned	NO	~NULL~	PRI	
field_revision_field_grievance_status_date	5	revision_id	int	int(10) unsigned	NO	~NULL~	PRI	
field_revision_field_grievance_status_date	6	language	varchar	varchar(32)	NO	''	PRI	utf8mb3
field_revision_field_grievance_status_date	7	delta	int	int(10) unsigned	NO	~NULL~	PRI	
field_revision_field_grievance_status_date	8	field_grievance_status_date_value	datetime	datetime	YES	NULL	MUL	
field_revision_field_grievance_st_email	1	entity_type	varchar	varchar(128)	NO	''	PRI	utf8mb3
field_revision_field_grievance_st_email	2	bundle	varchar	varchar(128)	NO	''	MUL	utf8mb3
field_revision_field_grievance_st_email	3	deleted	tinyint	tinyint(4)	NO	0	PRI	
field_revision_field_grievance_st_email	4	entity_id	int	int(10) unsigned	NO	~NULL~	PRI	
field_revision_field_grievance_st_email	5	revision_id	int	int(10) unsigned	NO	~NULL~	PRI	
field_revision_field_grievance_st_email	6	language	varchar	varchar(32)	NO	''	PRI	utf8mb3
field_revision_field_grievance_st_email	7	delta	int	int(10) unsigned	NO	~NULL~	PRI	
field_revision_field_grievance_st_email	8	field_grievance_st_email_value	varchar	varchar(255)	YES	NULL		utf8mb3
field_revision_field_grievance_st_email	9	field_grievance_st_email_format	varchar	varchar(255)	YES	NULL	MUL	utf8mb3
field_revision_field_grievance_st_name	1	entity_type	varchar	varchar(128)	NO	''	PRI	utf8mb3
field_revision_field_grievance_st_name	2	bundle	varchar	varchar(128)	NO	''	MUL	utf8mb3
field_revision_field_grievance_st_name	3	deleted	tinyint	tinyint(4)	NO	0	PRI	
field_revision_field_grievance_st_name	4	entity_id	int	int(10) unsigned	NO	~NULL~	PRI	
field_revision_field_grievance_st_name	5	revision_id	int	int(10) unsigned	NO	~NULL~	PRI	
field_revision_field_grievance_st_name	6	language	varchar	varchar(32)	NO	''	PRI	utf8mb3
field_revision_field_grievance_st_name	7	delta	int	int(10) unsigned	NO	~NULL~	PRI	
field_revision_field_grievance_st_name	8	field_grievance_st_name_value	varchar	varchar(255)	YES	NULL		utf8mb3
field_revision_field_grievance_st_name	9	field_grievance_st_name_format	varchar	varchar(255)	YES	NULL	MUL	utf8mb3
field_revision_field_grievance_st_phone	1	entity_type	varchar	varchar(128)	NO	''	PRI	utf8mb3
field_revision_field_grievance_st_phone	2	bundle	varchar	varchar(128)	NO	''	MUL	utf8mb3
field_revision_field_grievance_st_phone	3	deleted	tinyint	tinyint(4)	NO	0	PRI	
field_revision_field_grievance_st_phone	4	entity_id	int	int(10) unsigned	NO	~NULL~	PRI	
field_revision_field_grievance_st_phone	5	revision_id	int	int(10) unsigned	NO	~NULL~	PRI	
field_revision_field_grievance_st_phone	6	language	varchar	varchar(32)	NO	''	PRI	utf8mb3
field_revision_field_grievance_st_phone	7	delta	int	int(10) unsigned	NO	~NULL~	PRI	
field_revision_field_grievance_st_phone	8	field_grievance_st_phone_value	varchar	varchar(255)	YES	NULL		utf8mb3
field_revision_field_grievance_st_phone	9	field_grievance_st_phone_format	varchar	varchar(255)	YES	NULL	MUL	utf8mb3
field_revision_field_grievance_st_selector	1	entity_type	varchar	varchar(128)	NO	''	PRI	utf8mb3
field_revision_field_grievance_st_selector	2	bundle	varchar	varchar(128)	NO	''	MUL	utf8mb3
field_revision_field_grievance_st_selector	3	deleted	tinyint	tinyint(4)	NO	0	PRI	
field_revision_field_grievance_st_selector	4	entity_id	int	int(10) unsigned	NO	~NULL~	PRI	
field_revision_field_grievance_st_selector	5	revision_id	int	int(10) unsigned	NO	~NULL~	PRI	
field_revision_field_grievance_st_selector	6	language	varchar	varchar(32)	NO	''	PRI	utf8mb3
field_revision_field_grievance_st_selector	7	delta	int	int(10) unsigned	NO	~NULL~	PRI	
field_revision_field_grievance_supervisor_name	1	entity_type	varchar	varchar(128)	NO	''	PRI	utf8mb3
field_revision_field_grievance_supervisor_name	2	bundle	varchar	varchar(128)	NO	''	MUL	utf8mb3
field_revision_field_grievance_supervisor_name	3	deleted	tinyint	tinyint(4)	NO	0	PRI	
field_revision_field_grievance_supervisor_name	4	entity_id	int	int(10) unsigned	NO	~NULL~	PRI	
field_revision_field_grievance_supervisor_name	5	revision_id	int	int(10) unsigned	NO	~NULL~	PRI	
field_revision_field_grievance_supervisor_name	6	language	varchar	varchar(32)	NO	''	PRI	utf8mb3
field_revision_field_grievance_supervisor_name	7	delta	int	int(10) unsigned	NO	~NULL~	PRI	
field_revision_field_grievance_supervisor_name	8	field_grievance_supervisor_name_value	varchar	varchar(255)	YES	NULL		utf8mb3
field_revision_field_grievance_supervisor_name	9	field_grievance_supervisor_name_format	varchar	varchar(255)	YES	NULL	MUL	utf8mb3
field_revision_field_grievance_supervisor_title	1	entity_type	varchar	varchar(128)	NO	''	PRI	utf8mb3
field_revision_field_grievance_supervisor_title	2	bundle	varchar	varchar(128)	NO	''	MUL	utf8mb3
field_revision_field_grievance_supervisor_title	3	deleted	tinyint	tinyint(4)	NO	0	PRI	
field_revision_field_grievance_supervisor_title	4	entity_id	int	int(10) unsigned	NO	~NULL~	PRI	
field_revision_field_grievance_supervisor_title	5	revision_id	int	int(10) unsigned	NO	~NULL~	PRI	
field_revision_field_grievance_supervisor_title	6	language	varchar	varchar(32)	NO	''	PRI	utf8mb3
field_revision_field_grievance_supervisor_title	7	delta	int	int(10) unsigned	NO	~NULL~	PRI	
field_revision_field_grievance_supervisor_title	8	field_grievance_supervisor_title_value	varchar	varchar(255)	YES	NULL		utf8mb3
field_revision_field_grievance_supervisor_title	9	field_grievance_supervisor_title_format	varchar	varchar(255)	YES	NULL	MUL	utf8mb3
field_revision_field_grievance_supervisor_unit	1	entity_type	varchar	varchar(128)	NO	''	PRI	utf8mb3
field_revision_field_grievance_supervisor_unit	2	bundle	varchar	varchar(128)	NO	''	MUL	utf8mb3
field_revision_field_grievance_supervisor_unit	3	deleted	tinyint	tinyint(4)	NO	0	PRI	
field_revision_field_grievance_supervisor_unit	4	entity_id	int	int(10) unsigned	NO	~NULL~	PRI	
field_revision_field_grievance_supervisor_unit	5	revision_id	int	int(10) unsigned	NO	~NULL~	PRI	
field_revision_field_grievance_supervisor_unit	6	language	varchar	varchar(32)	NO	''	PRI	utf8mb3
field_revision_field_grievance_supervisor_unit	7	delta	int	int(10) unsigned	NO	~NULL~	PRI	
field_revision_field_grievance_supervisor_unit	8	field_grievance_supervisor_unit_value	varchar	varchar(255)	YES	NULL		utf8mb3
field_revision_field_grievance_supervisor_unit	9	field_grievance_supervisor_unit_format	varchar	varchar(255)	YES	NULL	MUL	utf8mb3
field_revision_field_grievance_tags	1	entity_type	varchar	varchar(128)	NO	''	PRI	utf8mb3
field_revision_field_grievance_tags	2	bundle	varchar	varchar(128)	NO	''	MUL	utf8mb3
field_revision_field_grievance_tags	3	deleted	tinyint	tinyint(4)	NO	0	PRI	
field_revision_field_grievance_tags	4	entity_id	int	int(10) unsigned	NO	~NULL~	PRI	
field_revision_field_grievance_tags	5	revision_id	int	int(10) unsigned	NO	~NULL~	PRI	
field_revision_field_grievance_tags	6	language	varchar	varchar(32)	NO	''	PRI	utf8mb3
field_revision_field_grievance_tags	7	delta	int	int(10) unsigned	NO	~NULL~	PRI	
field_revision_field_grievance_tags	8	field_grievance_tags_tid	int	int(10) unsigned	YES	NULL	MUL	
field_revision_field_grievance_timeline_show	1	entity_type	varchar	varchar(128)	NO	''	PRI	utf8mb3
field_revision_field_grievance_timeline_show	2	bundle	varchar	varchar(128)	NO	''	MUL	utf8mb3
field_revision_field_grievance_timeline_show	3	deleted	tinyint	tinyint(4)	NO	0	PRI	
field_revision_field_grievance_timeline_show	4	entity_id	int	int(10) unsigned	NO	~NULL~	PRI	
field_revision_field_grievance_timeline_show	5	revision_id	int	int(10) unsigned	NO	~NULL~	PRI	
field_revision_field_grievance_timeline_show	6	language	varchar	varchar(32)	NO	''	PRI	utf8mb3
field_revision_field_grievance_timeline_show	7	delta	int	int(10) unsigned	NO	~NULL~	PRI	
field_revision_field_grievance_timeline_show	8	field_grievance_timeline_show_value	varchar	varchar(255)	YES	NULL	MUL	utf8mb3
field_revision_field_grievance_type	1	entity_type	varchar	varchar(128)	NO	''	PRI	utf8mb3
field_revision_field_grievance_type	2	bundle	varchar	varchar(128)	NO	''	MUL	utf8mb3
field_revision_field_grievance_type	3	deleted	tinyint	tinyint(4)	NO	0	PRI	
field_revision_field_grievance_type	4	entity_id	int	int(10) unsigned	NO	~NULL~	PRI	
field_revision_field_grievance_type	5	revision_id	int	int(10) unsigned	NO	~NULL~	PRI	
field_revision_field_grievance_type	6	language	varchar	varchar(32)	NO	''	PRI	utf8mb3
field_revision_field_grievance_type	7	delta	int	int(10) unsigned	NO	~NULL~	PRI	
field_revision_field_grievance_type	8	field_grievance_type_tid	int	int(10) unsigned	YES	NULL	MUL	
field_revision_field_grievance_type_other	1	entity_type	varchar	varchar(128)	NO	''	PRI	utf8mb3
field_revision_field_grievance_type_other	2	bundle	varchar	varchar(128)	NO	''	MUL	utf8mb3
field_revision_field_grievance_type_other	3	deleted	tinyint	tinyint(4)	NO	0	PRI	
field_revision_field_grievance_type_other	4	entity_id	int	int(10) unsigned	NO	~NULL~	PRI	
field_revision_field_grievance_type_other	5	revision_id	int	int(10) unsigned	NO	~NULL~	PRI	
field_revision_field_grievance_type_other	6	language	varchar	varchar(32)	NO	''	PRI	utf8mb3
field_revision_field_grievance_type_other	7	delta	int	int(10) unsigned	NO	~NULL~	PRI	
field_revision_field_grievance_type_other	8	field_grievance_type_other_value	longtext	longtext	YES	NULL		utf8mb3
field_revision_field_grievance_type_other	9	field_grievance_type_other_format	varchar	varchar(255)	YES	NULL	MUL	utf8mb3
field_revision_field_grievance_update_rep	1	entity_type	varchar	varchar(128)	NO	''	PRI	utf8mb3
field_revision_field_grievance_update_rep	2	bundle	varchar	varchar(128)	NO	''	MUL	utf8mb3
field_revision_field_grievance_update_rep	3	deleted	tinyint	tinyint(4)	NO	0	PRI	
field_revision_field_grievance_update_rep	4	entity_id	int	int(10) unsigned	NO	~NULL~	PRI	
field_revision_field_grievance_update_rep	5	revision_id	int	int(10) unsigned	NO	~NULL~	PRI	
field_revision_field_grievance_update_rep	6	language	varchar	varchar(32)	NO	''	PRI	utf8mb3
field_revision_field_grievance_update_rep	7	delta	int	int(10) unsigned	NO	~NULL~	PRI	
field_revision_field_grievance_update_rep	8	field_grievance_update_rep_value	varchar	varchar(255)	YES	NULL	MUL	utf8mb3
field_revision_field_grievance_valid	1	entity_type	varchar	varchar(128)	NO	''	PRI	utf8mb3
field_revision_field_grievance_valid	2	bundle	varchar	varchar(128)	NO	''	MUL	utf8mb3
field_revision_field_grievance_valid	3	deleted	tinyint	tinyint(4)	NO	0	PRI	
field_revision_field_grievance_valid	4	entity_id	int	int(10) unsigned	NO	~NULL~	PRI	
field_revision_field_grievance_valid	5	revision_id	int	int(10) unsigned	NO	~NULL~	PRI	
field_revision_field_grievance_valid	6	language	varchar	varchar(32)	NO	''	PRI	utf8mb3
field_revision_field_grievance_valid	7	delta	int	int(10) unsigned	NO	~NULL~	PRI	
field_revision_field_grievance_valid	8	field_grievance_valid_value	datetime	datetime	YES	NULL	MUL	
field_revision_field_grievance_valid	9	field_grievance_valid_value2	datetime	datetime	YES	NULL	MUL	
field_revision_field_grievance_violation	1	entity_type	varchar	varchar(128)	NO	''	PRI	utf8mb3
field_revision_field_grievance_violation	2	bundle	varchar	varchar(128)	NO	''	MUL	utf8mb3
field_revision_field_grievance_violation	3	deleted	tinyint	tinyint(4)	NO	0	PRI	
field_revision_field_grievance_violation	4	entity_id	int	int(10) unsigned	NO	~NULL~	PRI	
field_revision_field_grievance_violation	5	revision_id	int	int(10) unsigned	NO	~NULL~	PRI	
field_revision_field_grievance_violation	6	language	varchar	varchar(32)	NO	''	PRI	utf8mb3
field_revision_field_grievance_violation	7	delta	int	int(10) unsigned	NO	~NULL~	PRI	
field_revision_field_grievance_violation	8	field_grievance_violation_value	varchar	varchar(255)	YES	NULL		utf8mb3
field_revision_field_grievance_violation	9	field_grievance_violation_format	varchar	varchar(255)	YES	NULL	MUL	utf8mb3
field_revision_field_grievance_weight	1	entity_type	varchar	varchar(128)	NO	''	PRI	utf8mb3
field_revision_field_grievance_weight	2	bundle	varchar	varchar(128)	NO	''	MUL	utf8mb3
field_revision_field_grievance_weight	3	deleted	tinyint	tinyint(4)	NO	0	PRI	
field_revision_field_grievance_weight	4	entity_id	int	int(10) unsigned	NO	~NULL~	PRI	
field_revision_field_grievance_weight	5	revision_id	int	int(10) unsigned	NO	~NULL~	PRI	
field_revision_field_grievance_weight	6	language	varchar	varchar(32)	NO	''	PRI	utf8mb3
field_revision_field_grievance_weight	7	delta	int	int(10) unsigned	NO	~NULL~	PRI	
field_revision_field_grievance_weight	8	field_grievance_weight_value	int	int(11)	YES	NULL		
field_revision_field_grievance_work_status	1	entity_type	varchar	varchar(128)	NO	''	PRI	utf8mb3
field_revision_field_grievance_work_status	2	bundle	varchar	varchar(128)	NO	''	MUL	utf8mb3
field_revision_field_grievance_work_status	3	deleted	tinyint	tinyint(4)	NO	0	PRI	
field_revision_field_grievance_work_status	4	entity_id	int	int(10) unsigned	NO	~NULL~	PRI	
field_revision_field_grievance_work_status	5	revision_id	int	int(10) unsigned	NO	~NULL~	PRI	
field_revision_field_grievance_work_status	6	language	varchar	varchar(32)	NO	''	PRI	utf8mb3
field_revision_field_grievance_work_status	7	delta	int	int(10) unsigned	NO	~NULL~	PRI	
field_revision_field_grievance_work_status	8	field_grievance_work_status_tid	int	int(10) unsigned	YES	NULL	MUL	
field_revision_field_grievance_zip	1	entity_type	varchar	varchar(128)	NO	''	PRI	utf8mb3
field_revision_field_grievance_zip	2	bundle	varchar	varchar(128)	NO	''	MUL	utf8mb3
field_revision_field_grievance_zip	3	deleted	tinyint	tinyint(4)	NO	0	PRI	
field_revision_field_grievance_zip	4	entity_id	int	int(10) unsigned	NO	~NULL~	PRI	
field_revision_field_grievance_zip	5	revision_id	int	int(10) unsigned	NO	~NULL~	PRI	
field_revision_field_grievance_zip	6	language	varchar	varchar(32)	NO	''	PRI	utf8mb3
field_revision_field_grievance_zip	7	delta	int	int(10) unsigned	NO	~NULL~	PRI	
field_revision_field_grievance_zip	8	field_grievance_zip_value	varchar	varchar(255)	YES	NULL		utf8mb3
field_revision_field_grievance_zip	9	field_grievance_zip_format	varchar	varchar(255)	YES	NULL	MUL	utf8mb3
field_revision_field_grievanct_cont_clse_tags	1	entity_type	varchar	varchar(128)	NO	''	PRI	utf8mb3
field_revision_field_grievanct_cont_clse_tags	2	bundle	varchar	varchar(128)	NO	''	MUL	utf8mb3
field_revision_field_grievanct_cont_clse_tags	3	deleted	tinyint	tinyint(4)	NO	0	PRI	
field_revision_field_grievanct_cont_clse_tags	4	entity_id	int	int(10) unsigned	NO	~NULL~	PRI	
field_revision_field_grievanct_cont_clse_tags	5	revision_id	int	int(10) unsigned	NO	~NULL~	PRI	
field_revision_field_grievanct_cont_clse_tags	6	language	varchar	varchar(32)	NO	''	PRI	utf8mb3
field_revision_field_grievanct_cont_clse_tags	7	delta	int	int(10) unsigned	NO	~NULL~	PRI	
field_revision_field_grievanct_cont_clse_tags	8	field_grievanct_cont_clse_tags_tid	int	int(10) unsigned	YES	NULL	MUL	
field_revision_field_sirius_aat	1	entity_type	varchar	varchar(128)	NO	''	PRI	utf8mb3
field_revision_field_sirius_aat	2	bundle	varchar	varchar(128)	NO	''	MUL	utf8mb3
field_revision_field_sirius_aat	3	deleted	tinyint	tinyint(4)	NO	0	PRI	
field_revision_field_sirius_aat	4	entity_id	int	int(10) unsigned	NO	~NULL~	PRI	
field_revision_field_sirius_aat	5	revision_id	int	int(10) unsigned	NO	~NULL~	PRI	
field_revision_field_sirius_aat	6	language	varchar	varchar(32)	NO	''	PRI	utf8mb3
field_revision_field_sirius_aat	7	delta	int	int(10) unsigned	NO	~NULL~	PRI	
field_revision_field_sirius_aat	8	field_sirius_aat_value	varchar	varchar(255)	YES	NULL		utf8mb3
field_revision_field_sirius_aat	9	field_sirius_aat_format	varchar	varchar(255)	YES	NULL	MUL	utf8mb3
field_revision_field_sirius_aat_required	1	entity_type	varchar	varchar(128)	NO	''	PRI	utf8mb3
field_revision_field_sirius_aat_required	2	bundle	varchar	varchar(128)	NO	''	MUL	utf8mb3
field_revision_field_sirius_aat_required	3	deleted	tinyint	tinyint(4)	NO	0	PRI	
field_revision_field_sirius_aat_required	4	entity_id	int	int(10) unsigned	NO	~NULL~	PRI	
field_revision_field_sirius_aat_required	5	revision_id	int	int(10) unsigned	NO	~NULL~	PRI	
field_revision_field_sirius_aat_required	6	language	varchar	varchar(32)	NO	''	PRI	utf8mb3
field_revision_field_sirius_aat_required	7	delta	int	int(10) unsigned	NO	~NULL~	PRI	
field_revision_field_sirius_aat_required	8	field_sirius_aat_required_value	varchar	varchar(255)	YES	NULL	MUL	utf8mb3
field_revision_field_sirius_active	1	entity_type	varchar	varchar(128)	NO	''	PRI	utf8mb3
field_revision_field_sirius_active	2	bundle	varchar	varchar(128)	NO	''	MUL	utf8mb3
field_revision_field_sirius_active	3	deleted	tinyint	tinyint(4)	NO	0	PRI	
field_revision_field_sirius_active	4	entity_id	int	int(10) unsigned	NO	~NULL~	PRI	
field_revision_field_sirius_active	5	revision_id	int	int(10) unsigned	NO	~NULL~	PRI	
field_revision_field_sirius_active	6	language	varchar	varchar(32)	NO	''	PRI	utf8mb3
field_revision_field_sirius_active	7	delta	int	int(10) unsigned	NO	~NULL~	PRI	
field_revision_field_sirius_active	8	field_sirius_active_value	varchar	varchar(255)	YES	NULL	MUL	utf8mb3
field_revision_field_sirius_address	1	entity_type	varchar	varchar(128)	NO	''	PRI	utf8mb3
field_revision_field_sirius_address	2	bundle	varchar	varchar(128)	NO	''	MUL	utf8mb3
field_revision_field_sirius_address	3	deleted	tinyint	tinyint(4)	NO	0	PRI	
field_revision_field_sirius_address	4	entity_id	int	int(10) unsigned	NO	~NULL~	PRI	
field_revision_field_sirius_address	5	revision_id	int	int(10) unsigned	NO	~NULL~	PRI	
field_revision_field_sirius_address	6	language	varchar	varchar(32)	NO	''	PRI	utf8mb3
field_revision_field_sirius_address	7	delta	int	int(10) unsigned	NO	~NULL~	PRI	
field_revision_field_sirius_address	8	field_sirius_address_country	varchar	varchar(2)	YES	''		utf8mb3
field_revision_field_sirius_address	9	field_sirius_address_administrative_area	varchar	varchar(255)	YES	''		utf8mb3
field_revision_field_sirius_address	10	field_sirius_address_sub_administrative_area	varchar	varchar(255)	YES	''		utf8mb3
field_revision_field_sirius_address	11	field_sirius_address_locality	varchar	varchar(255)	YES	''		utf8mb3
field_revision_field_sirius_address	12	field_sirius_address_dependent_locality	varchar	varchar(255)	YES	''		utf8mb3
field_revision_field_sirius_address	13	field_sirius_address_postal_code	varchar	varchar(255)	YES	''		utf8mb3
field_revision_field_sirius_address	14	field_sirius_address_thoroughfare	varchar	varchar(255)	YES	''		utf8mb3
field_revision_field_sirius_address	15	field_sirius_address_premise	varchar	varchar(255)	YES	''		utf8mb3
field_revision_field_sirius_address	16	field_sirius_address_sub_premise	varchar	varchar(255)	YES	''		utf8mb3
field_revision_field_sirius_address	17	field_sirius_address_organisation_name	varchar	varchar(255)	YES	''		utf8mb3
field_revision_field_sirius_address	18	field_sirius_address_name_line	varchar	varchar(255)	YES	''		utf8mb3
field_revision_field_sirius_address	19	field_sirius_address_first_name	varchar	varchar(255)	YES	''		utf8mb3
field_revision_field_sirius_address	20	field_sirius_address_last_name	varchar	varchar(255)	YES	''		utf8mb3
field_revision_field_sirius_address	21	field_sirius_address_data	longtext	longtext	YES	NULL		utf8mb3
field_revision_field_sirius_address_accuracy	1	entity_type	varchar	varchar(128)	NO	''	PRI	utf8mb3
field_revision_field_sirius_address_accuracy	2	bundle	varchar	varchar(128)	NO	''	MUL	utf8mb3
field_revision_field_sirius_address_accuracy	3	deleted	tinyint	tinyint(4)	NO	0	PRI	
field_revision_field_sirius_address_accuracy	4	entity_id	int	int(10) unsigned	NO	~NULL~	PRI	
field_revision_field_sirius_address_accuracy	5	revision_id	int	int(10) unsigned	NO	~NULL~	PRI	
field_revision_field_sirius_address_accuracy	6	language	varchar	varchar(32)	NO	''	PRI	utf8mb3
field_revision_field_sirius_address_accuracy	7	delta	int	int(10) unsigned	NO	~NULL~	PRI	
field_revision_field_sirius_address_accuracy	8	field_sirius_address_accuracy_value	varchar	varchar(255)	YES	NULL		utf8mb3
field_revision_field_sirius_address_accuracy	9	field_sirius_address_accuracy_format	varchar	varchar(255)	YES	NULL	MUL	utf8mb3
field_revision_field_sirius_address_canon	1	entity_type	varchar	varchar(128)	NO	''	PRI	utf8mb3
field_revision_field_sirius_address_canon	2	bundle	varchar	varchar(128)	NO	''	MUL	utf8mb3
field_revision_field_sirius_address_canon	3	deleted	tinyint	tinyint(4)	NO	0	PRI	
field_revision_field_sirius_address_canon	4	entity_id	int	int(10) unsigned	NO	~NULL~	PRI	
field_revision_field_sirius_address_canon	5	revision_id	int	int(10) unsigned	NO	~NULL~	PRI	
field_revision_field_sirius_address_canon	6	language	varchar	varchar(32)	NO	''	PRI	utf8mb3
field_revision_field_sirius_address_canon	7	delta	int	int(10) unsigned	NO	~NULL~	PRI	
field_revision_field_sirius_address_canon	8	field_sirius_address_canon_value	varchar	varchar(255)	YES	NULL		utf8mb3
field_revision_field_sirius_address_canon	9	field_sirius_address_canon_format	varchar	varchar(255)	YES	NULL	MUL	utf8mb3
field_revision_field_sirius_address_county	1	entity_type	varchar	varchar(128)	NO	''	PRI	utf8mb3
field_revision_field_sirius_address_county	2	bundle	varchar	varchar(128)	NO	''	MUL	utf8mb3
field_revision_field_sirius_address_county	3	deleted	tinyint	tinyint(4)	NO	0	PRI	
field_revision_field_sirius_address_county	4	entity_id	int	int(10) unsigned	NO	~NULL~	PRI	
field_revision_field_sirius_address_county	5	revision_id	int	int(10) unsigned	NO	~NULL~	PRI	
field_revision_field_sirius_address_county	6	language	varchar	varchar(32)	NO	''	PRI	utf8mb3
field_revision_field_sirius_address_county	7	delta	int	int(10) unsigned	NO	~NULL~	PRI	
field_revision_field_sirius_address_county	8	field_sirius_address_county_value	varchar	varchar(255)	YES	NULL		utf8mb3
field_revision_field_sirius_address_county	9	field_sirius_address_county_format	varchar	varchar(255)	YES	NULL	MUL	utf8mb3
field_revision_field_sirius_address_geo	1	entity_type	varchar	varchar(128)	NO	''	PRI	utf8mb3
field_revision_field_sirius_address_geo	2	bundle	varchar	varchar(128)	NO	''	MUL	utf8mb3
field_revision_field_sirius_address_geo	3	deleted	tinyint	tinyint(4)	NO	0	PRI	
field_revision_field_sirius_address_geo	4	entity_id	int	int(10) unsigned	NO	~NULL~	PRI	
field_revision_field_sirius_address_geo	5	revision_id	int	int(10) unsigned	NO	~NULL~	PRI	
field_revision_field_sirius_address_geo	6	language	varchar	varchar(32)	NO	''	PRI	utf8mb3
field_revision_field_sirius_address_geo	7	delta	int	int(10) unsigned	NO	~NULL~	PRI	
field_revision_field_sirius_address_geo	8	field_sirius_address_geo_geom	longblob	longblob	YES	NULL		
field_revision_field_sirius_address_geo	9	field_sirius_address_geo_geo_type	varchar	varchar(64)	YES	''		utf8mb3
field_revision_field_sirius_address_geo	10	field_sirius_address_geo_lat	decimal	decimal(18,12)	YES	NULL	MUL	
field_revision_field_sirius_address_geo	11	field_sirius_address_geo_lon	decimal	decimal(18,12)	YES	NULL	MUL	
field_revision_field_sirius_address_geo	12	field_sirius_address_geo_left	decimal	decimal(18,12)	YES	NULL	MUL	
field_revision_field_sirius_address_geo	13	field_sirius_address_geo_top	decimal	decimal(18,12)	YES	NULL	MUL	
field_revision_field_sirius_address_geo	14	field_sirius_address_geo_right	decimal	decimal(18,12)	YES	NULL	MUL	
field_revision_field_sirius_address_geo	15	field_sirius_address_geo_bottom	decimal	decimal(18,12)	YES	NULL	MUL	
field_revision_field_sirius_address_geo	16	field_sirius_address_geo_geohash	varchar	varchar(16)	YES	NULL	MUL	utf8mb3
field_revision_field_sirius_address_notes	1	entity_type	varchar	varchar(128)	NO	''	PRI	utf8mb3
field_revision_field_sirius_address_notes	2	bundle	varchar	varchar(128)	NO	''	MUL	utf8mb3
field_revision_field_sirius_address_notes	3	deleted	tinyint	tinyint(4)	NO	0	PRI	
field_revision_field_sirius_address_notes	4	entity_id	int	int(10) unsigned	NO	~NULL~	PRI	
field_revision_field_sirius_address_notes	5	revision_id	int	int(10) unsigned	NO	~NULL~	PRI	
field_revision_field_sirius_address_notes	6	language	varchar	varchar(32)	NO	''	PRI	utf8mb3
field_revision_field_sirius_address_notes	7	delta	int	int(10) unsigned	NO	~NULL~	PRI	
field_revision_field_sirius_address_notes	8	field_sirius_address_notes_value	varchar	varchar(255)	YES	NULL		utf8mb3
field_revision_field_sirius_address_notes	9	field_sirius_address_notes_format	varchar	varchar(255)	YES	NULL	MUL	utf8mb3
field_revision_field_sirius_address_parking	1	entity_type	varchar	varchar(128)	NO	''	PRI	utf8mb3
field_revision_field_sirius_address_parking	2	bundle	varchar	varchar(128)	NO	''	MUL	utf8mb3
field_revision_field_sirius_address_parking	3	deleted	tinyint	tinyint(4)	NO	0	PRI	
field_revision_field_sirius_address_parking	4	entity_id	int	int(10) unsigned	NO	~NULL~	PRI	
field_revision_field_sirius_address_parking	5	revision_id	int	int(10) unsigned	NO	~NULL~	PRI	
field_revision_field_sirius_address_parking	6	language	varchar	varchar(32)	NO	''	PRI	utf8mb3
field_revision_field_sirius_address_parking	7	delta	int	int(10) unsigned	NO	~NULL~	PRI	
field_revision_field_sirius_address_parking	8	field_sirius_address_parking_value	longtext	longtext	YES	NULL		utf8mb3
field_revision_field_sirius_address_parking	9	field_sirius_address_parking_format	varchar	varchar(255)	YES	NULL	MUL	utf8mb3
field_revision_field_sirius_attachments	1	entity_type	varchar	varchar(128)	NO	''	PRI	utf8mb3
field_revision_field_sirius_attachments	2	bundle	varchar	varchar(128)	NO	''	MUL	utf8mb3
field_revision_field_sirius_attachments	3	deleted	tinyint	tinyint(4)	NO	0	PRI	
field_revision_field_sirius_attachments	4	entity_id	int	int(10) unsigned	NO	~NULL~	PRI	
field_revision_field_sirius_attachments	5	revision_id	int	int(10) unsigned	NO	~NULL~	PRI	
field_revision_field_sirius_attachments	6	language	varchar	varchar(32)	NO	''	PRI	utf8mb3
field_revision_field_sirius_attachments	7	delta	int	int(10) unsigned	NO	~NULL~	PRI	
field_revision_field_sirius_attachments	8	field_sirius_attachments_fid	int	int(10) unsigned	YES	NULL	MUL	
field_revision_field_sirius_attachments	9	field_sirius_attachments_display	tinyint	tinyint(3) unsigned	NO	1		
field_revision_field_sirius_attachments	10	field_sirius_attachments_description	text	text	YES	NULL		utf8mb3
field_revision_field_sirius_audio	1	entity_type	varchar	varchar(128)	NO	''	PRI	utf8mb3
field_revision_field_sirius_audio	2	bundle	varchar	varchar(128)	NO	''	MUL	utf8mb3
field_revision_field_sirius_audio	3	deleted	tinyint	tinyint(4)	NO	0	PRI	
field_revision_field_sirius_audio	4	entity_id	int	int(10) unsigned	NO	~NULL~	PRI	
field_revision_field_sirius_audio	5	revision_id	int	int(10) unsigned	NO	~NULL~	PRI	
field_revision_field_sirius_audio	6	language	varchar	varchar(32)	NO	''	PRI	utf8mb3
field_revision_field_sirius_audio	7	delta	int	int(10) unsigned	NO	~NULL~	PRI	
field_revision_field_sirius_audio	8	field_sirius_audio_fid	int	int(10) unsigned	YES	NULL	MUL	
field_revision_field_sirius_audio	9	field_sirius_audio_display	tinyint	tinyint(3) unsigned	NO	1		
field_revision_field_sirius_audio	10	field_sirius_audio_description	text	text	YES	NULL		utf8mb3
field_revision_field_sirius_audio_public	1	entity_type	varchar	varchar(128)	NO	''	PRI	utf8mb3
field_revision_field_sirius_audio_public	2	bundle	varchar	varchar(128)	NO	''	MUL	utf8mb3
field_revision_field_sirius_audio_public	3	deleted	tinyint	tinyint(4)	NO	0	PRI	
field_revision_field_sirius_audio_public	4	entity_id	int	int(10) unsigned	NO	~NULL~	PRI	
field_revision_field_sirius_audio_public	5	revision_id	int	int(10) unsigned	NO	~NULL~	PRI	
field_revision_field_sirius_audio_public	6	language	varchar	varchar(32)	NO	''	PRI	utf8mb3
field_revision_field_sirius_audio_public	7	delta	int	int(10) unsigned	NO	~NULL~	PRI	
field_revision_field_sirius_audio_public	8	field_sirius_audio_public_fid	int	int(10) unsigned	YES	NULL	MUL	
field_revision_field_sirius_audio_public	9	field_sirius_audio_public_display	tinyint	tinyint(3) unsigned	NO	1		
field_revision_field_sirius_audio_public	10	field_sirius_audio_public_description	text	text	YES	NULL		utf8mb3
field_revision_field_sirius_badge	1	entity_type	varchar	varchar(128)	NO	''	PRI	utf8mb3
field_revision_field_sirius_badge	2	bundle	varchar	varchar(128)	NO	''	MUL	utf8mb3
field_revision_field_sirius_badge	3	deleted	tinyint	tinyint(4)	NO	0	PRI	
field_revision_field_sirius_badge	4	entity_id	int	int(10) unsigned	NO	~NULL~	PRI	
field_revision_field_sirius_badge	5	revision_id	int	int(10) unsigned	NO	~NULL~	PRI	
field_revision_field_sirius_badge	6	language	varchar	varchar(32)	NO	''	PRI	utf8mb3
field_revision_field_sirius_badge	7	delta	int	int(10) unsigned	NO	~NULL~	PRI	
field_revision_field_sirius_badge	8	field_sirius_badge_value	varchar	varchar(255)	YES	NULL	MUL	utf8mb3
field_revision_field_sirius_batch_max	1	entity_type	varchar	varchar(128)	NO	''	PRI	utf8mb3
field_revision_field_sirius_batch_max	2	bundle	varchar	varchar(128)	NO	''	MUL	utf8mb3
field_revision_field_sirius_batch_max	3	deleted	tinyint	tinyint(4)	NO	0	PRI	
field_revision_field_sirius_batch_max	4	entity_id	int	int(10) unsigned	NO	~NULL~	PRI	
field_revision_field_sirius_batch_max	5	revision_id	int	int(10) unsigned	NO	~NULL~	PRI	
field_revision_field_sirius_batch_max	6	language	varchar	varchar(32)	NO	''	PRI	utf8mb3
field_revision_field_sirius_batch_max	7	delta	int	int(10) unsigned	NO	~NULL~	PRI	
field_revision_field_sirius_batch_max	8	field_sirius_batch_max_value	int	int(11)	YES	NULL		
field_revision_field_sirius_batch_min	1	entity_type	varchar	varchar(128)	NO	''	PRI	utf8mb3
field_revision_field_sirius_batch_min	2	bundle	varchar	varchar(128)	NO	''	MUL	utf8mb3
field_revision_field_sirius_batch_min	3	deleted	tinyint	tinyint(4)	NO	0	PRI	
field_revision_field_sirius_batch_min	4	entity_id	int	int(10) unsigned	NO	~NULL~	PRI	
field_revision_field_sirius_batch_min	5	revision_id	int	int(10) unsigned	NO	~NULL~	PRI	
field_revision_field_sirius_batch_min	6	language	varchar	varchar(32)	NO	''	PRI	utf8mb3
field_revision_field_sirius_batch_min	7	delta	int	int(10) unsigned	NO	~NULL~	PRI	
field_revision_field_sirius_batch_min	8	field_sirius_batch_min_value	int	int(11)	YES	NULL		
field_revision_field_sirius_batch_ratio	1	entity_type	varchar	varchar(128)	NO	''	PRI	utf8mb3
field_revision_field_sirius_batch_ratio	2	bundle	varchar	varchar(128)	NO	''	MUL	utf8mb3
field_revision_field_sirius_batch_ratio	3	deleted	tinyint	tinyint(4)	NO	0	PRI	
field_revision_field_sirius_batch_ratio	4	entity_id	int	int(10) unsigned	NO	~NULL~	PRI	
field_revision_field_sirius_batch_ratio	5	revision_id	int	int(10) unsigned	NO	~NULL~	PRI	
field_revision_field_sirius_batch_ratio	6	language	varchar	varchar(32)	NO	''	PRI	utf8mb3
field_revision_field_sirius_batch_ratio	7	delta	int	int(10) unsigned	NO	~NULL~	PRI	
field_revision_field_sirius_batch_ratio	8	field_sirius_batch_ratio_value	decimal	decimal(10,2)	YES	NULL		
field_revision_field_sirius_boolean	1	entity_type	varchar	varchar(128)	NO	''	PRI	utf8mb3
field_revision_field_sirius_boolean	2	bundle	varchar	varchar(128)	NO	''	MUL	utf8mb3
field_revision_field_sirius_boolean	3	deleted	tinyint	tinyint(4)	NO	0	PRI	
field_revision_field_sirius_boolean	4	entity_id	int	int(10) unsigned	NO	~NULL~	PRI	
field_revision_field_sirius_boolean	5	revision_id	int	int(10) unsigned	NO	~NULL~	PRI	
field_revision_field_sirius_boolean	6	language	varchar	varchar(32)	NO	''	PRI	utf8mb3
field_revision_field_sirius_boolean	7	delta	int	int(10) unsigned	NO	~NULL~	PRI	
field_revision_field_sirius_boolean	8	field_sirius_boolean_value	varchar	varchar(255)	YES	NULL	MUL	utf8mb3
field_revision_field_sirius_bu	1	entity_type	varchar	varchar(128)	NO	''	PRI	utf8mb3
field_revision_field_sirius_bu	2	bundle	varchar	varchar(128)	NO	''	MUL	utf8mb3
field_revision_field_sirius_bu	3	deleted	tinyint	tinyint(4)	NO	0	PRI	
field_revision_field_sirius_bu	4	entity_id	int	int(10) unsigned	NO	~NULL~	PRI	
field_revision_field_sirius_bu	5	revision_id	int	int(10) unsigned	NO	~NULL~	PRI	
field_revision_field_sirius_bu	6	language	varchar	varchar(32)	NO	''	PRI	utf8mb3
field_revision_field_sirius_bu	7	delta	int	int(10) unsigned	NO	~NULL~	PRI	
field_revision_field_sirius_bu	8	field_sirius_bu_target_id	int	int(10) unsigned	NO	~NULL~	MUL	
field_revision_field_sirius_bulk_medium	1	entity_type	varchar	varchar(128)	NO	''	PRI	utf8mb3
field_revision_field_sirius_bulk_medium	2	bundle	varchar	varchar(128)	NO	''	MUL	utf8mb3
field_revision_field_sirius_bulk_medium	3	deleted	tinyint	tinyint(4)	NO	0	PRI	
field_revision_field_sirius_bulk_medium	4	entity_id	int	int(10) unsigned	NO	~NULL~	PRI	
field_revision_field_sirius_bulk_medium	5	revision_id	int	int(10) unsigned	NO	~NULL~	PRI	
field_revision_field_sirius_bulk_medium	6	language	varchar	varchar(32)	NO	''	PRI	utf8mb3
field_revision_field_sirius_bulk_medium	7	delta	int	int(10) unsigned	NO	~NULL~	PRI	
field_revision_field_sirius_bulk_medium	8	field_sirius_bulk_medium_value	varchar	varchar(255)	YES	NULL	MUL	utf8mb3
field_revision_field_sirius_bulk_status	1	entity_type	varchar	varchar(128)	NO	''	PRI	utf8mb3
field_revision_field_sirius_bulk_status	2	bundle	varchar	varchar(128)	NO	''	MUL	utf8mb3
field_revision_field_sirius_bulk_status	3	deleted	tinyint	tinyint(4)	NO	0	PRI	
field_revision_field_sirius_bulk_status	4	entity_id	int	int(10) unsigned	NO	~NULL~	PRI	
field_revision_field_sirius_bulk_status	5	revision_id	int	int(10) unsigned	NO	~NULL~	PRI	
field_revision_field_sirius_bulk_status	6	language	varchar	varchar(32)	NO	''	PRI	utf8mb3
field_revision_field_sirius_bulk_status	7	delta	int	int(10) unsigned	NO	~NULL~	PRI	
field_revision_field_sirius_bulk_status	8	field_sirius_bulk_status_value	varchar	varchar(255)	YES	NULL	MUL	utf8mb3
field_revision_field_sirius_callerids	1	entity_type	varchar	varchar(128)	NO	''	PRI	utf8mb3
field_revision_field_sirius_callerids	2	bundle	varchar	varchar(128)	NO	''	MUL	utf8mb3
field_revision_field_sirius_callerids	3	deleted	tinyint	tinyint(4)	NO	0	PRI	
field_revision_field_sirius_callerids	4	entity_id	int	int(10) unsigned	NO	~NULL~	PRI	
field_revision_field_sirius_callerids	5	revision_id	int	int(10) unsigned	NO	~NULL~	PRI	
field_revision_field_sirius_callerids	6	language	varchar	varchar(32)	NO	''	PRI	utf8mb3
field_revision_field_sirius_callerids	7	delta	int	int(10) unsigned	NO	~NULL~	PRI	
field_revision_field_sirius_callerids	8	field_sirius_callerids_target_id	int	int(10) unsigned	NO	~NULL~	MUL	
field_revision_field_sirius_category	1	entity_type	varchar	varchar(128)	NO	''	PRI	utf8mb3
field_revision_field_sirius_category	2	bundle	varchar	varchar(128)	NO	''	MUL	utf8mb3
field_revision_field_sirius_category	3	deleted	tinyint	tinyint(4)	NO	0	PRI	
field_revision_field_sirius_category	4	entity_id	int	int(10) unsigned	NO	~NULL~	PRI	
field_revision_field_sirius_category	5	revision_id	int	int(10) unsigned	NO	~NULL~	PRI	
field_revision_field_sirius_category	6	language	varchar	varchar(32)	NO	''	PRI	utf8mb3
field_revision_field_sirius_category	7	delta	int	int(10) unsigned	NO	~NULL~	PRI	
field_revision_field_sirius_category	8	field_sirius_category_value	varchar	varchar(255)	YES	NULL		utf8mb3
field_revision_field_sirius_category	9	field_sirius_category_format	varchar	varchar(255)	YES	NULL	MUL	utf8mb3
field_revision_field_sirius_check_number	1	entity_type	varchar	varchar(128)	NO	''	PRI	utf8mb3
field_revision_field_sirius_check_number	2	bundle	varchar	varchar(128)	NO	''	MUL	utf8mb3
field_revision_field_sirius_check_number	3	deleted	tinyint	tinyint(4)	NO	0	PRI	
field_revision_field_sirius_check_number	4	entity_id	int	int(10) unsigned	NO	~NULL~	PRI	
field_revision_field_sirius_check_number	5	revision_id	int	int(10) unsigned	NO	~NULL~	PRI	
field_revision_field_sirius_check_number	6	language	varchar	varchar(32)	NO	''	PRI	utf8mb3
field_revision_field_sirius_check_number	7	delta	int	int(10) unsigned	NO	~NULL~	PRI	
field_revision_field_sirius_check_number	8	field_sirius_check_number_value	varchar	varchar(255)	YES	NULL		utf8mb3
field_revision_field_sirius_check_number	9	field_sirius_check_number_format	varchar	varchar(255)	YES	NULL	MUL	utf8mb3
field_revision_field_sirius_contact	1	entity_type	varchar	varchar(128)	NO	''	PRI	utf8mb3
field_revision_field_sirius_contact	2	bundle	varchar	varchar(128)	NO	''	MUL	utf8mb3
field_revision_field_sirius_contact	3	deleted	tinyint	tinyint(4)	NO	0	PRI	
field_revision_field_sirius_contact	4	entity_id	int	int(10) unsigned	NO	~NULL~	PRI	
field_revision_field_sirius_contact	5	revision_id	int	int(10) unsigned	NO	~NULL~	PRI	
field_revision_field_sirius_contact	6	language	varchar	varchar(32)	NO	''	PRI	utf8mb3
field_revision_field_sirius_contact	7	delta	int	int(10) unsigned	NO	~NULL~	PRI	
field_revision_field_sirius_contact	8	field_sirius_contact_target_id	int	int(10) unsigned	NO	~NULL~	MUL	
field_revision_field_sirius_contact_alt	1	entity_type	varchar	varchar(128)	NO	''	PRI	utf8mb3
field_revision_field_sirius_contact_alt	2	bundle	varchar	varchar(128)	NO	''	MUL	utf8mb3
field_revision_field_sirius_contact_alt	3	deleted	tinyint	tinyint(4)	NO	0	PRI	
field_revision_field_sirius_contact_alt	4	entity_id	int	int(10) unsigned	NO	~NULL~	PRI	
field_revision_field_sirius_contact_alt	5	revision_id	int	int(10) unsigned	NO	~NULL~	PRI	
field_revision_field_sirius_contact_alt	6	language	varchar	varchar(32)	NO	''	PRI	utf8mb3
field_revision_field_sirius_contact_alt	7	delta	int	int(10) unsigned	NO	~NULL~	PRI	
field_revision_field_sirius_contact_alt	8	field_sirius_contact_alt_target_id	int	int(10) unsigned	NO	~NULL~	MUL	
field_revision_field_sirius_contact_relation	1	entity_type	varchar	varchar(128)	NO	''	PRI	utf8mb3
field_revision_field_sirius_contact_relation	2	bundle	varchar	varchar(128)	NO	''	MUL	utf8mb3
field_revision_field_sirius_contact_relation	3	deleted	tinyint	tinyint(4)	NO	0	PRI	
field_revision_field_sirius_contact_relation	4	entity_id	int	int(10) unsigned	NO	~NULL~	PRI	
field_revision_field_sirius_contact_relation	5	revision_id	int	int(10) unsigned	NO	~NULL~	PRI	
field_revision_field_sirius_contact_relation	6	language	varchar	varchar(32)	NO	''	PRI	utf8mb3
field_revision_field_sirius_contact_relation	7	delta	int	int(10) unsigned	NO	~NULL~	PRI	
field_revision_field_sirius_contact_relation	8	field_sirius_contact_relation_target_id	int	int(10) unsigned	NO	~NULL~	MUL	
field_revision_field_sirius_contact_relations	1	entity_type	varchar	varchar(128)	NO	''	PRI	utf8mb3
field_revision_field_sirius_contact_relations	2	bundle	varchar	varchar(128)	NO	''	MUL	utf8mb3
field_revision_field_sirius_contact_relations	3	deleted	tinyint	tinyint(4)	NO	0	PRI	
field_revision_field_sirius_contact_relations	4	entity_id	int	int(10) unsigned	NO	~NULL~	PRI	
field_revision_field_sirius_contact_relations	5	revision_id	int	int(10) unsigned	NO	~NULL~	PRI	
field_revision_field_sirius_contact_relations	6	language	varchar	varchar(32)	NO	''	PRI	utf8mb3
field_revision_field_sirius_contact_relations	7	delta	int	int(10) unsigned	NO	~NULL~	PRI	
field_revision_field_sirius_contact_relations	8	field_sirius_contact_relations_target_id	int	int(10) unsigned	NO	~NULL~	MUL	
field_revision_field_sirius_contact_reltype	1	entity_type	varchar	varchar(128)	NO	''	PRI	utf8mb3
field_revision_field_sirius_contact_reltype	2	bundle	varchar	varchar(128)	NO	''	MUL	utf8mb3
field_revision_field_sirius_contact_reltype	3	deleted	tinyint	tinyint(4)	NO	0	PRI	
field_revision_field_sirius_contact_reltype	4	entity_id	int	int(10) unsigned	NO	~NULL~	PRI	
field_revision_field_sirius_contact_reltype	5	revision_id	int	int(10) unsigned	NO	~NULL~	PRI	
field_revision_field_sirius_contact_reltype	6	language	varchar	varchar(32)	NO	''	PRI	utf8mb3
field_revision_field_sirius_contact_reltype	7	delta	int	int(10) unsigned	NO	~NULL~	PRI	
field_revision_field_sirius_contact_reltype	8	field_sirius_contact_reltype_tid	int	int(10) unsigned	YES	NULL	MUL	
field_revision_field_sirius_contact_tags	1	entity_type	varchar	varchar(128)	NO	''	PRI	utf8mb3
field_revision_field_sirius_contact_tags	2	bundle	varchar	varchar(128)	NO	''	MUL	utf8mb3
field_revision_field_sirius_contact_tags	3	deleted	tinyint	tinyint(4)	NO	0	PRI	
field_revision_field_sirius_contact_tags	4	entity_id	int	int(10) unsigned	NO	~NULL~	PRI	
field_revision_field_sirius_contact_tags	5	revision_id	int	int(10) unsigned	NO	~NULL~	PRI	
field_revision_field_sirius_contact_tags	6	language	varchar	varchar(32)	NO	''	PRI	utf8mb3
field_revision_field_sirius_contact_tags	7	delta	int	int(10) unsigned	NO	~NULL~	PRI	
field_revision_field_sirius_contact_tags	8	field_sirius_contact_tags_tid	int	int(10) unsigned	YES	NULL	MUL	
field_revision_field_sirius_content_types	1	entity_type	varchar	varchar(128)	NO	''	PRI	utf8mb3
field_revision_field_sirius_content_types	2	bundle	varchar	varchar(128)	NO	''	MUL	utf8mb3
field_revision_field_sirius_content_types	3	deleted	tinyint	tinyint(4)	NO	0	PRI	
field_revision_field_sirius_content_types	4	entity_id	int	int(10) unsigned	NO	~NULL~	PRI	
field_revision_field_sirius_content_types	5	revision_id	int	int(10) unsigned	NO	~NULL~	PRI	
field_revision_field_sirius_content_types	6	language	varchar	varchar(32)	NO	''	PRI	utf8mb3
field_revision_field_sirius_content_types	7	delta	int	int(10) unsigned	NO	~NULL~	PRI	
field_revision_field_sirius_content_types	8	field_sirius_content_types_value	varchar	varchar(255)	YES	NULL	MUL	utf8mb3
field_revision_field_sirius_count	1	entity_type	varchar	varchar(128)	NO	''	PRI	utf8mb3
field_revision_field_sirius_count	2	bundle	varchar	varchar(128)	NO	''	MUL	utf8mb3
field_revision_field_sirius_count	3	deleted	tinyint	tinyint(4)	NO	0	PRI	
field_revision_field_sirius_count	4	entity_id	int	int(10) unsigned	NO	~NULL~	PRI	
field_revision_field_sirius_count	5	revision_id	int	int(10) unsigned	NO	~NULL~	PRI	
field_revision_field_sirius_count	6	language	varchar	varchar(32)	NO	''	PRI	utf8mb3
field_revision_field_sirius_count	7	delta	int	int(10) unsigned	NO	~NULL~	PRI	
field_revision_field_sirius_count	8	field_sirius_count_value	int	int(11)	YES	NULL		
field_revision_field_sirius_count_no	1	entity_type	varchar	varchar(128)	NO	''	PRI	utf8mb3
field_revision_field_sirius_count_no	2	bundle	varchar	varchar(128)	NO	''	MUL	utf8mb3
field_revision_field_sirius_count_no	3	deleted	tinyint	tinyint(4)	NO	0	PRI	
field_revision_field_sirius_count_no	4	entity_id	int	int(10) unsigned	NO	~NULL~	PRI	
field_revision_field_sirius_count_no	5	revision_id	int	int(10) unsigned	NO	~NULL~	PRI	
field_revision_field_sirius_count_no	6	language	varchar	varchar(32)	NO	''	PRI	utf8mb3
field_revision_field_sirius_count_no	7	delta	int	int(10) unsigned	NO	~NULL~	PRI	
field_revision_field_sirius_count_no	8	field_sirius_count_no_value	int	int(11)	YES	NULL		
field_revision_field_sirius_count_notified	1	entity_type	varchar	varchar(128)	NO	''	PRI	utf8mb3
field_revision_field_sirius_count_notified	2	bundle	varchar	varchar(128)	NO	''	MUL	utf8mb3
field_revision_field_sirius_count_notified	3	deleted	tinyint	tinyint(4)	NO	0	PRI	
field_revision_field_sirius_count_notified	4	entity_id	int	int(10) unsigned	NO	~NULL~	PRI	
field_revision_field_sirius_count_notified	5	revision_id	int	int(10) unsigned	NO	~NULL~	PRI	
field_revision_field_sirius_count_notified	6	language	varchar	varchar(32)	NO	''	PRI	utf8mb3
field_revision_field_sirius_count_notified	7	delta	int	int(10) unsigned	NO	~NULL~	PRI	
field_revision_field_sirius_count_notified	8	field_sirius_count_notified_value	int	int(11)	YES	NULL		
field_revision_field_sirius_count_yes	1	entity_type	varchar	varchar(128)	NO	''	PRI	utf8mb3
field_revision_field_sirius_count_yes	2	bundle	varchar	varchar(128)	NO	''	MUL	utf8mb3
field_revision_field_sirius_count_yes	3	deleted	tinyint	tinyint(4)	NO	0	PRI	
field_revision_field_sirius_count_yes	4	entity_id	int	int(10) unsigned	NO	~NULL~	PRI	
field_revision_field_sirius_count_yes	5	revision_id	int	int(10) unsigned	NO	~NULL~	PRI	
field_revision_field_sirius_count_yes	6	language	varchar	varchar(32)	NO	''	PRI	utf8mb3
field_revision_field_sirius_count_yes	7	delta	int	int(10) unsigned	NO	~NULL~	PRI	
field_revision_field_sirius_count_yes	8	field_sirius_count_yes_value	int	int(11)	YES	NULL		
field_revision_field_sirius_css_class	1	entity_type	varchar	varchar(128)	NO	''	PRI	utf8mb3
field_revision_field_sirius_css_class	2	bundle	varchar	varchar(128)	NO	''	MUL	utf8mb3
field_revision_field_sirius_css_class	3	deleted	tinyint	tinyint(4)	NO	0	PRI	
field_revision_field_sirius_css_class	4	entity_id	int	int(10) unsigned	NO	~NULL~	PRI	
field_revision_field_sirius_css_class	5	revision_id	int	int(10) unsigned	NO	~NULL~	PRI	
field_revision_field_sirius_css_class	6	language	varchar	varchar(32)	NO	''	PRI	utf8mb3
field_revision_field_sirius_css_class	7	delta	int	int(10) unsigned	NO	~NULL~	PRI	
field_revision_field_sirius_css_class	8	field_sirius_css_class_value	varchar	varchar(255)	YES	NULL		utf8mb3
field_revision_field_sirius_css_class	9	field_sirius_css_class_format	varchar	varchar(255)	YES	NULL	MUL	utf8mb3
field_revision_field_sirius_currency	1	entity_type	varchar	varchar(128)	NO	''	PRI	utf8mb3
field_revision_field_sirius_currency	2	bundle	varchar	varchar(128)	NO	''	MUL	utf8mb3
field_revision_field_sirius_currency	3	deleted	tinyint	tinyint(4)	NO	0	PRI	
field_revision_field_sirius_currency	4	entity_id	int	int(10) unsigned	NO	~NULL~	PRI	
field_revision_field_sirius_currency	5	revision_id	int	int(10) unsigned	NO	~NULL~	PRI	
field_revision_field_sirius_currency	6	language	varchar	varchar(32)	NO	''	PRI	utf8mb3
field_revision_field_sirius_currency	7	delta	int	int(10) unsigned	NO	~NULL~	PRI	
field_revision_field_sirius_currency	8	field_sirius_currency_value	varchar	varchar(255)	YES	NULL	MUL	utf8mb3
field_revision_field_sirius_daterepeat	1	entity_type	varchar	varchar(128)	NO	''	PRI	utf8mb3
field_revision_field_sirius_daterepeat	2	bundle	varchar	varchar(128)	NO	''	MUL	utf8mb3
field_revision_field_sirius_daterepeat	3	deleted	tinyint	tinyint(4)	NO	0	PRI	
field_revision_field_sirius_daterepeat	4	entity_id	int	int(10) unsigned	NO	~NULL~	PRI	
field_revision_field_sirius_daterepeat	5	revision_id	int	int(10) unsigned	NO	~NULL~	PRI	
field_revision_field_sirius_daterepeat	6	language	varchar	varchar(32)	NO	''	PRI	utf8mb3
field_revision_field_sirius_daterepeat	7	delta	int	int(10) unsigned	NO	~NULL~	PRI	
field_revision_field_sirius_daterepeat	8	field_sirius_daterepeat_value	datetime	datetime	YES	NULL	MUL	
field_revision_field_sirius_daterepeat	9	field_sirius_daterepeat_value2	datetime	datetime	YES	NULL	MUL	
field_revision_field_sirius_daterepeat	10	field_sirius_daterepeat_rrule	text	text	YES	NULL		utf8mb3
field_revision_field_sirius_datetime	1	entity_type	varchar	varchar(128)	NO	''	PRI	utf8mb3
field_revision_field_sirius_datetime	2	bundle	varchar	varchar(128)	NO	''	MUL	utf8mb3
field_revision_field_sirius_datetime	3	deleted	tinyint	tinyint(4)	NO	0	PRI	
field_revision_field_sirius_datetime	4	entity_id	int	int(10) unsigned	NO	~NULL~	PRI	
field_revision_field_sirius_datetime	5	revision_id	int	int(10) unsigned	NO	~NULL~	PRI	
field_revision_field_sirius_datetime	6	language	varchar	varchar(32)	NO	''	PRI	utf8mb3
field_revision_field_sirius_datetime	7	delta	int	int(10) unsigned	NO	~NULL~	PRI	
field_revision_field_sirius_datetime	8	field_sirius_datetime_value	datetime	datetime	YES	NULL	MUL	
field_revision_field_sirius_datetime_completed	1	entity_type	varchar	varchar(128)	NO	''	PRI	utf8mb3
field_revision_field_sirius_datetime_completed	2	bundle	varchar	varchar(128)	NO	''	MUL	utf8mb3
field_revision_field_sirius_datetime_completed	3	deleted	tinyint	tinyint(4)	NO	0	PRI	
field_revision_field_sirius_datetime_completed	4	entity_id	int	int(10) unsigned	NO	~NULL~	PRI	
field_revision_field_sirius_datetime_completed	5	revision_id	int	int(10) unsigned	NO	~NULL~	PRI	
field_revision_field_sirius_datetime_completed	6	language	varchar	varchar(32)	NO	''	PRI	utf8mb3
field_revision_field_sirius_datetime_completed	7	delta	int	int(10) unsigned	NO	~NULL~	PRI	
field_revision_field_sirius_datetime_completed	8	field_sirius_datetime_completed_value	datetime	datetime	YES	NULL	MUL	
field_revision_field_sirius_datetime_created	1	entity_type	varchar	varchar(128)	NO	''	PRI	utf8mb3
field_revision_field_sirius_datetime_created	2	bundle	varchar	varchar(128)	NO	''	MUL	utf8mb3
field_revision_field_sirius_datetime_created	3	deleted	tinyint	tinyint(4)	NO	0	PRI	
field_revision_field_sirius_datetime_created	4	entity_id	int	int(10) unsigned	NO	~NULL~	PRI	
field_revision_field_sirius_datetime_created	5	revision_id	int	int(10) unsigned	NO	~NULL~	PRI	
field_revision_field_sirius_datetime_created	6	language	varchar	varchar(32)	NO	''	PRI	utf8mb3
field_revision_field_sirius_datetime_created	7	delta	int	int(10) unsigned	NO	~NULL~	PRI	
field_revision_field_sirius_datetime_created	8	field_sirius_datetime_created_value	datetime	datetime	YES	NULL	MUL	
field_revision_field_sirius_date_end	1	entity_type	varchar	varchar(128)	NO	''	PRI	utf8mb3
field_revision_field_sirius_date_end	2	bundle	varchar	varchar(128)	NO	''	MUL	utf8mb3
field_revision_field_sirius_date_end	3	deleted	tinyint	tinyint(4)	NO	0	PRI	
field_revision_field_sirius_date_end	4	entity_id	int	int(10) unsigned	NO	~NULL~	PRI	
field_revision_field_sirius_date_end	5	revision_id	int	int(10) unsigned	NO	~NULL~	PRI	
field_revision_field_sirius_date_end	6	language	varchar	varchar(32)	NO	''	PRI	utf8mb3
field_revision_field_sirius_date_end	7	delta	int	int(10) unsigned	NO	~NULL~	PRI	
field_revision_field_sirius_date_end	8	field_sirius_date_end_value	datetime	datetime	YES	NULL	MUL	
field_revision_field_sirius_date_start	1	entity_type	varchar	varchar(128)	NO	''	PRI	utf8mb3
field_revision_field_sirius_date_start	2	bundle	varchar	varchar(128)	NO	''	MUL	utf8mb3
field_revision_field_sirius_date_start	3	deleted	tinyint	tinyint(4)	NO	0	PRI	
field_revision_field_sirius_date_start	4	entity_id	int	int(10) unsigned	NO	~NULL~	PRI	
field_revision_field_sirius_date_start	5	revision_id	int	int(10) unsigned	NO	~NULL~	PRI	
field_revision_field_sirius_date_start	6	language	varchar	varchar(32)	NO	''	PRI	utf8mb3
field_revision_field_sirius_date_start	7	delta	int	int(10) unsigned	NO	~NULL~	PRI	
field_revision_field_sirius_date_start	8	field_sirius_date_start_value	datetime	datetime	YES	NULL	MUL	
field_revision_field_sirius_denorm_benefits	1	entity_type	varchar	varchar(128)	NO	''	PRI	utf8mb3
field_revision_field_sirius_denorm_benefits	2	bundle	varchar	varchar(128)	NO	''	MUL	utf8mb3
field_revision_field_sirius_denorm_benefits	3	deleted	tinyint	tinyint(4)	NO	0	PRI	
field_revision_field_sirius_denorm_benefits	4	entity_id	int	int(10) unsigned	NO	~NULL~	PRI	
field_revision_field_sirius_denorm_benefits	5	revision_id	int	int(10) unsigned	NO	~NULL~	PRI	
field_revision_field_sirius_denorm_benefits	6	language	varchar	varchar(32)	NO	''	PRI	utf8mb3
field_revision_field_sirius_denorm_benefits	7	delta	int	int(10) unsigned	NO	~NULL~	PRI	
field_revision_field_sirius_denorm_benefits	8	field_sirius_denorm_benefits_target_id	int	int(10) unsigned	NO	~NULL~	MUL	
field_revision_field_sirius_denorm_level	1	entity_type	varchar	varchar(128)	NO	''	PRI	utf8mb3
field_revision_field_sirius_denorm_level	2	bundle	varchar	varchar(128)	NO	''	MUL	utf8mb3
field_revision_field_sirius_denorm_level	3	deleted	tinyint	tinyint(4)	NO	0	PRI	
field_revision_field_sirius_denorm_level	4	entity_id	int	int(10) unsigned	NO	~NULL~	PRI	
field_revision_field_sirius_denorm_level	5	revision_id	int	int(10) unsigned	NO	~NULL~	PRI	
field_revision_field_sirius_denorm_level	6	language	varchar	varchar(32)	NO	''	PRI	utf8mb3
field_revision_field_sirius_denorm_level	7	delta	int	int(10) unsigned	NO	~NULL~	PRI	
field_revision_field_sirius_denorm_level	8	field_sirius_denorm_level_value	varchar	varchar(255)	YES	NULL		utf8mb3
field_revision_field_sirius_denorm_level	9	field_sirius_denorm_level_format	varchar	varchar(255)	YES	NULL	MUL	utf8mb3
field_revision_field_sirius_dispatch_3sen	1	entity_type	varchar	varchar(128)	NO	''	PRI	utf8mb3
field_revision_field_sirius_dispatch_3sen	2	bundle	varchar	varchar(128)	NO	''	MUL	utf8mb3
field_revision_field_sirius_dispatch_3sen	3	deleted	tinyint	tinyint(4)	NO	0	PRI	
field_revision_field_sirius_dispatch_3sen	4	entity_id	int	int(10) unsigned	NO	~NULL~	PRI	
field_revision_field_sirius_dispatch_3sen	5	revision_id	int	int(10) unsigned	NO	~NULL~	PRI	
field_revision_field_sirius_dispatch_3sen	6	language	varchar	varchar(32)	NO	''	PRI	utf8mb3
field_revision_field_sirius_dispatch_3sen	7	delta	int	int(10) unsigned	NO	~NULL~	PRI	
field_revision_field_sirius_dispatch_3sen	8	field_sirius_dispatch_3sen_value	varchar	varchar(255)	YES	NULL	MUL	utf8mb3
field_revision_field_sirius_dispatch_asi	1	entity_type	varchar	varchar(128)	NO	''	PRI	utf8mb3
field_revision_field_sirius_dispatch_asi	2	bundle	varchar	varchar(128)	NO	''	MUL	utf8mb3
field_revision_field_sirius_dispatch_asi	3	deleted	tinyint	tinyint(4)	NO	0	PRI	
field_revision_field_sirius_dispatch_asi	4	entity_id	int	int(10) unsigned	NO	~NULL~	PRI	
field_revision_field_sirius_dispatch_asi	5	revision_id	int	int(10) unsigned	NO	~NULL~	PRI	
field_revision_field_sirius_dispatch_asi	6	language	varchar	varchar(32)	NO	''	PRI	utf8mb3
field_revision_field_sirius_dispatch_asi	7	delta	int	int(10) unsigned	NO	~NULL~	PRI	
field_revision_field_sirius_dispatch_asi	8	field_sirius_dispatch_asi_value	varchar	varchar(255)	YES	NULL	MUL	utf8mb3
field_revision_field_sirius_dispatch_available	1	entity_type	varchar	varchar(128)	NO	''	PRI	utf8mb3
field_revision_field_sirius_dispatch_available	2	bundle	varchar	varchar(128)	NO	''	MUL	utf8mb3
field_revision_field_sirius_dispatch_available	3	deleted	tinyint	tinyint(4)	NO	0	PRI	
field_revision_field_sirius_dispatch_available	4	entity_id	int	int(10) unsigned	NO	~NULL~	PRI	
field_revision_field_sirius_dispatch_available	5	revision_id	int	int(10) unsigned	NO	~NULL~	PRI	
field_revision_field_sirius_dispatch_available	6	language	varchar	varchar(32)	NO	''	PRI	utf8mb3
field_revision_field_sirius_dispatch_available	7	delta	int	int(10) unsigned	NO	~NULL~	PRI	
field_revision_field_sirius_dispatch_available	8	field_sirius_dispatch_available_value	varchar	varchar(255)	YES	NULL	MUL	utf8mb3
field_revision_field_sirius_dispatch_availdate	1	entity_type	varchar	varchar(128)	NO	''	PRI	utf8mb3
field_revision_field_sirius_dispatch_availdate	2	bundle	varchar	varchar(128)	NO	''	MUL	utf8mb3
field_revision_field_sirius_dispatch_availdate	3	deleted	tinyint	tinyint(4)	NO	0	PRI	
field_revision_field_sirius_dispatch_availdate	4	entity_id	int	int(10) unsigned	NO	~NULL~	PRI	
field_revision_field_sirius_dispatch_availdate	5	revision_id	int	int(10) unsigned	NO	~NULL~	PRI	
field_revision_field_sirius_dispatch_availdate	6	language	varchar	varchar(32)	NO	''	PRI	utf8mb3
field_revision_field_sirius_dispatch_availdate	7	delta	int	int(10) unsigned	NO	~NULL~	PRI	
field_revision_field_sirius_dispatch_availdate	8	field_sirius_dispatch_availdate_value	datetime	datetime	YES	NULL	MUL	
field_revision_field_sirius_dispatch_cbn	1	entity_type	varchar	varchar(128)	NO	''	PRI	utf8mb3
field_revision_field_sirius_dispatch_cbn	2	bundle	varchar	varchar(128)	NO	''	MUL	utf8mb3
field_revision_field_sirius_dispatch_cbn	3	deleted	tinyint	tinyint(4)	NO	0	PRI	
field_revision_field_sirius_dispatch_cbn	4	entity_id	int	int(10) unsigned	NO	~NULL~	PRI	
field_revision_field_sirius_dispatch_cbn	5	revision_id	int	int(10) unsigned	NO	~NULL~	PRI	
field_revision_field_sirius_dispatch_cbn	6	language	varchar	varchar(32)	NO	''	PRI	utf8mb3
field_revision_field_sirius_dispatch_cbn	7	delta	int	int(10) unsigned	NO	~NULL~	PRI	
field_revision_field_sirius_dispatch_cbn	8	field_sirius_dispatch_cbn_value	varchar	varchar(255)	YES	NULL	MUL	utf8mb3
field_revision_field_sirius_dispatch_days	1	entity_type	varchar	varchar(128)	NO	''	PRI	utf8mb3
field_revision_field_sirius_dispatch_days	2	bundle	varchar	varchar(128)	NO	''	MUL	utf8mb3
field_revision_field_sirius_dispatch_days	3	deleted	tinyint	tinyint(4)	NO	0	PRI	
field_revision_field_sirius_dispatch_days	4	entity_id	int	int(10) unsigned	NO	~NULL~	PRI	
field_revision_field_sirius_dispatch_days	5	revision_id	int	int(10) unsigned	NO	~NULL~	PRI	
field_revision_field_sirius_dispatch_days	6	language	varchar	varchar(32)	NO	''	PRI	utf8mb3
field_revision_field_sirius_dispatch_days	7	delta	int	int(10) unsigned	NO	~NULL~	PRI	
field_revision_field_sirius_dispatch_days	8	field_sirius_dispatch_days_value	int	int(11)	YES	NULL		
field_revision_field_sirius_dispatch_dncs	1	entity_type	varchar	varchar(128)	NO	''	PRI	utf8mb3
field_revision_field_sirius_dispatch_dncs	2	bundle	varchar	varchar(128)	NO	''	MUL	utf8mb3
field_revision_field_sirius_dispatch_dncs	3	deleted	tinyint	tinyint(4)	NO	0	PRI	
field_revision_field_sirius_dispatch_dncs	4	entity_id	int	int(10) unsigned	NO	~NULL~	PRI	
field_revision_field_sirius_dispatch_dncs	5	revision_id	int	int(10) unsigned	NO	~NULL~	PRI	
field_revision_field_sirius_dispatch_dncs	6	language	varchar	varchar(32)	NO	''	PRI	utf8mb3
field_revision_field_sirius_dispatch_dncs	7	delta	int	int(10) unsigned	NO	~NULL~	PRI	
field_revision_field_sirius_dispatch_dncs	8	field_sirius_dispatch_dncs_target_id	int	int(10) unsigned	NO	~NULL~	MUL	
field_revision_field_sirius_dispatch_dncs2	1	entity_type	varchar	varchar(128)	NO	''	PRI	utf8mb3
field_revision_field_sirius_dispatch_dncs2	2	bundle	varchar	varchar(128)	NO	''	MUL	utf8mb3
field_revision_field_sirius_dispatch_dncs2	3	deleted	tinyint	tinyint(4)	NO	0	PRI	
field_revision_field_sirius_dispatch_dncs2	4	entity_id	int	int(10) unsigned	NO	~NULL~	PRI	
field_revision_field_sirius_dispatch_dncs2	5	revision_id	int	int(10) unsigned	NO	~NULL~	PRI	
field_revision_field_sirius_dispatch_dncs2	6	language	varchar	varchar(32)	NO	''	PRI	utf8mb3
field_revision_field_sirius_dispatch_dncs2	7	delta	int	int(10) unsigned	NO	~NULL~	PRI	
field_revision_field_sirius_dispatch_dncs2	8	field_sirius_dispatch_dncs2_target_id	int	int(10) unsigned	NO	~NULL~	MUL	
field_revision_field_sirius_dispatch_eba	1	entity_type	varchar	varchar(128)	NO	''	PRI	utf8mb3
field_revision_field_sirius_dispatch_eba	2	bundle	varchar	varchar(128)	NO	''	MUL	utf8mb3
field_revision_field_sirius_dispatch_eba	3	deleted	tinyint	tinyint(4)	NO	0	PRI	
field_revision_field_sirius_dispatch_eba	4	entity_id	int	int(10) unsigned	NO	~NULL~	PRI	
field_revision_field_sirius_dispatch_eba	5	revision_id	int	int(10) unsigned	NO	~NULL~	PRI	
field_revision_field_sirius_dispatch_eba	6	language	varchar	varchar(32)	NO	''	PRI	utf8mb3
field_revision_field_sirius_dispatch_eba	7	delta	int	int(10) unsigned	NO	~NULL~	PRI	
field_revision_field_sirius_dispatch_eba	8	field_sirius_dispatch_eba_value	varchar	varchar(255)	YES	NULL	MUL	utf8mb3
field_revision_field_sirius_dispatch_eba_dates	1	entity_type	varchar	varchar(128)	NO	''	PRI	utf8mb3
field_revision_field_sirius_dispatch_eba_dates	2	bundle	varchar	varchar(128)	NO	''	MUL	utf8mb3
field_revision_field_sirius_dispatch_eba_dates	3	deleted	tinyint	tinyint(4)	NO	0	PRI	
field_revision_field_sirius_dispatch_eba_dates	4	entity_id	int	int(10) unsigned	NO	~NULL~	PRI	
field_revision_field_sirius_dispatch_eba_dates	5	revision_id	int	int(10) unsigned	NO	~NULL~	PRI	
field_revision_field_sirius_dispatch_eba_dates	6	language	varchar	varchar(32)	NO	''	PRI	utf8mb3
field_revision_field_sirius_dispatch_eba_dates	7	delta	int	int(10) unsigned	NO	~NULL~	PRI	
field_revision_field_sirius_dispatch_eba_dates	8	field_sirius_dispatch_eba_dates_value	datetime	datetime	YES	NULL	MUL	
field_revision_field_sirius_dispatch_facility	1	entity_type	varchar	varchar(128)	NO	''	PRI	utf8mb3
field_revision_field_sirius_dispatch_facility	2	bundle	varchar	varchar(128)	NO	''	MUL	utf8mb3
field_revision_field_sirius_dispatch_facility	3	deleted	tinyint	tinyint(4)	NO	0	PRI	
field_revision_field_sirius_dispatch_facility	4	entity_id	int	int(10) unsigned	NO	~NULL~	PRI	
field_revision_field_sirius_dispatch_facility	5	revision_id	int	int(10) unsigned	NO	~NULL~	PRI	
field_revision_field_sirius_dispatch_facility	6	language	varchar	varchar(32)	NO	''	PRI	utf8mb3
field_revision_field_sirius_dispatch_facility	7	delta	int	int(10) unsigned	NO	~NULL~	PRI	
field_revision_field_sirius_dispatch_facility	8	field_sirius_dispatch_facility_target_id	int	int(10) unsigned	NO	~NULL~	MUL	
field_revision_field_sirius_dispatch_hall	1	entity_type	varchar	varchar(128)	NO	''	PRI	utf8mb3
field_revision_field_sirius_dispatch_hall	2	bundle	varchar	varchar(128)	NO	''	MUL	utf8mb3
field_revision_field_sirius_dispatch_hall	3	deleted	tinyint	tinyint(4)	NO	0	PRI	
field_revision_field_sirius_dispatch_hall	4	entity_id	int	int(10) unsigned	NO	~NULL~	PRI	
field_revision_field_sirius_dispatch_hall	5	revision_id	int	int(10) unsigned	NO	~NULL~	PRI	
field_revision_field_sirius_dispatch_hall	6	language	varchar	varchar(32)	NO	''	PRI	utf8mb3
field_revision_field_sirius_dispatch_hall	7	delta	int	int(10) unsigned	NO	~NULL~	PRI	
field_revision_field_sirius_dispatch_hall	8	field_sirius_dispatch_hall_target_id	int	int(10) unsigned	NO	~NULL~	MUL	
field_revision_field_sirius_dispatch_hfe	1	entity_type	varchar	varchar(128)	NO	''	PRI	utf8mb3
field_revision_field_sirius_dispatch_hfe	2	bundle	varchar	varchar(128)	NO	''	MUL	utf8mb3
field_revision_field_sirius_dispatch_hfe	3	deleted	tinyint	tinyint(4)	NO	0	PRI	
field_revision_field_sirius_dispatch_hfe	4	entity_id	int	int(10) unsigned	NO	~NULL~	PRI	
field_revision_field_sirius_dispatch_hfe	5	revision_id	int	int(10) unsigned	NO	~NULL~	PRI	
field_revision_field_sirius_dispatch_hfe	6	language	varchar	varchar(32)	NO	''	PRI	utf8mb3
field_revision_field_sirius_dispatch_hfe	7	delta	int	int(10) unsigned	NO	~NULL~	PRI	
field_revision_field_sirius_dispatch_hfe	8	field_sirius_dispatch_hfe_target_id	int	int(10) unsigned	NO	~NULL~	MUL	
field_revision_field_sirius_dispatch_hfe_until	1	entity_type	varchar	varchar(128)	NO	''	PRI	utf8mb3
field_revision_field_sirius_dispatch_hfe_until	2	bundle	varchar	varchar(128)	NO	''	MUL	utf8mb3
field_revision_field_sirius_dispatch_hfe_until	3	deleted	tinyint	tinyint(4)	NO	0	PRI	
field_revision_field_sirius_dispatch_hfe_until	4	entity_id	int	int(10) unsigned	NO	~NULL~	PRI	
field_revision_field_sirius_dispatch_hfe_until	5	revision_id	int	int(10) unsigned	NO	~NULL~	PRI	
field_revision_field_sirius_dispatch_hfe_until	6	language	varchar	varchar(32)	NO	''	PRI	utf8mb3
field_revision_field_sirius_dispatch_hfe_until	7	delta	int	int(10) unsigned	NO	~NULL~	PRI	
field_revision_field_sirius_dispatch_hfe_until	8	field_sirius_dispatch_hfe_until_value	datetime	datetime	YES	NULL	MUL	
field_revision_field_sirius_dispatch_job	1	entity_type	varchar	varchar(128)	NO	''	PRI	utf8mb3
field_revision_field_sirius_dispatch_job	2	bundle	varchar	varchar(128)	NO	''	MUL	utf8mb3
field_revision_field_sirius_dispatch_job	3	deleted	tinyint	tinyint(4)	NO	0	PRI	
field_revision_field_sirius_dispatch_job	4	entity_id	int	int(10) unsigned	NO	~NULL~	PRI	
field_revision_field_sirius_dispatch_job	5	revision_id	int	int(10) unsigned	NO	~NULL~	PRI	
field_revision_field_sirius_dispatch_job	6	language	varchar	varchar(32)	NO	''	PRI	utf8mb3
field_revision_field_sirius_dispatch_job	7	delta	int	int(10) unsigned	NO	~NULL~	PRI	
field_revision_field_sirius_dispatch_job	8	field_sirius_dispatch_job_target_id	int	int(10) unsigned	NO	~NULL~	MUL	
field_revision_field_sirius_dispatch_job_group	1	entity_type	varchar	varchar(128)	NO	''	PRI	utf8mb3
field_revision_field_sirius_dispatch_job_group	2	bundle	varchar	varchar(128)	NO	''	MUL	utf8mb3
field_revision_field_sirius_dispatch_job_group	3	deleted	tinyint	tinyint(4)	NO	0	PRI	
field_revision_field_sirius_dispatch_job_group	4	entity_id	int	int(10) unsigned	NO	~NULL~	PRI	
field_revision_field_sirius_dispatch_job_group	5	revision_id	int	int(10) unsigned	NO	~NULL~	PRI	
field_revision_field_sirius_dispatch_job_group	6	language	varchar	varchar(32)	NO	''	PRI	utf8mb3
field_revision_field_sirius_dispatch_job_group	7	delta	int	int(10) unsigned	NO	~NULL~	PRI	
field_revision_field_sirius_dispatch_job_group	8	field_sirius_dispatch_job_group_target_id	int	int(10) unsigned	NO	~NULL~	MUL	
field_revision_field_sirius_dispatch_job_nfcns	1	entity_type	varchar	varchar(128)	NO	''	PRI	utf8mb3
field_revision_field_sirius_dispatch_job_nfcns	2	bundle	varchar	varchar(128)	NO	''	MUL	utf8mb3
field_revision_field_sirius_dispatch_job_nfcns	3	deleted	tinyint	tinyint(4)	NO	0	PRI	
field_revision_field_sirius_dispatch_job_nfcns	4	entity_id	int	int(10) unsigned	NO	~NULL~	PRI	
field_revision_field_sirius_dispatch_job_nfcns	5	revision_id	int	int(10) unsigned	NO	~NULL~	PRI	
field_revision_field_sirius_dispatch_job_nfcns	6	language	varchar	varchar(32)	NO	''	PRI	utf8mb3
field_revision_field_sirius_dispatch_job_nfcns	7	delta	int	int(10) unsigned	NO	~NULL~	PRI	
field_revision_field_sirius_dispatch_job_nfcns	8	field_sirius_dispatch_job_nfcns_value	varchar	varchar(255)	YES	NULL	MUL	utf8mb3
field_revision_field_sirius_dispatch_job_status	1	entity_type	varchar	varchar(128)	NO	''	PRI	utf8mb3
field_revision_field_sirius_dispatch_job_status	2	bundle	varchar	varchar(128)	NO	''	MUL	utf8mb3
field_revision_field_sirius_dispatch_job_status	3	deleted	tinyint	tinyint(4)	NO	0	PRI	
field_revision_field_sirius_dispatch_job_status	4	entity_id	int	int(10) unsigned	NO	~NULL~	PRI	
field_revision_field_sirius_dispatch_job_status	5	revision_id	int	int(10) unsigned	NO	~NULL~	PRI	
field_revision_field_sirius_dispatch_job_status	6	language	varchar	varchar(32)	NO	''	PRI	utf8mb3
field_revision_field_sirius_dispatch_job_status	7	delta	int	int(10) unsigned	NO	~NULL~	PRI	
field_revision_field_sirius_dispatch_job_status	8	field_sirius_dispatch_job_status_value	varchar	varchar(255)	YES	NULL	MUL	utf8mb3
field_revision_field_sirius_dispatch_job_tags	1	entity_type	varchar	varchar(128)	NO	''	PRI	utf8mb3
field_revision_field_sirius_dispatch_job_tags	2	bundle	varchar	varchar(128)	NO	''	MUL	utf8mb3
field_revision_field_sirius_dispatch_job_tags	3	deleted	tinyint	tinyint(4)	NO	0	PRI	
field_revision_field_sirius_dispatch_job_tags	4	entity_id	int	int(10) unsigned	NO	~NULL~	PRI	
field_revision_field_sirius_dispatch_job_tags	5	revision_id	int	int(10) unsigned	NO	~NULL~	PRI	
field_revision_field_sirius_dispatch_job_tags	6	language	varchar	varchar(32)	NO	''	PRI	utf8mb3
field_revision_field_sirius_dispatch_job_tags	7	delta	int	int(10) unsigned	NO	~NULL~	PRI	
field_revision_field_sirius_dispatch_job_tags	8	field_sirius_dispatch_job_tags_tid	int	int(10) unsigned	YES	NULL	MUL	
field_revision_field_sirius_dispatch_job_type	1	entity_type	varchar	varchar(128)	NO	''	PRI	utf8mb3
field_revision_field_sirius_dispatch_job_type	2	bundle	varchar	varchar(128)	NO	''	MUL	utf8mb3
field_revision_field_sirius_dispatch_job_type	3	deleted	tinyint	tinyint(4)	NO	0	PRI	
field_revision_field_sirius_dispatch_job_type	4	entity_id	int	int(10) unsigned	NO	~NULL~	PRI	
field_revision_field_sirius_dispatch_job_type	5	revision_id	int	int(10) unsigned	NO	~NULL~	PRI	
field_revision_field_sirius_dispatch_job_type	6	language	varchar	varchar(32)	NO	''	PRI	utf8mb3
field_revision_field_sirius_dispatch_job_type	7	delta	int	int(10) unsigned	NO	~NULL~	PRI	
field_revision_field_sirius_dispatch_job_type	8	field_sirius_dispatch_job_type_tid	int	int(10) unsigned	YES	NULL	MUL	
field_revision_field_sirius_dispatch_job_types	1	entity_type	varchar	varchar(128)	NO	''	PRI	utf8mb3
field_revision_field_sirius_dispatch_job_types	2	bundle	varchar	varchar(128)	NO	''	MUL	utf8mb3
field_revision_field_sirius_dispatch_job_types	3	deleted	tinyint	tinyint(4)	NO	0	PRI	
field_revision_field_sirius_dispatch_job_types	4	entity_id	int	int(10) unsigned	NO	~NULL~	PRI	
field_revision_field_sirius_dispatch_job_types	5	revision_id	int	int(10) unsigned	NO	~NULL~	PRI	
field_revision_field_sirius_dispatch_job_types	6	language	varchar	varchar(32)	NO	''	PRI	utf8mb3
field_revision_field_sirius_dispatch_job_types	7	delta	int	int(10) unsigned	NO	~NULL~	PRI	
field_revision_field_sirius_dispatch_job_types	8	field_sirius_dispatch_job_types_tid	int	int(10) unsigned	YES	NULL	MUL	
field_revision_field_sirius_dispatch_medium	1	entity_type	varchar	varchar(128)	NO	''	PRI	utf8mb3
field_revision_field_sirius_dispatch_medium	2	bundle	varchar	varchar(128)	NO	''	MUL	utf8mb3
field_revision_field_sirius_dispatch_medium	3	deleted	tinyint	tinyint(4)	NO	0	PRI	
field_revision_field_sirius_dispatch_medium	4	entity_id	int	int(10) unsigned	NO	~NULL~	PRI	
field_revision_field_sirius_dispatch_medium	5	revision_id	int	int(10) unsigned	NO	~NULL~	PRI	
field_revision_field_sirius_dispatch_medium	6	language	varchar	varchar(32)	NO	''	PRI	utf8mb3
field_revision_field_sirius_dispatch_medium	7	delta	int	int(10) unsigned	NO	~NULL~	PRI	
field_revision_field_sirius_dispatch_medium	8	field_sirius_dispatch_medium_value	varchar	varchar(255)	YES	NULL	MUL	utf8mb3
field_revision_field_sirius_dispatch_roles	1	entity_type	varchar	varchar(128)	NO	''	PRI	utf8mb3
field_revision_field_sirius_dispatch_roles	2	bundle	varchar	varchar(128)	NO	''	MUL	utf8mb3
field_revision_field_sirius_dispatch_roles	3	deleted	tinyint	tinyint(4)	NO	0	PRI	
field_revision_field_sirius_dispatch_roles	4	entity_id	int	int(10) unsigned	NO	~NULL~	PRI	
field_revision_field_sirius_dispatch_roles	5	revision_id	int	int(10) unsigned	NO	~NULL~	PRI	
field_revision_field_sirius_dispatch_roles	6	language	varchar	varchar(32)	NO	''	PRI	utf8mb3
field_revision_field_sirius_dispatch_roles	7	delta	int	int(10) unsigned	NO	~NULL~	PRI	
field_revision_field_sirius_dispatch_roles	8	field_sirius_dispatch_roles_value	int	int(11)	NO	~NULL~		
field_revision_field_sirius_dispatch_sib_status	1	entity_type	varchar	varchar(128)	NO	''	PRI	utf8mb3
field_revision_field_sirius_dispatch_sib_status	2	bundle	varchar	varchar(128)	NO	''	MUL	utf8mb3
field_revision_field_sirius_dispatch_sib_status	3	deleted	tinyint	tinyint(4)	NO	0	PRI	
field_revision_field_sirius_dispatch_sib_status	4	entity_id	int	int(10) unsigned	NO	~NULL~	PRI	
field_revision_field_sirius_dispatch_sib_status	5	revision_id	int	int(10) unsigned	NO	~NULL~	PRI	
field_revision_field_sirius_dispatch_sib_status	6	language	varchar	varchar(32)	NO	''	PRI	utf8mb3
field_revision_field_sirius_dispatch_sib_status	7	delta	int	int(10) unsigned	NO	~NULL~	PRI	
field_revision_field_sirius_dispatch_sib_status	8	field_sirius_dispatch_sib_status_tid	int	int(10) unsigned	YES	NULL	MUL	
field_revision_field_sirius_dispatch_status	1	entity_type	varchar	varchar(128)	NO	''	PRI	utf8mb3
field_revision_field_sirius_dispatch_status	2	bundle	varchar	varchar(128)	NO	''	MUL	utf8mb3
field_revision_field_sirius_dispatch_status	3	deleted	tinyint	tinyint(4)	NO	0	PRI	
field_revision_field_sirius_dispatch_status	4	entity_id	int	int(10) unsigned	NO	~NULL~	PRI	
field_revision_field_sirius_dispatch_status	5	revision_id	int	int(10) unsigned	NO	~NULL~	PRI	
field_revision_field_sirius_dispatch_status	6	language	varchar	varchar(32)	NO	''	PRI	utf8mb3
field_revision_field_sirius_dispatch_status	7	delta	int	int(10) unsigned	NO	~NULL~	PRI	
field_revision_field_sirius_dispatch_status	8	field_sirius_dispatch_status_value	varchar	varchar(255)	YES	NULL	MUL	utf8mb3
field_revision_field_sirius_dispatch_type	1	entity_type	varchar	varchar(128)	NO	''	PRI	utf8mb3
field_revision_field_sirius_dispatch_type	2	bundle	varchar	varchar(128)	NO	''	MUL	utf8mb3
field_revision_field_sirius_dispatch_type	3	deleted	tinyint	tinyint(4)	NO	0	PRI	
field_revision_field_sirius_dispatch_type	4	entity_id	int	int(10) unsigned	NO	~NULL~	PRI	
field_revision_field_sirius_dispatch_type	5	revision_id	int	int(10) unsigned	NO	~NULL~	PRI	
field_revision_field_sirius_dispatch_type	6	language	varchar	varchar(32)	NO	''	PRI	utf8mb3
field_revision_field_sirius_dispatch_type	7	delta	int	int(10) unsigned	NO	~NULL~	PRI	
field_revision_field_sirius_dispatch_type	8	field_sirius_dispatch_type_value	varchar	varchar(255)	YES	NULL	MUL	utf8mb3
field_revision_field_sirius_dob	1	entity_type	varchar	varchar(128)	NO	''	PRI	utf8mb3
field_revision_field_sirius_dob	2	bundle	varchar	varchar(128)	NO	''	MUL	utf8mb3
field_revision_field_sirius_dob	3	deleted	tinyint	tinyint(4)	NO	0	PRI	
field_revision_field_sirius_dob	4	entity_id	int	int(10) unsigned	NO	~NULL~	PRI	
field_revision_field_sirius_dob	5	revision_id	int	int(10) unsigned	NO	~NULL~	PRI	
field_revision_field_sirius_dob	6	language	varchar	varchar(32)	NO	''	PRI	utf8mb3
field_revision_field_sirius_dob	7	delta	int	int(10) unsigned	NO	~NULL~	PRI	
field_revision_field_sirius_dob	8	field_sirius_dob_value	datetime	datetime	YES	NULL	MUL	
field_revision_field_sirius_docret_key	1	entity_type	varchar	varchar(128)	NO	''	PRI	utf8mb3
field_revision_field_sirius_docret_key	2	bundle	varchar	varchar(128)	NO	''	MUL	utf8mb3
field_revision_field_sirius_docret_key	3	deleted	tinyint	tinyint(4)	NO	0	PRI	
field_revision_field_sirius_docret_key	4	entity_id	int	int(10) unsigned	NO	~NULL~	PRI	
field_revision_field_sirius_docret_key	5	revision_id	int	int(10) unsigned	NO	~NULL~	PRI	
field_revision_field_sirius_docret_key	6	language	varchar	varchar(32)	NO	''	PRI	utf8mb3
field_revision_field_sirius_docret_key	7	delta	int	int(10) unsigned	NO	~NULL~	PRI	
field_revision_field_sirius_docret_key	8	field_sirius_docret_key_value	varchar	varchar(255)	YES	NULL		utf8mb3
field_revision_field_sirius_docret_key	9	field_sirius_docret_key_format	varchar	varchar(255)	YES	NULL	MUL	utf8mb3
field_revision_field_sirius_docret_mode	1	entity_type	varchar	varchar(128)	NO	''	PRI	utf8mb3
field_revision_field_sirius_docret_mode	2	bundle	varchar	varchar(128)	NO	''	MUL	utf8mb3
field_revision_field_sirius_docret_mode	3	deleted	tinyint	tinyint(4)	NO	0	PRI	
field_revision_field_sirius_docret_mode	4	entity_id	int	int(10) unsigned	NO	~NULL~	PRI	
field_revision_field_sirius_docret_mode	5	revision_id	int	int(10) unsigned	NO	~NULL~	PRI	
field_revision_field_sirius_docret_mode	6	language	varchar	varchar(32)	NO	''	PRI	utf8mb3
field_revision_field_sirius_docret_mode	7	delta	int	int(10) unsigned	NO	~NULL~	PRI	
field_revision_field_sirius_docret_mode	8	field_sirius_docret_mode_value	varchar	varchar(255)	YES	NULL		utf8mb3
field_revision_field_sirius_docret_mode	9	field_sirius_docret_mode_format	varchar	varchar(255)	YES	NULL	MUL	utf8mb3
field_revision_field_sirius_dollar_amt	1	entity_type	varchar	varchar(128)	NO	''	PRI	utf8mb3
field_revision_field_sirius_dollar_amt	2	bundle	varchar	varchar(128)	NO	''	MUL	utf8mb3
field_revision_field_sirius_dollar_amt	3	deleted	tinyint	tinyint(4)	NO	0	PRI	
field_revision_field_sirius_dollar_amt	4	entity_id	int	int(10) unsigned	NO	~NULL~	PRI	
field_revision_field_sirius_dollar_amt	5	revision_id	int	int(10) unsigned	NO	~NULL~	PRI	
field_revision_field_sirius_dollar_amt	6	language	varchar	varchar(32)	NO	''	PRI	utf8mb3
field_revision_field_sirius_dollar_amt	7	delta	int	int(10) unsigned	NO	~NULL~	PRI	
field_revision_field_sirius_dollar_amt	8	field_sirius_dollar_amt_value	decimal	decimal(10,2)	YES	NULL		
field_revision_field_sirius_domain	1	entity_type	varchar	varchar(128)	NO	''	PRI	utf8mb3
field_revision_field_sirius_domain	2	bundle	varchar	varchar(128)	NO	''	MUL	utf8mb3
field_revision_field_sirius_domain	3	deleted	tinyint	tinyint(4)	NO	0	PRI	
field_revision_field_sirius_domain	4	entity_id	int	int(10) unsigned	NO	~NULL~	PRI	
field_revision_field_sirius_domain	5	revision_id	int	int(10) unsigned	NO	~NULL~	PRI	
field_revision_field_sirius_domain	6	language	varchar	varchar(32)	NO	''	PRI	utf8mb3
field_revision_field_sirius_domain	7	delta	int	int(10) unsigned	NO	~NULL~	PRI	
field_revision_field_sirius_domain	8	field_sirius_domain_target_id	int	int(10) unsigned	NO	~NULL~	MUL	
field_revision_field_sirius_edls_sheet_status	1	entity_type	varchar	varchar(128)	NO	''	PRI	utf8mb3
field_revision_field_sirius_edls_sheet_status	2	bundle	varchar	varchar(128)	NO	''	MUL	utf8mb3
field_revision_field_sirius_edls_sheet_status	3	deleted	tinyint	tinyint(4)	NO	0	PRI	
field_revision_field_sirius_edls_sheet_status	4	entity_id	int	int(10) unsigned	NO	~NULL~	PRI	
field_revision_field_sirius_edls_sheet_status	5	revision_id	int	int(10) unsigned	NO	~NULL~	PRI	
field_revision_field_sirius_edls_sheet_status	6	language	varchar	varchar(32)	NO	''	PRI	utf8mb3
field_revision_field_sirius_edls_sheet_status	7	delta	int	int(10) unsigned	NO	~NULL~	PRI	
field_revision_field_sirius_edls_sheet_status	8	field_sirius_edls_sheet_status_value	varchar	varchar(255)	YES	NULL	MUL	utf8mb3
field_revision_field_sirius_email	1	entity_type	varchar	varchar(128)	NO	''	PRI	utf8mb3
field_revision_field_sirius_email	2	bundle	varchar	varchar(128)	NO	''	MUL	utf8mb3
field_revision_field_sirius_email	3	deleted	tinyint	tinyint(4)	NO	0	PRI	
field_revision_field_sirius_email	4	entity_id	int	int(10) unsigned	NO	~NULL~	PRI	
field_revision_field_sirius_email	5	revision_id	int	int(10) unsigned	NO	~NULL~	PRI	
field_revision_field_sirius_email	6	language	varchar	varchar(32)	NO	''	PRI	utf8mb3
field_revision_field_sirius_email	7	delta	int	int(10) unsigned	NO	~NULL~	PRI	
field_revision_field_sirius_email	8	field_sirius_email_value	varchar	varchar(255)	YES	NULL		utf8mb3
field_revision_field_sirius_email	9	field_sirius_email_format	varchar	varchar(255)	YES	NULL	MUL	utf8mb3
field_revision_field_sirius_emails	1	entity_type	varchar	varchar(128)	NO	''	PRI	utf8mb3
field_revision_field_sirius_emails	2	bundle	varchar	varchar(128)	NO	''	MUL	utf8mb3
field_revision_field_sirius_emails	3	deleted	tinyint	tinyint(4)	NO	0	PRI	
field_revision_field_sirius_emails	4	entity_id	int	int(10) unsigned	NO	~NULL~	PRI	
field_revision_field_sirius_emails	5	revision_id	int	int(10) unsigned	NO	~NULL~	PRI	
field_revision_field_sirius_emails	6	language	varchar	varchar(32)	NO	''	PRI	utf8mb3
field_revision_field_sirius_emails	7	delta	int	int(10) unsigned	NO	~NULL~	PRI	
field_revision_field_sirius_emails	8	field_sirius_emails_value	varchar	varchar(255)	YES	NULL		utf8mb3
field_revision_field_sirius_emails	9	field_sirius_emails_format	varchar	varchar(255)	YES	NULL	MUL	utf8mb3
field_revision_field_sirius_email_possible	1	entity_type	varchar	varchar(128)	NO	''	PRI	utf8mb3
field_revision_field_sirius_email_possible	2	bundle	varchar	varchar(128)	NO	''	MUL	utf8mb3
field_revision_field_sirius_email_possible	3	deleted	tinyint	tinyint(4)	NO	0	PRI	
field_revision_field_sirius_email_possible	4	entity_id	int	int(10) unsigned	NO	~NULL~	PRI	
field_revision_field_sirius_email_possible	5	revision_id	int	int(10) unsigned	NO	~NULL~	PRI	
field_revision_field_sirius_email_possible	6	language	varchar	varchar(32)	NO	''	PRI	utf8mb3
field_revision_field_sirius_email_possible	7	delta	int	int(10) unsigned	NO	~NULL~	PRI	
field_revision_field_sirius_email_possible	8	field_sirius_email_possible_value	varchar	varchar(255)	YES	NULL	MUL	utf8mb3
field_revision_field_sirius_event	1	entity_type	varchar	varchar(128)	NO	''	PRI	utf8mb3
field_revision_field_sirius_event	2	bundle	varchar	varchar(128)	NO	''	MUL	utf8mb3
field_revision_field_sirius_event	3	deleted	tinyint	tinyint(4)	NO	0	PRI	
field_revision_field_sirius_event	4	entity_id	int	int(10) unsigned	NO	~NULL~	PRI	
field_revision_field_sirius_event	5	revision_id	int	int(10) unsigned	NO	~NULL~	PRI	
field_revision_field_sirius_event	6	language	varchar	varchar(32)	NO	''	PRI	utf8mb3
field_revision_field_sirius_event	7	delta	int	int(10) unsigned	NO	~NULL~	PRI	
field_revision_field_sirius_event	8	field_sirius_event_target_id	int	int(10) unsigned	NO	~NULL~	MUL	
field_revision_field_sirius_events	1	entity_type	varchar	varchar(128)	NO	''	PRI	utf8mb3
field_revision_field_sirius_events	2	bundle	varchar	varchar(128)	NO	''	MUL	utf8mb3
field_revision_field_sirius_events	3	deleted	tinyint	tinyint(4)	NO	0	PRI	
field_revision_field_sirius_events	4	entity_id	int	int(10) unsigned	NO	~NULL~	PRI	
field_revision_field_sirius_events	5	revision_id	int	int(10) unsigned	NO	~NULL~	PRI	
field_revision_field_sirius_events	6	language	varchar	varchar(32)	NO	''	PRI	utf8mb3
field_revision_field_sirius_events	7	delta	int	int(10) unsigned	NO	~NULL~	PRI	
field_revision_field_sirius_events	8	field_sirius_events_target_id	int	int(10) unsigned	NO	~NULL~	MUL	
field_revision_field_sirius_event_prole	1	entity_type	varchar	varchar(128)	NO	''	PRI	utf8mb3
field_revision_field_sirius_event_prole	2	bundle	varchar	varchar(128)	NO	''	MUL	utf8mb3
field_revision_field_sirius_event_prole	3	deleted	tinyint	tinyint(4)	NO	0	PRI	
field_revision_field_sirius_event_prole	4	entity_id	int	int(10) unsigned	NO	~NULL~	PRI	
field_revision_field_sirius_event_prole	5	revision_id	int	int(10) unsigned	NO	~NULL~	PRI	
field_revision_field_sirius_event_prole	6	language	varchar	varchar(32)	NO	''	PRI	utf8mb3
field_revision_field_sirius_event_prole	7	delta	int	int(10) unsigned	NO	~NULL~	PRI	
field_revision_field_sirius_event_prole	8	field_sirius_event_prole_tid	int	int(10) unsigned	YES	NULL	MUL	
field_revision_field_sirius_event_proles	1	entity_type	varchar	varchar(128)	NO	''	PRI	utf8mb3
field_revision_field_sirius_event_proles	2	bundle	varchar	varchar(128)	NO	''	MUL	utf8mb3
field_revision_field_sirius_event_proles	3	deleted	tinyint	tinyint(4)	NO	0	PRI	
field_revision_field_sirius_event_proles	4	entity_id	int	int(10) unsigned	NO	~NULL~	PRI	
field_revision_field_sirius_event_proles	5	revision_id	int	int(10) unsigned	NO	~NULL~	PRI	
field_revision_field_sirius_event_proles	6	language	varchar	varchar(32)	NO	''	PRI	utf8mb3
field_revision_field_sirius_event_proles	7	delta	int	int(10) unsigned	NO	~NULL~	PRI	
field_revision_field_sirius_event_proles	8	field_sirius_event_proles_tid	int	int(10) unsigned	YES	NULL	MUL	
field_revision_field_sirius_event_pstatus	1	entity_type	varchar	varchar(128)	NO	''	PRI	utf8mb3
field_revision_field_sirius_event_pstatus	2	bundle	varchar	varchar(128)	NO	''	MUL	utf8mb3
field_revision_field_sirius_event_pstatus	3	deleted	tinyint	tinyint(4)	NO	0	PRI	
field_revision_field_sirius_event_pstatus	4	entity_id	int	int(10) unsigned	NO	~NULL~	PRI	
field_revision_field_sirius_event_pstatus	5	revision_id	int	int(10) unsigned	NO	~NULL~	PRI	
field_revision_field_sirius_event_pstatus	6	language	varchar	varchar(32)	NO	''	PRI	utf8mb3
field_revision_field_sirius_event_pstatus	7	delta	int	int(10) unsigned	NO	~NULL~	PRI	
field_revision_field_sirius_event_pstatus	8	field_sirius_event_pstatus_tid	int	int(10) unsigned	YES	NULL	MUL	
field_revision_field_sirius_event_type	1	entity_type	varchar	varchar(128)	NO	''	PRI	utf8mb3
field_revision_field_sirius_event_type	2	bundle	varchar	varchar(128)	NO	''	MUL	utf8mb3
field_revision_field_sirius_event_type	3	deleted	tinyint	tinyint(4)	NO	0	PRI	
field_revision_field_sirius_event_type	4	entity_id	int	int(10) unsigned	NO	~NULL~	PRI	
field_revision_field_sirius_event_type	5	revision_id	int	int(10) unsigned	NO	~NULL~	PRI	
field_revision_field_sirius_event_type	6	language	varchar	varchar(32)	NO	''	PRI	utf8mb3
field_revision_field_sirius_event_type	7	delta	int	int(10) unsigned	NO	~NULL~	PRI	
field_revision_field_sirius_event_type	8	field_sirius_event_type_tid	int	int(10) unsigned	YES	NULL	MUL	
field_revision_field_sirius_fastload_status	1	entity_type	varchar	varchar(128)	NO	''	PRI	utf8mb3
field_revision_field_sirius_fastload_status	2	bundle	varchar	varchar(128)	NO	''	MUL	utf8mb3
field_revision_field_sirius_fastload_status	3	deleted	tinyint	tinyint(4)	NO	0	PRI	
field_revision_field_sirius_fastload_status	4	entity_id	int	int(10) unsigned	NO	~NULL~	PRI	
field_revision_field_sirius_fastload_status	5	revision_id	int	int(10) unsigned	NO	~NULL~	PRI	
field_revision_field_sirius_fastload_status	6	language	varchar	varchar(32)	NO	''	PRI	utf8mb3
field_revision_field_sirius_fastload_status	7	delta	int	int(10) unsigned	NO	~NULL~	PRI	
field_revision_field_sirius_fastload_status	8	field_sirius_fastload_status_value	varchar	varchar(255)	YES	NULL	MUL	utf8mb3
field_revision_field_sirius_feed_status	1	entity_type	varchar	varchar(128)	NO	''	PRI	utf8mb3
field_revision_field_sirius_feed_status	2	bundle	varchar	varchar(128)	NO	''	MUL	utf8mb3
field_revision_field_sirius_feed_status	3	deleted	tinyint	tinyint(4)	NO	0	PRI	
field_revision_field_sirius_feed_status	4	entity_id	int	int(10) unsigned	NO	~NULL~	PRI	
field_revision_field_sirius_feed_status	5	revision_id	int	int(10) unsigned	NO	~NULL~	PRI	
field_revision_field_sirius_feed_status	6	language	varchar	varchar(32)	NO	''	PRI	utf8mb3
field_revision_field_sirius_feed_status	7	delta	int	int(10) unsigned	NO	~NULL~	PRI	
field_revision_field_sirius_feed_status	8	field_sirius_feed_status_value	varchar	varchar(255)	YES	NULL	MUL	utf8mb3
field_revision_field_sirius_gender	1	entity_type	varchar	varchar(128)	NO	''	PRI	utf8mb3
field_revision_field_sirius_gender	2	bundle	varchar	varchar(128)	NO	''	MUL	utf8mb3
field_revision_field_sirius_gender	3	deleted	tinyint	tinyint(4)	NO	0	PRI	
field_revision_field_sirius_gender	4	entity_id	int	int(10) unsigned	NO	~NULL~	PRI	
field_revision_field_sirius_gender	5	revision_id	int	int(10) unsigned	NO	~NULL~	PRI	
field_revision_field_sirius_gender	6	language	varchar	varchar(32)	NO	''	PRI	utf8mb3
field_revision_field_sirius_gender	7	delta	int	int(10) unsigned	NO	~NULL~	PRI	
field_revision_field_sirius_gender	8	field_sirius_gender_tid	int	int(10) unsigned	YES	NULL	MUL	
field_revision_field_sirius_gender_nota_calc	1	entity_type	varchar	varchar(128)	NO	''	PRI	utf8mb3
field_revision_field_sirius_gender_nota_calc	2	bundle	varchar	varchar(128)	NO	''	MUL	utf8mb3
field_revision_field_sirius_gender_nota_calc	3	deleted	tinyint	tinyint(4)	NO	0	PRI	
field_revision_field_sirius_gender_nota_calc	4	entity_id	int	int(10) unsigned	NO	~NULL~	PRI	
field_revision_field_sirius_gender_nota_calc	5	revision_id	int	int(10) unsigned	NO	~NULL~	PRI	
field_revision_field_sirius_gender_nota_calc	6	language	varchar	varchar(32)	NO	''	PRI	utf8mb3
field_revision_field_sirius_gender_nota_calc	7	delta	int	int(10) unsigned	NO	~NULL~	PRI	
field_revision_field_sirius_gender_nota_calc	8	field_sirius_gender_nota_calc_value	varchar	varchar(255)	YES	NULL		utf8mb3
field_revision_field_sirius_gender_nota_calc	9	field_sirius_gender_nota_calc_format	varchar	varchar(255)	YES	NULL	MUL	utf8mb3
field_revision_field_sirius_gender_nota_val	1	entity_type	varchar	varchar(128)	NO	''	PRI	utf8mb3
field_revision_field_sirius_gender_nota_val	2	bundle	varchar	varchar(128)	NO	''	MUL	utf8mb3
field_revision_field_sirius_gender_nota_val	3	deleted	tinyint	tinyint(4)	NO	0	PRI	
field_revision_field_sirius_gender_nota_val	4	entity_id	int	int(10) unsigned	NO	~NULL~	PRI	
field_revision_field_sirius_gender_nota_val	5	revision_id	int	int(10) unsigned	NO	~NULL~	PRI	
field_revision_field_sirius_gender_nota_val	6	language	varchar	varchar(32)	NO	''	PRI	utf8mb3
field_revision_field_sirius_gender_nota_val	7	delta	int	int(10) unsigned	NO	~NULL~	PRI	
field_revision_field_sirius_gender_nota_val	8	field_sirius_gender_nota_val_value	varchar	varchar(255)	YES	NULL		utf8mb3
field_revision_field_sirius_gender_nota_val	9	field_sirius_gender_nota_val_format	varchar	varchar(255)	YES	NULL	MUL	utf8mb3
field_revision_field_sirius_headshot	1	entity_type	varchar	varchar(128)	NO	''	PRI	utf8mb3
field_revision_field_sirius_headshot	2	bundle	varchar	varchar(128)	NO	''	MUL	utf8mb3
field_revision_field_sirius_headshot	3	deleted	tinyint	tinyint(4)	NO	0	PRI	
field_revision_field_sirius_headshot	4	entity_id	int	int(10) unsigned	NO	~NULL~	PRI	
field_revision_field_sirius_headshot	5	revision_id	int	int(10) unsigned	NO	~NULL~	PRI	
field_revision_field_sirius_headshot	6	language	varchar	varchar(32)	NO	''	PRI	utf8mb3
field_revision_field_sirius_headshot	7	delta	int	int(10) unsigned	NO	~NULL~	PRI	
field_revision_field_sirius_headshot	8	field_sirius_headshot_fid	int	int(10) unsigned	YES	NULL	MUL	
field_revision_field_sirius_headshot	9	field_sirius_headshot_alt	varchar	varchar(512)	YES	NULL		utf8mb3
field_revision_field_sirius_headshot	10	field_sirius_headshot_title	varchar	varchar(1024)	YES	NULL		utf8mb3
field_revision_field_sirius_headshot	11	field_sirius_headshot_width	int	int(10) unsigned	YES	NULL		
field_revision_field_sirius_headshot	12	field_sirius_headshot_height	int	int(10) unsigned	YES	NULL		
field_revision_field_sirius_hour_type	1	entity_type	varchar	varchar(128)	NO	''	PRI	utf8mb3
field_revision_field_sirius_hour_type	2	bundle	varchar	varchar(128)	NO	''	MUL	utf8mb3
field_revision_field_sirius_hour_type	3	deleted	tinyint	tinyint(4)	NO	0	PRI	
field_revision_field_sirius_hour_type	4	entity_id	int	int(10) unsigned	NO	~NULL~	PRI	
field_revision_field_sirius_hour_type	5	revision_id	int	int(10) unsigned	NO	~NULL~	PRI	
field_revision_field_sirius_hour_type	6	language	varchar	varchar(32)	NO	''	PRI	utf8mb3
field_revision_field_sirius_hour_type	7	delta	int	int(10) unsigned	NO	~NULL~	PRI	
field_revision_field_sirius_hour_type	8	field_sirius_hour_type_tid	int	int(10) unsigned	YES	NULL	MUL	
field_revision_field_sirius_id	1	entity_type	varchar	varchar(128)	NO	''	PRI	utf8mb3
field_revision_field_sirius_id	2	bundle	varchar	varchar(128)	NO	''	MUL	utf8mb3
field_revision_field_sirius_id	3	deleted	tinyint	tinyint(4)	NO	0	PRI	
field_revision_field_sirius_id	4	entity_id	int	int(10) unsigned	NO	~NULL~	PRI	
field_revision_field_sirius_id	5	revision_id	int	int(10) unsigned	NO	~NULL~	PRI	
field_revision_field_sirius_id	6	language	varchar	varchar(32)	NO	''	PRI	utf8mb3
field_revision_field_sirius_id	7	delta	int	int(10) unsigned	NO	~NULL~	PRI	
field_revision_field_sirius_id	8	field_sirius_id_value	varchar	varchar(255)	YES	NULL		utf8mb3
field_revision_field_sirius_id	9	field_sirius_id_format	varchar	varchar(255)	YES	NULL	MUL	utf8mb3
field_revision_field_sirius_id2	1	entity_type	varchar	varchar(128)	NO	''	PRI	utf8mb3
field_revision_field_sirius_id2	2	bundle	varchar	varchar(128)	NO	''	MUL	utf8mb3
field_revision_field_sirius_id2	3	deleted	tinyint	tinyint(4)	NO	0	PRI	
field_revision_field_sirius_id2	4	entity_id	int	int(10) unsigned	NO	~NULL~	PRI	
field_revision_field_sirius_id2	5	revision_id	int	int(10) unsigned	NO	~NULL~	PRI	
field_revision_field_sirius_id2	6	language	varchar	varchar(32)	NO	''	PRI	utf8mb3
field_revision_field_sirius_id2	7	delta	int	int(10) unsigned	NO	~NULL~	PRI	
field_revision_field_sirius_id2	8	field_sirius_id2_value	varchar	varchar(255)	YES	NULL		utf8mb3
field_revision_field_sirius_id2	9	field_sirius_id2_format	varchar	varchar(255)	YES	NULL	MUL	utf8mb3
field_revision_field_sirius_id3	1	entity_type	varchar	varchar(128)	NO	''	PRI	utf8mb3
field_revision_field_sirius_id3	2	bundle	varchar	varchar(128)	NO	''	MUL	utf8mb3
field_revision_field_sirius_id3	3	deleted	tinyint	tinyint(4)	NO	0	PRI	
field_revision_field_sirius_id3	4	entity_id	int	int(10) unsigned	NO	~NULL~	PRI	
field_revision_field_sirius_id3	5	revision_id	int	int(10) unsigned	NO	~NULL~	PRI	
field_revision_field_sirius_id3	6	language	varchar	varchar(32)	NO	''	PRI	utf8mb3
field_revision_field_sirius_id3	7	delta	int	int(10) unsigned	NO	~NULL~	PRI	
field_revision_field_sirius_id3	8	field_sirius_id3_value	varchar	varchar(255)	YES	NULL		utf8mb3
field_revision_field_sirius_id3	9	field_sirius_id3_format	varchar	varchar(255)	YES	NULL	MUL	utf8mb3
field_revision_field_sirius_industry	1	entity_type	varchar	varchar(128)	NO	''	PRI	utf8mb3
field_revision_field_sirius_industry	2	bundle	varchar	varchar(128)	NO	''	MUL	utf8mb3
field_revision_field_sirius_industry	3	deleted	tinyint	tinyint(4)	NO	0	PRI	
field_revision_field_sirius_industry	4	entity_id	int	int(10) unsigned	NO	~NULL~	PRI	
field_revision_field_sirius_industry	5	revision_id	int	int(10) unsigned	NO	~NULL~	PRI	
field_revision_field_sirius_industry	6	language	varchar	varchar(32)	NO	''	PRI	utf8mb3
field_revision_field_sirius_industry	7	delta	int	int(10) unsigned	NO	~NULL~	PRI	
field_revision_field_sirius_industry	8	field_sirius_industry_tid	int	int(10) unsigned	YES	NULL	MUL	
field_revision_field_sirius_job_number	1	entity_type	varchar	varchar(128)	NO	''	PRI	utf8mb3
field_revision_field_sirius_job_number	2	bundle	varchar	varchar(128)	NO	''	MUL	utf8mb3
field_revision_field_sirius_job_number	3	deleted	tinyint	tinyint(4)	NO	0	PRI	
field_revision_field_sirius_job_number	4	entity_id	int	int(10) unsigned	NO	~NULL~	PRI	
field_revision_field_sirius_job_number	5	revision_id	int	int(10) unsigned	NO	~NULL~	PRI	
field_revision_field_sirius_job_number	6	language	varchar	varchar(32)	NO	''	PRI	utf8mb3
field_revision_field_sirius_job_number	7	delta	int	int(10) unsigned	NO	~NULL~	PRI	
field_revision_field_sirius_job_number	8	field_sirius_job_number_value	varchar	varchar(255)	YES	NULL		utf8mb3
field_revision_field_sirius_job_number	9	field_sirius_job_number_format	varchar	varchar(255)	YES	NULL	MUL	utf8mb3
field_revision_field_sirius_json	1	entity_type	varchar	varchar(128)	NO	''	PRI	utf8mb3
field_revision_field_sirius_json	2	bundle	varchar	varchar(128)	NO	''	MUL	utf8mb3
field_revision_field_sirius_json	3	deleted	tinyint	tinyint(4)	NO	0	PRI	
field_revision_field_sirius_json	4	entity_id	int	int(10) unsigned	NO	~NULL~	PRI	
field_revision_field_sirius_json	5	revision_id	int	int(10) unsigned	NO	~NULL~	PRI	
field_revision_field_sirius_json	6	language	varchar	varchar(32)	NO	''	PRI	utf8mb3
field_revision_field_sirius_json	7	delta	int	int(10) unsigned	NO	~NULL~	PRI	
field_revision_field_sirius_json	8	field_sirius_json_value	longtext	longtext	YES	NULL		utf8mb4
field_revision_field_sirius_json_definition	1	entity_type	varchar	varchar(128)	NO	''	PRI	utf8mb3
field_revision_field_sirius_json_definition	2	bundle	varchar	varchar(128)	NO	''	MUL	utf8mb3
field_revision_field_sirius_json_definition	3	deleted	tinyint	tinyint(4)	NO	0	PRI	
field_revision_field_sirius_json_definition	4	entity_id	int	int(10) unsigned	NO	~NULL~	PRI	
field_revision_field_sirius_json_definition	5	revision_id	int	int(10) unsigned	NO	~NULL~	PRI	
field_revision_field_sirius_json_definition	6	language	varchar	varchar(32)	NO	''	PRI	utf8mb3
field_revision_field_sirius_json_definition	7	delta	int	int(10) unsigned	NO	~NULL~	PRI	
field_revision_field_sirius_json_definition	8	field_sirius_json_definition_target_id	int	int(10) unsigned	NO	~NULL~	MUL	
field_revision_field_sirius_lang	1	entity_type	varchar	varchar(128)	NO	''	PRI	utf8mb3
field_revision_field_sirius_lang	2	bundle	varchar	varchar(128)	NO	''	MUL	utf8mb3
field_revision_field_sirius_lang	3	deleted	tinyint	tinyint(4)	NO	0	PRI	
field_revision_field_sirius_lang	4	entity_id	int	int(10) unsigned	NO	~NULL~	PRI	
field_revision_field_sirius_lang	5	revision_id	int	int(10) unsigned	NO	~NULL~	PRI	
field_revision_field_sirius_lang	6	language	varchar	varchar(32)	NO	''	PRI	utf8mb3
field_revision_field_sirius_lang	7	delta	int	int(10) unsigned	NO	~NULL~	PRI	
field_revision_field_sirius_lang	8	field_sirius_lang_value	varchar	varchar(255)	YES	NULL	MUL	utf8mb3
field_revision_field_sirius_ledger_account	1	entity_type	varchar	varchar(128)	NO	''	PRI	utf8mb3
field_revision_field_sirius_ledger_account	2	bundle	varchar	varchar(128)	NO	''	MUL	utf8mb3
field_revision_field_sirius_ledger_account	3	deleted	tinyint	tinyint(4)	NO	0	PRI	
field_revision_field_sirius_ledger_account	4	entity_id	int	int(10) unsigned	NO	~NULL~	PRI	
field_revision_field_sirius_ledger_account	5	revision_id	int	int(10) unsigned	NO	~NULL~	PRI	
field_revision_field_sirius_ledger_account	6	language	varchar	varchar(32)	NO	''	PRI	utf8mb3
field_revision_field_sirius_ledger_account	7	delta	int	int(10) unsigned	NO	~NULL~	PRI	
field_revision_field_sirius_ledger_account	8	field_sirius_ledger_account_target_id	int	int(10) unsigned	NO	~NULL~	MUL	
field_revision_field_sirius_ledger_allocated	1	entity_type	varchar	varchar(128)	NO	''	PRI	utf8mb3
field_revision_field_sirius_ledger_allocated	2	bundle	varchar	varchar(128)	NO	''	MUL	utf8mb3
field_revision_field_sirius_ledger_allocated	3	deleted	tinyint	tinyint(4)	NO	0	PRI	
field_revision_field_sirius_ledger_allocated	4	entity_id	int	int(10) unsigned	NO	~NULL~	PRI	
field_revision_field_sirius_ledger_allocated	5	revision_id	int	int(10) unsigned	NO	~NULL~	PRI	
field_revision_field_sirius_ledger_allocated	6	language	varchar	varchar(32)	NO	''	PRI	utf8mb3
field_revision_field_sirius_ledger_allocated	7	delta	int	int(10) unsigned	NO	~NULL~	PRI	
field_revision_field_sirius_ledger_allocated	8	field_sirius_ledger_allocated_value	varchar	varchar(255)	YES	NULL	MUL	utf8mb3
field_revision_field_sirius_ledger_category	1	entity_type	varchar	varchar(128)	NO	''	PRI	utf8mb3
field_revision_field_sirius_ledger_category	2	bundle	varchar	varchar(128)	NO	''	MUL	utf8mb3
field_revision_field_sirius_ledger_category	3	deleted	tinyint	tinyint(4)	NO	0	PRI	
field_revision_field_sirius_ledger_category	4	entity_id	int	int(10) unsigned	NO	~NULL~	PRI	
field_revision_field_sirius_ledger_category	5	revision_id	int	int(10) unsigned	NO	~NULL~	PRI	
field_revision_field_sirius_ledger_category	6	language	varchar	varchar(32)	NO	''	PRI	utf8mb3
field_revision_field_sirius_ledger_category	7	delta	int	int(10) unsigned	NO	~NULL~	PRI	
field_revision_field_sirius_ledger_category	8	field_sirius_ledger_category_value	varchar	varchar(255)	YES	NULL	MUL	utf8mb3
field_revision_field_sirius_letterhead_format	1	entity_type	varchar	varchar(128)	NO	''	PRI	utf8mb3
field_revision_field_sirius_letterhead_format	2	bundle	varchar	varchar(128)	NO	''	MUL	utf8mb3
field_revision_field_sirius_letterhead_format	3	deleted	tinyint	tinyint(4)	NO	0	PRI	
field_revision_field_sirius_letterhead_format	4	entity_id	int	int(10) unsigned	NO	~NULL~	PRI	
field_revision_field_sirius_letterhead_format	5	revision_id	int	int(10) unsigned	NO	~NULL~	PRI	
field_revision_field_sirius_letterhead_format	6	language	varchar	varchar(32)	NO	''	PRI	utf8mb3
field_revision_field_sirius_letterhead_format	7	delta	int	int(10) unsigned	NO	~NULL~	PRI	
field_revision_field_sirius_letterhead_format	8	field_sirius_letterhead_format_value	varchar	varchar(255)	YES	NULL	MUL	utf8mb3
field_revision_field_sirius_letter_content_type	1	entity_type	varchar	varchar(128)	NO	''	PRI	utf8mb3
field_revision_field_sirius_letter_content_type	2	bundle	varchar	varchar(128)	NO	''	MUL	utf8mb3
field_revision_field_sirius_letter_content_type	3	deleted	tinyint	tinyint(4)	NO	0	PRI	
field_revision_field_sirius_letter_content_type	4	entity_id	int	int(10) unsigned	NO	~NULL~	PRI	
field_revision_field_sirius_letter_content_type	5	revision_id	int	int(10) unsigned	NO	~NULL~	PRI	
field_revision_field_sirius_letter_content_type	6	language	varchar	varchar(32)	NO	''	PRI	utf8mb3
field_revision_field_sirius_letter_content_type	7	delta	int	int(10) unsigned	NO	~NULL~	PRI	
field_revision_field_sirius_letter_content_type	8	field_sirius_letter_content_type_value	varchar	varchar(255)	YES	NULL	MUL	utf8mb3
field_revision_field_sirius_log	1	entity_type	varchar	varchar(128)	NO	''	PRI	utf8mb3
field_revision_field_sirius_log	2	bundle	varchar	varchar(128)	NO	''	MUL	utf8mb3
field_revision_field_sirius_log	3	deleted	tinyint	tinyint(4)	NO	0	PRI	
field_revision_field_sirius_log	4	entity_id	int	int(10) unsigned	NO	~NULL~	PRI	
field_revision_field_sirius_log	5	revision_id	int	int(10) unsigned	NO	~NULL~	PRI	
field_revision_field_sirius_log	6	language	varchar	varchar(32)	NO	''	PRI	utf8mb3
field_revision_field_sirius_log	7	delta	int	int(10) unsigned	NO	~NULL~	PRI	
field_revision_field_sirius_log	8	field_sirius_log_value	longtext	longtext	YES	NULL		utf8mb3
field_revision_field_sirius_log	9	field_sirius_log_format	varchar	varchar(255)	YES	NULL	MUL	utf8mb3
field_revision_field_sirius_log_handler	1	entity_type	varchar	varchar(128)	NO	''	PRI	utf8mb3
field_revision_field_sirius_log_handler	2	bundle	varchar	varchar(128)	NO	''	MUL	utf8mb3
field_revision_field_sirius_log_handler	3	deleted	tinyint	tinyint(4)	NO	0	PRI	
field_revision_field_sirius_log_handler	4	entity_id	int	int(10) unsigned	NO	~NULL~	PRI	
field_revision_field_sirius_log_handler	5	revision_id	int	int(10) unsigned	NO	~NULL~	PRI	
field_revision_field_sirius_log_handler	6	language	varchar	varchar(32)	NO	''	PRI	utf8mb3
field_revision_field_sirius_log_handler	7	delta	int	int(10) unsigned	NO	~NULL~	PRI	
field_revision_field_sirius_log_handler	8	field_sirius_log_handler_target_id	int	int(10) unsigned	NO	~NULL~	MUL	
field_revision_field_sirius_member_active	1	entity_type	varchar	varchar(128)	NO	''	PRI	utf8mb3
field_revision_field_sirius_member_active	2	bundle	varchar	varchar(128)	NO	''	MUL	utf8mb3
field_revision_field_sirius_member_active	3	deleted	tinyint	tinyint(4)	NO	0	PRI	
field_revision_field_sirius_member_active	4	entity_id	int	int(10) unsigned	NO	~NULL~	PRI	
field_revision_field_sirius_member_active	5	revision_id	int	int(10) unsigned	NO	~NULL~	PRI	
field_revision_field_sirius_member_active	6	language	varchar	varchar(32)	NO	''	PRI	utf8mb3
field_revision_field_sirius_member_active	7	delta	int	int(10) unsigned	NO	~NULL~	PRI	
field_revision_field_sirius_member_active	8	field_sirius_member_active_value	varchar	varchar(255)	YES	NULL	MUL	utf8mb3
field_revision_field_sirius_member_status	1	entity_type	varchar	varchar(128)	NO	''	PRI	utf8mb3
field_revision_field_sirius_member_status	2	bundle	varchar	varchar(128)	NO	''	MUL	utf8mb3
field_revision_field_sirius_member_status	3	deleted	tinyint	tinyint(4)	NO	0	PRI	
field_revision_field_sirius_member_status	4	entity_id	int	int(10) unsigned	NO	~NULL~	PRI	
field_revision_field_sirius_member_status	5	revision_id	int	int(10) unsigned	NO	~NULL~	PRI	
field_revision_field_sirius_member_status	6	language	varchar	varchar(32)	NO	''	PRI	utf8mb3
field_revision_field_sirius_member_status	7	delta	int	int(10) unsigned	NO	~NULL~	PRI	
field_revision_field_sirius_member_status	8	field_sirius_member_status_tid	int	int(10) unsigned	YES	NULL	MUL	
field_revision_field_sirius_merchant_name	1	entity_type	varchar	varchar(128)	NO	''	PRI	utf8mb3
field_revision_field_sirius_merchant_name	2	bundle	varchar	varchar(128)	NO	''	MUL	utf8mb3
field_revision_field_sirius_merchant_name	3	deleted	tinyint	tinyint(4)	NO	0	PRI	
field_revision_field_sirius_merchant_name	4	entity_id	int	int(10) unsigned	NO	~NULL~	PRI	
field_revision_field_sirius_merchant_name	5	revision_id	int	int(10) unsigned	NO	~NULL~	PRI	
field_revision_field_sirius_merchant_name	6	language	varchar	varchar(32)	NO	''	PRI	utf8mb3
field_revision_field_sirius_merchant_name	7	delta	int	int(10) unsigned	NO	~NULL~	PRI	
field_revision_field_sirius_merchant_name	8	field_sirius_merchant_name_value	varchar	varchar(255)	YES	NULL		utf8mb3
field_revision_field_sirius_merchant_name	9	field_sirius_merchant_name_format	varchar	varchar(255)	YES	NULL	MUL	utf8mb3
field_revision_field_sirius_message	1	entity_type	varchar	varchar(128)	NO	''	PRI	utf8mb3
field_revision_field_sirius_message	2	bundle	varchar	varchar(128)	NO	''	MUL	utf8mb3
field_revision_field_sirius_message	3	deleted	tinyint	tinyint(4)	NO	0	PRI	
field_revision_field_sirius_message	4	entity_id	int	int(10) unsigned	NO	~NULL~	PRI	
field_revision_field_sirius_message	5	revision_id	int	int(10) unsigned	NO	~NULL~	PRI	
field_revision_field_sirius_message	6	language	varchar	varchar(32)	NO	''	PRI	utf8mb3
field_revision_field_sirius_message	7	delta	int	int(10) unsigned	NO	~NULL~	PRI	
field_revision_field_sirius_message	8	field_sirius_message_value	varchar	varchar(255)	YES	NULL		utf8mb3
field_revision_field_sirius_message	9	field_sirius_message_format	varchar	varchar(255)	YES	NULL	MUL	utf8mb3
field_revision_field_sirius_mustlog	1	entity_type	varchar	varchar(128)	NO	''	PRI	utf8mb3
field_revision_field_sirius_mustlog	2	bundle	varchar	varchar(128)	NO	''	MUL	utf8mb3
field_revision_field_sirius_mustlog	3	deleted	tinyint	tinyint(4)	NO	0	PRI	
field_revision_field_sirius_mustlog	4	entity_id	int	int(10) unsigned	NO	~NULL~	PRI	
field_revision_field_sirius_mustlog	5	revision_id	int	int(10) unsigned	NO	~NULL~	PRI	
field_revision_field_sirius_mustlog	6	language	varchar	varchar(32)	NO	''	PRI	utf8mb3
field_revision_field_sirius_mustlog	7	delta	int	int(10) unsigned	NO	~NULL~	PRI	
field_revision_field_sirius_mustlog	8	field_sirius_mustlog_value	varchar	varchar(255)	YES	NULL	MUL	utf8mb3
field_revision_field_sirius_name	1	entity_type	varchar	varchar(128)	NO	''	PRI	utf8mb3
field_revision_field_sirius_name	2	bundle	varchar	varchar(128)	NO	''	MUL	utf8mb3
field_revision_field_sirius_name	3	deleted	tinyint	tinyint(4)	NO	0	PRI	
field_revision_field_sirius_name	4	entity_id	int	int(10) unsigned	NO	~NULL~	PRI	
field_revision_field_sirius_name	5	revision_id	int	int(10) unsigned	NO	~NULL~	PRI	
field_revision_field_sirius_name	6	language	varchar	varchar(32)	NO	''	PRI	utf8mb3
field_revision_field_sirius_name	7	delta	int	int(10) unsigned	NO	~NULL~	PRI	
field_revision_field_sirius_name	8	field_sirius_name_title	varchar	varchar(255)	YES	NULL		utf8mb3
field_revision_field_sirius_name	9	field_sirius_name_given	varchar	varchar(255)	YES	NULL	MUL	utf8mb3
field_revision_field_sirius_name	10	field_sirius_name_middle	varchar	varchar(255)	YES	NULL		utf8mb3
field_revision_field_sirius_name	11	field_sirius_name_family	varchar	varchar(255)	YES	NULL	MUL	utf8mb3
field_revision_field_sirius_name	12	field_sirius_name_generational	varchar	varchar(255)	YES	NULL		utf8mb3
field_revision_field_sirius_name	13	field_sirius_name_credentials	varchar	varchar(255)	YES	NULL		utf8mb3
field_revision_field_sirius_name_alt	1	entity_type	varchar	varchar(128)	NO	''	PRI	utf8mb3
field_revision_field_sirius_name_alt	2	bundle	varchar	varchar(128)	NO	''	MUL	utf8mb3
field_revision_field_sirius_name_alt	3	deleted	tinyint	tinyint(4)	NO	0	PRI	
field_revision_field_sirius_name_alt	4	entity_id	int	int(10) unsigned	NO	~NULL~	PRI	
field_revision_field_sirius_name_alt	5	revision_id	int	int(10) unsigned	NO	~NULL~	PRI	
field_revision_field_sirius_name_alt	6	language	varchar	varchar(32)	NO	''	PRI	utf8mb3
field_revision_field_sirius_name_alt	7	delta	int	int(10) unsigned	NO	~NULL~	PRI	
field_revision_field_sirius_name_alt	8	field_sirius_name_alt_value	varchar	varchar(255)	YES	NULL		utf8mb3
field_revision_field_sirius_name_alt	9	field_sirius_name_alt_format	varchar	varchar(255)	YES	NULL	MUL	utf8mb3
field_revision_field_sirius_name_display	1	entity_type	varchar	varchar(128)	NO	''	PRI	utf8mb3
field_revision_field_sirius_name_display	2	bundle	varchar	varchar(128)	NO	''	MUL	utf8mb3
field_revision_field_sirius_name_display	3	deleted	tinyint	tinyint(4)	NO	0	PRI	
field_revision_field_sirius_name_display	4	entity_id	int	int(10) unsigned	NO	~NULL~	PRI	
field_revision_field_sirius_name_display	5	revision_id	int	int(10) unsigned	NO	~NULL~	PRI	
field_revision_field_sirius_name_display	6	language	varchar	varchar(32)	NO	''	PRI	utf8mb3
field_revision_field_sirius_name_display	7	delta	int	int(10) unsigned	NO	~NULL~	PRI	
field_revision_field_sirius_name_display	8	field_sirius_name_display_value	varchar	varchar(255)	YES	NULL		utf8mb3
field_revision_field_sirius_name_display	9	field_sirius_name_display_format	varchar	varchar(255)	YES	NULL	MUL	utf8mb3
field_revision_field_sirius_name_short	1	entity_type	varchar	varchar(128)	NO	''	PRI	utf8mb3
field_revision_field_sirius_name_short	2	bundle	varchar	varchar(128)	NO	''	MUL	utf8mb3
field_revision_field_sirius_name_short	3	deleted	tinyint	tinyint(4)	NO	0	PRI	
field_revision_field_sirius_name_short	4	entity_id	int	int(10) unsigned	NO	~NULL~	PRI	
field_revision_field_sirius_name_short	5	revision_id	int	int(10) unsigned	NO	~NULL~	PRI	
field_revision_field_sirius_name_short	6	language	varchar	varchar(32)	NO	''	PRI	utf8mb3
field_revision_field_sirius_name_short	7	delta	int	int(10) unsigned	NO	~NULL~	PRI	
field_revision_field_sirius_name_short	8	field_sirius_name_short_value	varchar	varchar(255)	YES	NULL		utf8mb3
field_revision_field_sirius_name_short	9	field_sirius_name_short_format	varchar	varchar(255)	YES	NULL	MUL	utf8mb3
field_revision_field_sirius_name_tts	1	entity_type	varchar	varchar(128)	NO	''	PRI	utf8mb3
field_revision_field_sirius_name_tts	2	bundle	varchar	varchar(128)	NO	''	MUL	utf8mb3
field_revision_field_sirius_name_tts	3	deleted	tinyint	tinyint(4)	NO	0	PRI	
field_revision_field_sirius_name_tts	4	entity_id	int	int(10) unsigned	NO	~NULL~	PRI	
field_revision_field_sirius_name_tts	5	revision_id	int	int(10) unsigned	NO	~NULL~	PRI	
field_revision_field_sirius_name_tts	6	language	varchar	varchar(32)	NO	''	PRI	utf8mb3
field_revision_field_sirius_name_tts	7	delta	int	int(10) unsigned	NO	~NULL~	PRI	
field_revision_field_sirius_name_tts	8	field_sirius_name_tts_value	varchar	varchar(255)	YES	NULL		utf8mb3
field_revision_field_sirius_name_tts	9	field_sirius_name_tts_format	varchar	varchar(255)	YES	NULL	MUL	utf8mb3
field_revision_field_sirius_nota	1	entity_type	varchar	varchar(128)	NO	''	PRI	utf8mb3
field_revision_field_sirius_nota	2	bundle	varchar	varchar(128)	NO	''	MUL	utf8mb3
field_revision_field_sirius_nota	3	deleted	tinyint	tinyint(4)	NO	0	PRI	
field_revision_field_sirius_nota	4	entity_id	int	int(10) unsigned	NO	~NULL~	PRI	
field_revision_field_sirius_nota	5	revision_id	int	int(10) unsigned	NO	~NULL~	PRI	
field_revision_field_sirius_nota	6	language	varchar	varchar(32)	NO	''	PRI	utf8mb3
field_revision_field_sirius_nota	7	delta	int	int(10) unsigned	NO	~NULL~	PRI	
field_revision_field_sirius_nota	8	field_sirius_nota_value	varchar	varchar(255)	YES	NULL	MUL	utf8mb3
field_revision_field_sirius_notes	1	entity_type	varchar	varchar(128)	NO	''	PRI	utf8mb3
field_revision_field_sirius_notes	2	bundle	varchar	varchar(128)	NO	''	MUL	utf8mb3
field_revision_field_sirius_notes	3	deleted	tinyint	tinyint(4)	NO	0	PRI	
field_revision_field_sirius_notes	4	entity_id	int	int(10) unsigned	NO	~NULL~	PRI	
field_revision_field_sirius_notes	5	revision_id	int	int(10) unsigned	NO	~NULL~	PRI	
field_revision_field_sirius_notes	6	language	varchar	varchar(32)	NO	''	PRI	utf8mb3
field_revision_field_sirius_notes	7	delta	int	int(10) unsigned	NO	~NULL~	PRI	
field_revision_field_sirius_notes	8	field_sirius_notes_value	longtext	longtext	YES	NULL		utf8mb3
field_revision_field_sirius_notes	9	field_sirius_notes_format	varchar	varchar(255)	YES	NULL	MUL	utf8mb3
field_revision_field_sirius_notify	1	entity_type	varchar	varchar(128)	NO	''	PRI	utf8mb3
field_revision_field_sirius_notify	2	bundle	varchar	varchar(128)	NO	''	MUL	utf8mb3
field_revision_field_sirius_notify	3	deleted	tinyint	tinyint(4)	NO	0	PRI	
field_revision_field_sirius_notify	4	entity_id	int	int(10) unsigned	NO	~NULL~	PRI	
field_revision_field_sirius_notify	5	revision_id	int	int(10) unsigned	NO	~NULL~	PRI	
field_revision_field_sirius_notify	6	language	varchar	varchar(32)	NO	''	PRI	utf8mb3
field_revision_field_sirius_notify	7	delta	int	int(10) unsigned	NO	~NULL~	PRI	
field_revision_field_sirius_notify	8	field_sirius_notify_value	varchar	varchar(255)	YES	NULL	MUL	utf8mb3
field_revision_field_sirius_page	1	entity_type	varchar	varchar(128)	NO	''	PRI	utf8mb3
field_revision_field_sirius_page	2	bundle	varchar	varchar(128)	NO	''	MUL	utf8mb3
field_revision_field_sirius_page	3	deleted	tinyint	tinyint(4)	NO	0	PRI	
field_revision_field_sirius_page	4	entity_id	int	int(10) unsigned	NO	~NULL~	PRI	
field_revision_field_sirius_page	5	revision_id	int	int(10) unsigned	NO	~NULL~	PRI	
field_revision_field_sirius_page	6	language	varchar	varchar(32)	NO	''	PRI	utf8mb3
field_revision_field_sirius_page	7	delta	int	int(10) unsigned	NO	~NULL~	PRI	
field_revision_field_sirius_page	8	field_sirius_page_value	varchar	varchar(8)	YES	NULL		utf8mb3
field_revision_field_sirius_page	9	field_sirius_page_format	varchar	varchar(255)	YES	NULL	MUL	utf8mb3
field_revision_field_sirius_paths	1	entity_type	varchar	varchar(128)	NO	''	PRI	utf8mb3
field_revision_field_sirius_paths	2	bundle	varchar	varchar(128)	NO	''	MUL	utf8mb3
field_revision_field_sirius_paths	3	deleted	tinyint	tinyint(4)	NO	0	PRI	
field_revision_field_sirius_paths	4	entity_id	int	int(10) unsigned	NO	~NULL~	PRI	
field_revision_field_sirius_paths	5	revision_id	int	int(10) unsigned	NO	~NULL~	PRI	
field_revision_field_sirius_paths	6	language	varchar	varchar(32)	NO	''	PRI	utf8mb3
field_revision_field_sirius_paths	7	delta	int	int(10) unsigned	NO	~NULL~	PRI	
field_revision_field_sirius_paths	8	field_sirius_paths_value	varchar	varchar(255)	YES	NULL		utf8mb3
field_revision_field_sirius_paths	9	field_sirius_paths_format	varchar	varchar(255)	YES	NULL	MUL	utf8mb3
field_revision_field_sirius_payer	1	entity_type	varchar	varchar(128)	NO	''	PRI	utf8mb3
field_revision_field_sirius_payer	2	bundle	varchar	varchar(128)	NO	''	MUL	utf8mb3
field_revision_field_sirius_payer	3	deleted	tinyint	tinyint(4)	NO	0	PRI	
field_revision_field_sirius_payer	4	entity_id	int	int(10) unsigned	NO	~NULL~	PRI	
field_revision_field_sirius_payer	5	revision_id	int	int(10) unsigned	NO	~NULL~	PRI	
field_revision_field_sirius_payer	6	language	varchar	varchar(32)	NO	''	PRI	utf8mb3
field_revision_field_sirius_payer	7	delta	int	int(10) unsigned	NO	~NULL~	PRI	
field_revision_field_sirius_payer	8	field_sirius_payer_target_id	int	int(10) unsigned	NO	~NULL~	MUL	
field_revision_field_sirius_payment_status	1	entity_type	varchar	varchar(128)	NO	''	PRI	utf8mb3
field_revision_field_sirius_payment_status	2	bundle	varchar	varchar(128)	NO	''	MUL	utf8mb3
field_revision_field_sirius_payment_status	3	deleted	tinyint	tinyint(4)	NO	0	PRI	
field_revision_field_sirius_payment_status	4	entity_id	int	int(10) unsigned	NO	~NULL~	PRI	
field_revision_field_sirius_payment_status	5	revision_id	int	int(10) unsigned	NO	~NULL~	PRI	
field_revision_field_sirius_payment_status	6	language	varchar	varchar(32)	NO	''	PRI	utf8mb3
field_revision_field_sirius_payment_status	7	delta	int	int(10) unsigned	NO	~NULL~	PRI	
field_revision_field_sirius_payment_status	8	field_sirius_payment_status_value	varchar	varchar(255)	YES	NULL	MUL	utf8mb3
field_revision_field_sirius_payment_type	1	entity_type	varchar	varchar(128)	NO	''	PRI	utf8mb3
field_revision_field_sirius_payment_type	2	bundle	varchar	varchar(128)	NO	''	MUL	utf8mb3
field_revision_field_sirius_payment_type	3	deleted	tinyint	tinyint(4)	NO	0	PRI	
field_revision_field_sirius_payment_type	4	entity_id	int	int(10) unsigned	NO	~NULL~	PRI	
field_revision_field_sirius_payment_type	5	revision_id	int	int(10) unsigned	NO	~NULL~	PRI	
field_revision_field_sirius_payment_type	6	language	varchar	varchar(32)	NO	''	PRI	utf8mb3
field_revision_field_sirius_payment_type	7	delta	int	int(10) unsigned	NO	~NULL~	PRI	
field_revision_field_sirius_payment_type	8	field_sirius_payment_type_tid	int	int(10) unsigned	YES	NULL	MUL	
field_revision_field_sirius_payperiod_type	1	entity_type	varchar	varchar(128)	NO	''	PRI	utf8mb3
field_revision_field_sirius_payperiod_type	2	bundle	varchar	varchar(128)	NO	''	MUL	utf8mb3
field_revision_field_sirius_payperiod_type	3	deleted	tinyint	tinyint(4)	NO	0	PRI	
field_revision_field_sirius_payperiod_type	4	entity_id	int	int(10) unsigned	NO	~NULL~	PRI	
field_revision_field_sirius_payperiod_type	5	revision_id	int	int(10) unsigned	NO	~NULL~	PRI	
field_revision_field_sirius_payperiod_type	6	language	varchar	varchar(32)	NO	''	PRI	utf8mb3
field_revision_field_sirius_payperiod_type	7	delta	int	int(10) unsigned	NO	~NULL~	PRI	
field_revision_field_sirius_payperiod_type	8	field_sirius_payperiod_type_value	varchar	varchar(255)	YES	NULL	MUL	utf8mb3
field_revision_field_sirius_payrate	1	entity_type	varchar	varchar(128)	NO	''	PRI	utf8mb3
field_revision_field_sirius_payrate	2	bundle	varchar	varchar(128)	NO	''	MUL	utf8mb3
field_revision_field_sirius_payrate	3	deleted	tinyint	tinyint(4)	NO	0	PRI	
field_revision_field_sirius_payrate	4	entity_id	int	int(10) unsigned	NO	~NULL~	PRI	
field_revision_field_sirius_payrate	5	revision_id	int	int(10) unsigned	NO	~NULL~	PRI	
field_revision_field_sirius_payrate	6	language	varchar	varchar(32)	NO	''	PRI	utf8mb3
field_revision_field_sirius_payrate	7	delta	int	int(10) unsigned	NO	~NULL~	PRI	
field_revision_field_sirius_payrate	8	field_sirius_payrate_value	decimal	decimal(10,2)	YES	NULL		
field_revision_field_sirius_payrate_skilled	1	entity_type	varchar	varchar(128)	NO	''	PRI	utf8mb3
field_revision_field_sirius_payrate_skilled	2	bundle	varchar	varchar(128)	NO	''	MUL	utf8mb3
field_revision_field_sirius_payrate_skilled	3	deleted	tinyint	tinyint(4)	NO	0	PRI	
field_revision_field_sirius_payrate_skilled	4	entity_id	int	int(10) unsigned	NO	~NULL~	PRI	
field_revision_field_sirius_payrate_skilled	5	revision_id	int	int(10) unsigned	NO	~NULL~	PRI	
field_revision_field_sirius_payrate_skilled	6	language	varchar	varchar(32)	NO	''	PRI	utf8mb3
field_revision_field_sirius_payrate_skilled	7	delta	int	int(10) unsigned	NO	~NULL~	PRI	
field_revision_field_sirius_payrate_skilled	8	field_sirius_payrate_skilled_value	decimal	decimal(10,2)	YES	NULL		
field_revision_field_sirius_phone	1	entity_type	varchar	varchar(128)	NO	''	PRI	utf8mb3
field_revision_field_sirius_phone	2	bundle	varchar	varchar(128)	NO	''	MUL	utf8mb3
field_revision_field_sirius_phone	3	deleted	tinyint	tinyint(4)	NO	0	PRI	
field_revision_field_sirius_phone	4	entity_id	int	int(10) unsigned	NO	~NULL~	PRI	
field_revision_field_sirius_phone	5	revision_id	int	int(10) unsigned	NO	~NULL~	PRI	
field_revision_field_sirius_phone	6	language	varchar	varchar(32)	NO	''	PRI	utf8mb3
field_revision_field_sirius_phone	7	delta	int	int(10) unsigned	NO	~NULL~	PRI	
field_revision_field_sirius_phone	8	field_sirius_phone_value	varchar	varchar(255)	YES	NULL		utf8mb3
field_revision_field_sirius_phone	9	field_sirius_phone_format	varchar	varchar(255)	YES	NULL	MUL	utf8mb3
field_revision_field_sirius_phone_alt	1	entity_type	varchar	varchar(128)	NO	''	PRI	utf8mb3
field_revision_field_sirius_phone_alt	2	bundle	varchar	varchar(128)	NO	''	MUL	utf8mb3
field_revision_field_sirius_phone_alt	3	deleted	tinyint	tinyint(4)	NO	0	PRI	
field_revision_field_sirius_phone_alt	4	entity_id	int	int(10) unsigned	NO	~NULL~	PRI	
field_revision_field_sirius_phone_alt	5	revision_id	int	int(10) unsigned	NO	~NULL~	PRI	
field_revision_field_sirius_phone_alt	6	language	varchar	varchar(32)	NO	''	PRI	utf8mb3
field_revision_field_sirius_phone_alt	7	delta	int	int(10) unsigned	NO	~NULL~	PRI	
field_revision_field_sirius_phone_alt	8	field_sirius_phone_alt_value	varchar	varchar(255)	YES	NULL		utf8mb3
field_revision_field_sirius_phone_alt	9	field_sirius_phone_alt_format	varchar	varchar(255)	YES	NULL	MUL	utf8mb3
field_revision_field_sirius_phone_fax	1	entity_type	varchar	varchar(128)	NO	''	PRI	utf8mb3
field_revision_field_sirius_phone_fax	2	bundle	varchar	varchar(128)	NO	''	MUL	utf8mb3
field_revision_field_sirius_phone_fax	3	deleted	tinyint	tinyint(4)	NO	0	PRI	
field_revision_field_sirius_phone_fax	4	entity_id	int	int(10) unsigned	NO	~NULL~	PRI	
field_revision_field_sirius_phone_fax	5	revision_id	int	int(10) unsigned	NO	~NULL~	PRI	
field_revision_field_sirius_phone_fax	6	language	varchar	varchar(32)	NO	''	PRI	utf8mb3
field_revision_field_sirius_phone_fax	7	delta	int	int(10) unsigned	NO	~NULL~	PRI	
field_revision_field_sirius_phone_fax	8	field_sirius_phone_fax_value	varchar	varchar(255)	YES	NULL		utf8mb3
field_revision_field_sirius_phone_fax	9	field_sirius_phone_fax_format	varchar	varchar(255)	YES	NULL	MUL	utf8mb3
field_revision_field_sirius_phone_mobile	1	entity_type	varchar	varchar(128)	NO	''	PRI	utf8mb3
field_revision_field_sirius_phone_mobile	2	bundle	varchar	varchar(128)	NO	''	MUL	utf8mb3
field_revision_field_sirius_phone_mobile	3	deleted	tinyint	tinyint(4)	NO	0	PRI	
field_revision_field_sirius_phone_mobile	4	entity_id	int	int(10) unsigned	NO	~NULL~	PRI	
field_revision_field_sirius_phone_mobile	5	revision_id	int	int(10) unsigned	NO	~NULL~	PRI	
field_revision_field_sirius_phone_mobile	6	language	varchar	varchar(32)	NO	''	PRI	utf8mb3
field_revision_field_sirius_phone_mobile	7	delta	int	int(10) unsigned	NO	~NULL~	PRI	
field_revision_field_sirius_phone_mobile	8	field_sirius_phone_mobile_value	varchar	varchar(255)	YES	NULL		utf8mb3
field_revision_field_sirius_phone_mobile	9	field_sirius_phone_mobile_format	varchar	varchar(255)	YES	NULL	MUL	utf8mb3
field_revision_field_sirius_provider_npi	1	entity_type	varchar	varchar(128)	NO	''	PRI	utf8mb3
field_revision_field_sirius_provider_npi	2	bundle	varchar	varchar(128)	NO	''	MUL	utf8mb3
field_revision_field_sirius_provider_npi	3	deleted	tinyint	tinyint(4)	NO	0	PRI	
field_revision_field_sirius_provider_npi	4	entity_id	int	int(10) unsigned	NO	~NULL~	PRI	
field_revision_field_sirius_provider_npi	5	revision_id	int	int(10) unsigned	NO	~NULL~	PRI	
field_revision_field_sirius_provider_npi	6	language	varchar	varchar(32)	NO	''	PRI	utf8mb3
field_revision_field_sirius_provider_npi	7	delta	int	int(10) unsigned	NO	~NULL~	PRI	
field_revision_field_sirius_provider_npi	8	field_sirius_provider_npi_value	varchar	varchar(20)	YES	NULL		utf8mb3
field_revision_field_sirius_provider_npi	9	field_sirius_provider_npi_format	varchar	varchar(255)	YES	NULL	MUL	utf8mb3
field_revision_field_sirius_public	1	entity_type	varchar	varchar(128)	NO	''	PRI	utf8mb3
field_revision_field_sirius_public	2	bundle	varchar	varchar(128)	NO	''	MUL	utf8mb3
field_revision_field_sirius_public	3	deleted	tinyint	tinyint(4)	NO	0	PRI	
field_revision_field_sirius_public	4	entity_id	int	int(10) unsigned	NO	~NULL~	PRI	
field_revision_field_sirius_public	5	revision_id	int	int(10) unsigned	NO	~NULL~	PRI	
field_revision_field_sirius_public	6	language	varchar	varchar(32)	NO	''	PRI	utf8mb3
field_revision_field_sirius_public	7	delta	int	int(10) unsigned	NO	~NULL~	PRI	
field_revision_field_sirius_public	8	field_sirius_public_value	varchar	varchar(255)	YES	NULL	MUL	utf8mb3
field_revision_field_sirius_rawhtml	1	entity_type	varchar	varchar(128)	NO	''	PRI	utf8mb3
field_revision_field_sirius_rawhtml	2	bundle	varchar	varchar(128)	NO	''	MUL	utf8mb3
field_revision_field_sirius_rawhtml	3	deleted	tinyint	tinyint(4)	NO	0	PRI	
field_revision_field_sirius_rawhtml	4	entity_id	int	int(10) unsigned	NO	~NULL~	PRI	
field_revision_field_sirius_rawhtml	5	revision_id	int	int(10) unsigned	NO	~NULL~	PRI	
field_revision_field_sirius_rawhtml	6	language	varchar	varchar(32)	NO	''	PRI	utf8mb3
field_revision_field_sirius_rawhtml	7	delta	int	int(10) unsigned	NO	~NULL~	PRI	
field_revision_field_sirius_rawhtml	8	field_sirius_rawhtml_value	longtext	longtext	YES	NULL		utf8mb3
field_revision_field_sirius_rawhtml	9	field_sirius_rawhtml_format	varchar	varchar(255)	YES	NULL	MUL	utf8mb3
field_revision_field_sirius_representatives	1	entity_type	varchar	varchar(128)	NO	''	PRI	utf8mb3
field_revision_field_sirius_representatives	2	bundle	varchar	varchar(128)	NO	''	MUL	utf8mb3
field_revision_field_sirius_representatives	3	deleted	tinyint	tinyint(4)	NO	0	PRI	
field_revision_field_sirius_representatives	4	entity_id	int	int(10) unsigned	NO	~NULL~	PRI	
field_revision_field_sirius_representatives	5	revision_id	int	int(10) unsigned	NO	~NULL~	PRI	
field_revision_field_sirius_representatives	6	language	varchar	varchar(32)	NO	''	PRI	utf8mb3
field_revision_field_sirius_representatives	7	delta	int	int(10) unsigned	NO	~NULL~	PRI	
field_revision_field_sirius_representatives	8	field_sirius_representatives_target_id	int	int(10) unsigned	NO	~NULL~	MUL	
field_revision_field_sirius_roles	1	entity_type	varchar	varchar(128)	NO	''	PRI	utf8mb3
field_revision_field_sirius_roles	2	bundle	varchar	varchar(128)	NO	''	MUL	utf8mb3
field_revision_field_sirius_roles	3	deleted	tinyint	tinyint(4)	NO	0	PRI	
field_revision_field_sirius_roles	4	entity_id	int	int(10) unsigned	NO	~NULL~	PRI	
field_revision_field_sirius_roles	5	revision_id	int	int(10) unsigned	NO	~NULL~	PRI	
field_revision_field_sirius_roles	6	language	varchar	varchar(32)	NO	''	PRI	utf8mb3
field_revision_field_sirius_roles	7	delta	int	int(10) unsigned	NO	~NULL~	PRI	
field_revision_field_sirius_roles	8	field_sirius_roles_value	int	int(11)	NO	~NULL~		
field_revision_field_sirius_signature	1	entity_type	varchar	varchar(128)	NO	''	PRI	utf8mb3
field_revision_field_sirius_signature	2	bundle	varchar	varchar(128)	NO	''	MUL	utf8mb3
field_revision_field_sirius_signature	3	deleted	tinyint	tinyint(4)	NO	0	PRI	
field_revision_field_sirius_signature	4	entity_id	int	int(10) unsigned	NO	~NULL~	PRI	
field_revision_field_sirius_signature	5	revision_id	int	int(10) unsigned	NO	~NULL~	PRI	
field_revision_field_sirius_signature	6	language	varchar	varchar(32)	NO	''	PRI	utf8mb3
field_revision_field_sirius_signature	7	delta	int	int(10) unsigned	NO	~NULL~	PRI	
field_revision_field_sirius_signature	8	field_sirius_signature_fid	int	int(10) unsigned	YES	NULL	MUL	
field_revision_field_sirius_signature	9	field_sirius_signature_alt	varchar	varchar(512)	YES	NULL		utf8mb3
field_revision_field_sirius_signature	10	field_sirius_signature_title	varchar	varchar(1024)	YES	NULL		utf8mb3
field_revision_field_sirius_signature	11	field_sirius_signature_width	int	int(10) unsigned	YES	NULL		
field_revision_field_sirius_signature	12	field_sirius_signature_height	int	int(10) unsigned	YES	NULL		
field_revision_field_sirius_skill	1	entity_type	varchar	varchar(128)	NO	''	PRI	utf8mb3
field_revision_field_sirius_skill	2	bundle	varchar	varchar(128)	NO	''	MUL	utf8mb3
field_revision_field_sirius_skill	3	deleted	tinyint	tinyint(4)	NO	0	PRI	
field_revision_field_sirius_skill	4	entity_id	int	int(10) unsigned	NO	~NULL~	PRI	
field_revision_field_sirius_skill	5	revision_id	int	int(10) unsigned	NO	~NULL~	PRI	
field_revision_field_sirius_skill	6	language	varchar	varchar(32)	NO	''	PRI	utf8mb3
field_revision_field_sirius_skill	7	delta	int	int(10) unsigned	NO	~NULL~	PRI	
field_revision_field_sirius_skill	8	field_sirius_skill_tid	int	int(10) unsigned	YES	NULL	MUL	
field_revision_field_sirius_skills_avail	1	entity_type	varchar	varchar(128)	NO	''	PRI	utf8mb3
field_revision_field_sirius_skills_avail	2	bundle	varchar	varchar(128)	NO	''	MUL	utf8mb3
field_revision_field_sirius_skills_avail	3	deleted	tinyint	tinyint(4)	NO	0	PRI	
field_revision_field_sirius_skills_avail	4	entity_id	int	int(10) unsigned	NO	~NULL~	PRI	
field_revision_field_sirius_skills_avail	5	revision_id	int	int(10) unsigned	NO	~NULL~	PRI	
field_revision_field_sirius_skills_avail	6	language	varchar	varchar(32)	NO	''	PRI	utf8mb3
field_revision_field_sirius_skills_avail	7	delta	int	int(10) unsigned	NO	~NULL~	PRI	
field_revision_field_sirius_skills_avail	8	field_sirius_skills_avail_tid	int	int(10) unsigned	YES	NULL	MUL	
field_revision_field_sirius_skills_availx	1	entity_type	varchar	varchar(128)	NO	''	PRI	utf8mb3
field_revision_field_sirius_skills_availx	2	bundle	varchar	varchar(128)	NO	''	MUL	utf8mb3
field_revision_field_sirius_skills_availx	3	deleted	tinyint	tinyint(4)	NO	0	PRI	
field_revision_field_sirius_skills_availx	4	entity_id	int	int(10) unsigned	NO	~NULL~	PRI	
field_revision_field_sirius_skills_availx	5	revision_id	int	int(10) unsigned	NO	~NULL~	PRI	
field_revision_field_sirius_skills_availx	6	language	varchar	varchar(32)	NO	''	PRI	utf8mb3
field_revision_field_sirius_skills_availx	7	delta	int	int(10) unsigned	NO	~NULL~	PRI	
field_revision_field_sirius_skills_availx	8	field_sirius_skills_availx_value	varchar	varchar(255)	YES	NULL	MUL	utf8mb3
field_revision_field_sirius_skill_expire	1	entity_type	varchar	varchar(128)	NO	''	PRI	utf8mb3
field_revision_field_sirius_skill_expire	2	bundle	varchar	varchar(128)	NO	''	MUL	utf8mb3
field_revision_field_sirius_skill_expire	3	deleted	tinyint	tinyint(4)	NO	0	PRI	
field_revision_field_sirius_skill_expire	4	entity_id	int	int(10) unsigned	NO	~NULL~	PRI	
field_revision_field_sirius_skill_expire	5	revision_id	int	int(10) unsigned	NO	~NULL~	PRI	
field_revision_field_sirius_skill_expire	6	language	varchar	varchar(32)	NO	''	PRI	utf8mb3
field_revision_field_sirius_skill_expire	7	delta	int	int(10) unsigned	NO	~NULL~	PRI	
field_revision_field_sirius_skill_expire	8	field_sirius_skill_expire_value	datetime	datetime	YES	NULL	MUL	
field_revision_field_sirius_sms	1	entity_type	varchar	varchar(128)	NO	''	PRI	utf8mb3
field_revision_field_sirius_sms	2	bundle	varchar	varchar(128)	NO	''	MUL	utf8mb3
field_revision_field_sirius_sms	3	deleted	tinyint	tinyint(4)	NO	0	PRI	
field_revision_field_sirius_sms	4	entity_id	int	int(10) unsigned	NO	~NULL~	PRI	
field_revision_field_sirius_sms	5	revision_id	int	int(10) unsigned	NO	~NULL~	PRI	
field_revision_field_sirius_sms	6	language	varchar	varchar(32)	NO	''	PRI	utf8mb3
field_revision_field_sirius_sms	7	delta	int	int(10) unsigned	NO	~NULL~	PRI	
field_revision_field_sirius_sms	8	field_sirius_sms_value	longtext	longtext	YES	NULL		utf8mb3
field_revision_field_sirius_sms	9	field_sirius_sms_format	varchar	varchar(255)	YES	NULL	MUL	utf8mb3
field_revision_field_sirius_sms_possible	1	entity_type	varchar	varchar(128)	NO	''	PRI	utf8mb3
field_revision_field_sirius_sms_possible	2	bundle	varchar	varchar(128)	NO	''	MUL	utf8mb3
field_revision_field_sirius_sms_possible	3	deleted	tinyint	tinyint(4)	NO	0	PRI	
field_revision_field_sirius_sms_possible	4	entity_id	int	int(10) unsigned	NO	~NULL~	PRI	
field_revision_field_sirius_sms_possible	5	revision_id	int	int(10) unsigned	NO	~NULL~	PRI	
field_revision_field_sirius_sms_possible	6	language	varchar	varchar(32)	NO	''	PRI	utf8mb3
field_revision_field_sirius_sms_possible	7	delta	int	int(10) unsigned	NO	~NULL~	PRI	
field_revision_field_sirius_sms_possible	8	field_sirius_sms_possible_value	varchar	varchar(255)	YES	NULL	MUL	utf8mb3
field_revision_field_sirius_source	1	entity_type	varchar	varchar(128)	NO	''	PRI	utf8mb3
field_revision_field_sirius_source	2	bundle	varchar	varchar(128)	NO	''	MUL	utf8mb3
field_revision_field_sirius_source	3	deleted	tinyint	tinyint(4)	NO	0	PRI	
field_revision_field_sirius_source	4	entity_id	int	int(10) unsigned	NO	~NULL~	PRI	
field_revision_field_sirius_source	5	revision_id	int	int(10) unsigned	NO	~NULL~	PRI	
field_revision_field_sirius_source	6	language	varchar	varchar(32)	NO	''	PRI	utf8mb3
field_revision_field_sirius_source	7	delta	int	int(10) unsigned	NO	~NULL~	PRI	
field_revision_field_sirius_source	8	field_sirius_source_value	varchar	varchar(255)	YES	NULL		utf8mb3
field_revision_field_sirius_source	9	field_sirius_source_format	varchar	varchar(255)	YES	NULL	MUL	utf8mb3
field_revision_field_sirius_ssn	1	entity_type	varchar	varchar(128)	NO	''	PRI	utf8mb3
field_revision_field_sirius_ssn	2	bundle	varchar	varchar(128)	NO	''	MUL	utf8mb3
field_revision_field_sirius_ssn	3	deleted	tinyint	tinyint(4)	NO	0	PRI	
field_revision_field_sirius_ssn	4	entity_id	int	int(10) unsigned	NO	~NULL~	PRI	
field_revision_field_sirius_ssn	5	revision_id	int	int(10) unsigned	NO	~NULL~	PRI	
field_revision_field_sirius_ssn	6	language	varchar	varchar(32)	NO	''	PRI	utf8mb3
field_revision_field_sirius_ssn	7	delta	int	int(10) unsigned	NO	~NULL~	PRI	
field_revision_field_sirius_ssn	8	field_sirius_ssn_value	varchar	varchar(255)	YES	NULL		utf8mb3
field_revision_field_sirius_ssn	9	field_sirius_ssn_format	varchar	varchar(255)	YES	NULL	MUL	utf8mb3
field_revision_field_sirius_summary	1	entity_type	varchar	varchar(128)	NO	''	PRI	utf8mb3
field_revision_field_sirius_summary	2	bundle	varchar	varchar(128)	NO	''	MUL	utf8mb3
field_revision_field_sirius_summary	3	deleted	tinyint	tinyint(4)	NO	0	PRI	
field_revision_field_sirius_summary	4	entity_id	int	int(10) unsigned	NO	~NULL~	PRI	
field_revision_field_sirius_summary	5	revision_id	int	int(10) unsigned	NO	~NULL~	PRI	
field_revision_field_sirius_summary	6	language	varchar	varchar(32)	NO	''	PRI	utf8mb3
field_revision_field_sirius_summary	7	delta	int	int(10) unsigned	NO	~NULL~	PRI	
field_revision_field_sirius_summary	8	field_sirius_summary_value	longtext	longtext	YES	NULL		utf8mb3
field_revision_field_sirius_summary	9	field_sirius_summary_format	varchar	varchar(255)	YES	NULL	MUL	utf8mb3
field_revision_field_sirius_term_proxy	1	entity_type	varchar	varchar(128)	NO	''	PRI	utf8mb3
field_revision_field_sirius_term_proxy	2	bundle	varchar	varchar(128)	NO	''	MUL	utf8mb3
field_revision_field_sirius_term_proxy	3	deleted	tinyint	tinyint(4)	NO	0	PRI	
field_revision_field_sirius_term_proxy	4	entity_id	int	int(10) unsigned	NO	~NULL~	PRI	
field_revision_field_sirius_term_proxy	5	revision_id	int	int(10) unsigned	NO	~NULL~	PRI	
field_revision_field_sirius_term_proxy	6	language	varchar	varchar(32)	NO	''	PRI	utf8mb3
field_revision_field_sirius_term_proxy	7	delta	int	int(10) unsigned	NO	~NULL~	PRI	
field_revision_field_sirius_term_proxy	8	field_sirius_term_proxy_target_id	int	int(10) unsigned	NO	~NULL~	MUL	
field_revision_field_sirius_term_source	1	entity_type	varchar	varchar(128)	NO	''	PRI	utf8mb3
field_revision_field_sirius_term_source	2	bundle	varchar	varchar(128)	NO	''	MUL	utf8mb3
field_revision_field_sirius_term_source	3	deleted	tinyint	tinyint(4)	NO	0	PRI	
field_revision_field_sirius_term_source	4	entity_id	int	int(10) unsigned	NO	~NULL~	PRI	
field_revision_field_sirius_term_source	5	revision_id	int	int(10) unsigned	NO	~NULL~	PRI	
field_revision_field_sirius_term_source	6	language	varchar	varchar(32)	NO	''	PRI	utf8mb3
field_revision_field_sirius_term_source	7	delta	int	int(10) unsigned	NO	~NULL~	PRI	
field_revision_field_sirius_term_source	8	field_sirius_term_source_value	varchar	varchar(255)	YES	NULL		utf8mb3
field_revision_field_sirius_term_source	9	field_sirius_term_source_format	varchar	varchar(255)	YES	NULL	MUL	utf8mb3
field_revision_field_sirius_timelimit	1	entity_type	varchar	varchar(128)	NO	''	PRI	utf8mb3
field_revision_field_sirius_timelimit	2	bundle	varchar	varchar(128)	NO	''	MUL	utf8mb3
field_revision_field_sirius_timelimit	3	deleted	tinyint	tinyint(4)	NO	0	PRI	
field_revision_field_sirius_timelimit	4	entity_id	int	int(10) unsigned	NO	~NULL~	PRI	
field_revision_field_sirius_timelimit	5	revision_id	int	int(10) unsigned	NO	~NULL~	PRI	
field_revision_field_sirius_timelimit	6	language	varchar	varchar(32)	NO	''	PRI	utf8mb3
field_revision_field_sirius_timelimit	7	delta	int	int(10) unsigned	NO	~NULL~	PRI	
field_revision_field_sirius_timelimit	8	field_sirius_timelimit_value	decimal	decimal(10,2)	YES	NULL		
field_revision_field_sirius_title	1	entity_type	varchar	varchar(128)	NO	''	PRI	utf8mb3
field_revision_field_sirius_title	2	bundle	varchar	varchar(128)	NO	''	MUL	utf8mb3
field_revision_field_sirius_title	3	deleted	tinyint	tinyint(4)	NO	0	PRI	
field_revision_field_sirius_title	4	entity_id	int	int(10) unsigned	NO	~NULL~	PRI	
field_revision_field_sirius_title	5	revision_id	int	int(10) unsigned	NO	~NULL~	PRI	
field_revision_field_sirius_title	6	language	varchar	varchar(32)	NO	''	PRI	utf8mb3
field_revision_field_sirius_title	7	delta	int	int(10) unsigned	NO	~NULL~	PRI	
field_revision_field_sirius_title	8	field_sirius_title_value	varchar	varchar(255)	YES	NULL		utf8mb3
field_revision_field_sirius_title	9	field_sirius_title_format	varchar	varchar(255)	YES	NULL	MUL	utf8mb3
field_revision_field_sirius_trust_benefit	1	entity_type	varchar	varchar(128)	NO	''	PRI	utf8mb3
field_revision_field_sirius_trust_benefit	2	bundle	varchar	varchar(128)	NO	''	MUL	utf8mb3
field_revision_field_sirius_trust_benefit	3	deleted	tinyint	tinyint(4)	NO	0	PRI	
field_revision_field_sirius_trust_benefit	4	entity_id	int	int(10) unsigned	NO	~NULL~	PRI	
field_revision_field_sirius_trust_benefit	5	revision_id	int	int(10) unsigned	NO	~NULL~	PRI	
field_revision_field_sirius_trust_benefit	6	language	varchar	varchar(32)	NO	''	PRI	utf8mb3
field_revision_field_sirius_trust_benefit	7	delta	int	int(10) unsigned	NO	~NULL~	PRI	
field_revision_field_sirius_trust_benefit	8	field_sirius_trust_benefit_target_id	int	int(10) unsigned	NO	~NULL~	MUL	
field_revision_field_sirius_trust_benefits	1	entity_type	varchar	varchar(128)	NO	''	PRI	utf8mb3
field_revision_field_sirius_trust_benefits	2	bundle	varchar	varchar(128)	NO	''	MUL	utf8mb3
field_revision_field_sirius_trust_benefits	3	deleted	tinyint	tinyint(4)	NO	0	PRI	
field_revision_field_sirius_trust_benefits	4	entity_id	int	int(10) unsigned	NO	~NULL~	PRI	
field_revision_field_sirius_trust_benefits	5	revision_id	int	int(10) unsigned	NO	~NULL~	PRI	
field_revision_field_sirius_trust_benefits	6	language	varchar	varchar(32)	NO	''	PRI	utf8mb3
field_revision_field_sirius_trust_benefits	7	delta	int	int(10) unsigned	NO	~NULL~	PRI	
field_revision_field_sirius_trust_benefits	8	field_sirius_trust_benefits_target_id	int	int(10) unsigned	NO	~NULL~	MUL	
field_revision_field_sirius_trust_benefit_type	1	entity_type	varchar	varchar(128)	NO	''	PRI	utf8mb3
field_revision_field_sirius_trust_benefit_type	2	bundle	varchar	varchar(128)	NO	''	MUL	utf8mb3
field_revision_field_sirius_trust_benefit_type	3	deleted	tinyint	tinyint(4)	NO	0	PRI	
field_revision_field_sirius_trust_benefit_type	4	entity_id	int	int(10) unsigned	NO	~NULL~	PRI	
field_revision_field_sirius_trust_benefit_type	5	revision_id	int	int(10) unsigned	NO	~NULL~	PRI	
field_revision_field_sirius_trust_benefit_type	6	language	varchar	varchar(32)	NO	''	PRI	utf8mb3
field_revision_field_sirius_trust_benefit_type	7	delta	int	int(10) unsigned	NO	~NULL~	PRI	
field_revision_field_sirius_trust_benefit_type	8	field_sirius_trust_benefit_type_tid	int	int(10) unsigned	YES	NULL	MUL	
field_revision_field_sirius_trust_election	1	entity_type	varchar	varchar(128)	NO	''	PRI	utf8mb3
field_revision_field_sirius_trust_election	2	bundle	varchar	varchar(128)	NO	''	MUL	utf8mb3
field_revision_field_sirius_trust_election	3	deleted	tinyint	tinyint(4)	NO	0	PRI	
field_revision_field_sirius_trust_election	4	entity_id	int	int(10) unsigned	NO	~NULL~	PRI	
field_revision_field_sirius_trust_election	5	revision_id	int	int(10) unsigned	NO	~NULL~	PRI	
field_revision_field_sirius_trust_election	6	language	varchar	varchar(32)	NO	''	PRI	utf8mb3
field_revision_field_sirius_trust_election	7	delta	int	int(10) unsigned	NO	~NULL~	PRI	
field_revision_field_sirius_trust_election	8	field_sirius_trust_election_target_id	int	int(10) unsigned	NO	~NULL~	MUL	
field_revision_field_sirius_trust_election_type	1	entity_type	varchar	varchar(128)	NO	''	PRI	utf8mb3
field_revision_field_sirius_trust_election_type	2	bundle	varchar	varchar(128)	NO	''	MUL	utf8mb3
field_revision_field_sirius_trust_election_type	3	deleted	tinyint	tinyint(4)	NO	0	PRI	
field_revision_field_sirius_trust_election_type	4	entity_id	int	int(10) unsigned	NO	~NULL~	PRI	
field_revision_field_sirius_trust_election_type	5	revision_id	int	int(10) unsigned	NO	~NULL~	PRI	
field_revision_field_sirius_trust_election_type	6	language	varchar	varchar(32)	NO	''	PRI	utf8mb3
field_revision_field_sirius_trust_election_type	7	delta	int	int(10) unsigned	NO	~NULL~	PRI	
field_revision_field_sirius_trust_election_type	8	field_sirius_trust_election_type_tid	int	int(10) unsigned	YES	NULL	MUL	
field_revision_field_sirius_trust_policy	1	entity_type	varchar	varchar(128)	NO	''	PRI	utf8mb3
field_revision_field_sirius_trust_policy	2	bundle	varchar	varchar(128)	NO	''	MUL	utf8mb3
field_revision_field_sirius_trust_policy	3	deleted	tinyint	tinyint(4)	NO	0	PRI	
field_revision_field_sirius_trust_policy	4	entity_id	int	int(10) unsigned	NO	~NULL~	PRI	
field_revision_field_sirius_trust_policy	5	revision_id	int	int(10) unsigned	NO	~NULL~	PRI	
field_revision_field_sirius_trust_policy	6	language	varchar	varchar(32)	NO	''	PRI	utf8mb3
field_revision_field_sirius_trust_policy	7	delta	int	int(10) unsigned	NO	~NULL~	PRI	
field_revision_field_sirius_trust_policy	8	field_sirius_trust_policy_target_id	int	int(10) unsigned	NO	~NULL~	MUL	
field_revision_field_sirius_trust_prov_levels	1	entity_type	varchar	varchar(128)	NO	''	PRI	utf8mb3
field_revision_field_sirius_trust_prov_levels	2	bundle	varchar	varchar(128)	NO	''	MUL	utf8mb3
field_revision_field_sirius_trust_prov_levels	3	deleted	tinyint	tinyint(4)	NO	0	PRI	
field_revision_field_sirius_trust_prov_levels	4	entity_id	int	int(10) unsigned	NO	~NULL~	PRI	
field_revision_field_sirius_trust_prov_levels	5	revision_id	int	int(10) unsigned	NO	~NULL~	PRI	
field_revision_field_sirius_trust_prov_levels	6	language	varchar	varchar(32)	NO	''	PRI	utf8mb3
field_revision_field_sirius_trust_prov_levels	7	delta	int	int(10) unsigned	NO	~NULL~	PRI	
field_revision_field_sirius_trust_prov_levels	8	field_sirius_trust_prov_levels_tid	int	int(10) unsigned	YES	NULL	MUL	
field_revision_field_sirius_trust_service_type	1	entity_type	varchar	varchar(128)	NO	''	PRI	utf8mb3
field_revision_field_sirius_trust_service_type	2	bundle	varchar	varchar(128)	NO	''	MUL	utf8mb3
field_revision_field_sirius_trust_service_type	3	deleted	tinyint	tinyint(4)	NO	0	PRI	
field_revision_field_sirius_trust_service_type	4	entity_id	int	int(10) unsigned	NO	~NULL~	PRI	
field_revision_field_sirius_trust_service_type	5	revision_id	int	int(10) unsigned	NO	~NULL~	PRI	
field_revision_field_sirius_trust_service_type	6	language	varchar	varchar(32)	NO	''	PRI	utf8mb3
field_revision_field_sirius_trust_service_type	7	delta	int	int(10) unsigned	NO	~NULL~	PRI	
field_revision_field_sirius_trust_service_type	8	field_sirius_trust_service_type_tid	int	int(10) unsigned	YES	NULL	MUL	
field_revision_field_sirius_trust_subscriber	1	entity_type	varchar	varchar(128)	NO	''	PRI	utf8mb3
field_revision_field_sirius_trust_subscriber	2	bundle	varchar	varchar(128)	NO	''	MUL	utf8mb3
field_revision_field_sirius_trust_subscriber	3	deleted	tinyint	tinyint(4)	NO	0	PRI	
field_revision_field_sirius_trust_subscriber	4	entity_id	int	int(10) unsigned	NO	~NULL~	PRI	
field_revision_field_sirius_trust_subscriber	5	revision_id	int	int(10) unsigned	NO	~NULL~	PRI	
field_revision_field_sirius_trust_subscriber	6	language	varchar	varchar(32)	NO	''	PRI	utf8mb3
field_revision_field_sirius_trust_subscriber	7	delta	int	int(10) unsigned	NO	~NULL~	PRI	
field_revision_field_sirius_trust_subscriber	8	field_sirius_trust_subscriber_target_id	int	int(10) unsigned	NO	~NULL~	MUL	
field_revision_field_sirius_type	1	entity_type	varchar	varchar(128)	NO	''	PRI	utf8mb3
field_revision_field_sirius_type	2	bundle	varchar	varchar(128)	NO	''	MUL	utf8mb3
field_revision_field_sirius_type	3	deleted	tinyint	tinyint(4)	NO	0	PRI	
field_revision_field_sirius_type	4	entity_id	int	int(10) unsigned	NO	~NULL~	PRI	
field_revision_field_sirius_type	5	revision_id	int	int(10) unsigned	NO	~NULL~	PRI	
field_revision_field_sirius_type	6	language	varchar	varchar(32)	NO	''	PRI	utf8mb3
field_revision_field_sirius_type	7	delta	int	int(10) unsigned	NO	~NULL~	PRI	
field_revision_field_sirius_type	8	field_sirius_type_value	varchar	varchar(255)	YES	NULL		utf8mb3
field_revision_field_sirius_type	9	field_sirius_type_format	varchar	varchar(255)	YES	NULL	MUL	utf8mb3
field_revision_field_sirius_tz	1	entity_type	varchar	varchar(128)	NO	''	PRI	utf8mb3
field_revision_field_sirius_tz	2	bundle	varchar	varchar(128)	NO	''	MUL	utf8mb3
field_revision_field_sirius_tz	3	deleted	tinyint	tinyint(4)	NO	0	PRI	
field_revision_field_sirius_tz	4	entity_id	int	int(10) unsigned	NO	~NULL~	PRI	
field_revision_field_sirius_tz	5	revision_id	int	int(10) unsigned	NO	~NULL~	PRI	
field_revision_field_sirius_tz	6	language	varchar	varchar(32)	NO	''	PRI	utf8mb3
field_revision_field_sirius_tz	7	delta	int	int(10) unsigned	NO	~NULL~	PRI	
field_revision_field_sirius_tz	8	field_sirius_tz_value	varchar	varchar(32)	YES	NULL	MUL	utf8mb3
field_revision_field_sirius_users	1	entity_type	varchar	varchar(128)	NO	''	PRI	utf8mb3
field_revision_field_sirius_users	2	bundle	varchar	varchar(128)	NO	''	MUL	utf8mb3
field_revision_field_sirius_users	3	deleted	tinyint	tinyint(4)	NO	0	PRI	
field_revision_field_sirius_users	4	entity_id	int	int(10) unsigned	NO	~NULL~	PRI	
field_revision_field_sirius_users	5	revision_id	int	int(10) unsigned	NO	~NULL~	PRI	
field_revision_field_sirius_users	6	language	varchar	varchar(32)	NO	''	PRI	utf8mb3
field_revision_field_sirius_users	7	delta	int	int(10) unsigned	NO	~NULL~	PRI	
field_revision_field_sirius_users	8	field_sirius_users_target_id	int	int(10) unsigned	NO	~NULL~	MUL	
field_revision_field_sirius_voice	1	entity_type	varchar	varchar(128)	NO	''	PRI	utf8mb3
field_revision_field_sirius_voice	2	bundle	varchar	varchar(128)	NO	''	MUL	utf8mb3
field_revision_field_sirius_voice	3	deleted	tinyint	tinyint(4)	NO	0	PRI	
field_revision_field_sirius_voice	4	entity_id	int	int(10) unsigned	NO	~NULL~	PRI	
field_revision_field_sirius_voice	5	revision_id	int	int(10) unsigned	NO	~NULL~	PRI	
field_revision_field_sirius_voice	6	language	varchar	varchar(32)	NO	''	PRI	utf8mb3
field_revision_field_sirius_voice	7	delta	int	int(10) unsigned	NO	~NULL~	PRI	
field_revision_field_sirius_voice	8	field_sirius_voice_value	longtext	longtext	YES	NULL		utf8mb3
field_revision_field_sirius_voice	9	field_sirius_voice_format	varchar	varchar(255)	YES	NULL	MUL	utf8mb3
field_revision_field_sirius_voice_possible	1	entity_type	varchar	varchar(128)	NO	''	PRI	utf8mb3
field_revision_field_sirius_voice_possible	2	bundle	varchar	varchar(128)	NO	''	MUL	utf8mb3
field_revision_field_sirius_voice_possible	3	deleted	tinyint	tinyint(4)	NO	0	PRI	
field_revision_field_sirius_voice_possible	4	entity_id	int	int(10) unsigned	NO	~NULL~	PRI	
field_revision_field_sirius_voice_possible	5	revision_id	int	int(10) unsigned	NO	~NULL~	PRI	
field_revision_field_sirius_voice_possible	6	language	varchar	varchar(32)	NO	''	PRI	utf8mb3
field_revision_field_sirius_voice_possible	7	delta	int	int(10) unsigned	NO	~NULL~	PRI	
field_revision_field_sirius_voice_possible	8	field_sirius_voice_possible_value	varchar	varchar(255)	YES	NULL	MUL	utf8mb3
field_revision_field_sirius_worker	1	entity_type	varchar	varchar(128)	NO	''	PRI	utf8mb3
field_revision_field_sirius_worker	2	bundle	varchar	varchar(128)	NO	''	MUL	utf8mb3
field_revision_field_sirius_worker	3	deleted	tinyint	tinyint(4)	NO	0	PRI	
field_revision_field_sirius_worker	4	entity_id	int	int(10) unsigned	NO	~NULL~	PRI	
field_revision_field_sirius_worker	5	revision_id	int	int(10) unsigned	NO	~NULL~	PRI	
field_revision_field_sirius_worker	6	language	varchar	varchar(32)	NO	''	PRI	utf8mb3
field_revision_field_sirius_worker	7	delta	int	int(10) unsigned	NO	~NULL~	PRI	
field_revision_field_sirius_worker	8	field_sirius_worker_target_id	int	int(10) unsigned	NO	~NULL~	MUL	
field_revision_field_sirius_worker_dispstatus	1	entity_type	varchar	varchar(128)	NO	''	PRI	utf8mb3
field_revision_field_sirius_worker_dispstatus	2	bundle	varchar	varchar(128)	NO	''	MUL	utf8mb3
field_revision_field_sirius_worker_dispstatus	3	deleted	tinyint	tinyint(4)	NO	0	PRI	
field_revision_field_sirius_worker_dispstatus	4	entity_id	int	int(10) unsigned	NO	~NULL~	PRI	
field_revision_field_sirius_worker_dispstatus	5	revision_id	int	int(10) unsigned	NO	~NULL~	PRI	
field_revision_field_sirius_worker_dispstatus	6	language	varchar	varchar(32)	NO	''	PRI	utf8mb3
field_revision_field_sirius_worker_dispstatus	7	delta	int	int(10) unsigned	NO	~NULL~	PRI	
field_revision_field_sirius_worker_dispstatus	8	field_sirius_worker_dispstatus_tid	int	int(10) unsigned	YES	NULL	MUL	
field_revision_field_sirius_work_status	1	entity_type	varchar	varchar(128)	NO	''	PRI	utf8mb3
field_revision_field_sirius_work_status	2	bundle	varchar	varchar(128)	NO	''	MUL	utf8mb3
field_revision_field_sirius_work_status	3	deleted	tinyint	tinyint(4)	NO	0	PRI	
field_revision_field_sirius_work_status	4	entity_id	int	int(10) unsigned	NO	~NULL~	PRI	
field_revision_field_sirius_work_status	5	revision_id	int	int(10) unsigned	NO	~NULL~	PRI	
field_revision_field_sirius_work_status	6	language	varchar	varchar(32)	NO	''	PRI	utf8mb3
field_revision_field_sirius_work_status	7	delta	int	int(10) unsigned	NO	~NULL~	PRI	
field_revision_field_sirius_work_status	8	field_sirius_work_status_tid	int	int(10) unsigned	YES	NULL	MUL	
field_validation_rule	1	ruleid	int	int(10) unsigned	NO	~NULL~	PRI	
field_validation_rule	2	rulename	varchar	varchar(255)	NO	''		utf8mb3
field_validation_rule	3	name	varchar	varchar(32)	NO	''		utf8mb3
field_validation_rule	4	field_name	varchar	varchar(32)	NO	''	MUL	utf8mb3
field_validation_rule	5	col	varchar	varchar(32)	NO	'value'		utf8mb3
field_validation_rule	6	entity_type	varchar	varchar(32)	NO	''		utf8mb3
field_validation_rule	7	bundle	varchar	varchar(128)	NO	''		utf8mb3
field_validation_rule	8	validator	varchar	varchar(255)	NO	''		utf8mb3
field_validation_rule	9	settings	longtext	longtext	YES	NULL		utf8mb3
field_validation_rule	10	error_message	varchar	varchar(255)	YES	NULL		utf8mb3
file_managed	1	fid	int	int(10) unsigned	NO	~NULL~	PRI	
file_managed	2	uid	int	int(10) unsigned	NO	0	MUL	
file_managed	3	filename	varchar	varchar(255)	NO	''		utf8mb3
file_managed	4	uri	varchar	varchar(255)	NO	''	UNI	utf8mb3
file_managed	5	filemime	varchar	varchar(255)	NO	''		utf8mb3
file_managed	6	filesize	bigint	bigint(20) unsigned	NO	0		
file_managed	7	status	tinyint	tinyint(4)	NO	0	MUL	
file_managed	8	timestamp	int	int(10) unsigned	NO	0	MUL	
file_managed	9	origname	varchar	varchar(255)	NO	''		utf8mb3
file_managed	10	uuid	char	char(36)	NO	''	MUL	utf8mb3
file_usage	1	fid	int	int(10) unsigned	NO	~NULL~	PRI	
file_usage	2	module	varchar	varchar(255)	NO	''	PRI	utf8mb3
file_usage	3	type	varchar	varchar(64)	NO	''	PRI	utf8mb3
file_usage	4	id	int	int(10) unsigned	NO	0	PRI	
file_usage	5	count	int	int(10) unsigned	NO	0		
filter	1	format	varchar	varchar(255)	NO	~NULL~	PRI	utf8mb3
filter	2	module	varchar	varchar(64)	NO	''		utf8mb3
filter	3	name	varchar	varchar(32)	NO	''	PRI	utf8mb3
filter	4	weight	int	int(11)	NO	0	MUL	
filter	5	status	int	int(11)	NO	0		
filter	6	settings	longblob	longblob	YES	NULL		
filter_format	1	format	varchar	varchar(255)	NO	~NULL~	PRI	utf8mb3
filter_format	2	name	varchar	varchar(255)	NO	''	UNI	utf8mb3
filter_format	3	cache	tinyint	tinyint(4)	NO	0		
filter_format	4	status	tinyint	tinyint(3) unsigned	NO	1	MUL	
filter_format	5	weight	int	int(11)	NO	0		
flag	1	fid	smallint	smallint(5) unsigned	NO	~NULL~	PRI	
flag	2	entity_type	varchar	varchar(128)	NO	''		utf8mb3
flag	3	name	varchar	varchar(32)	YES	''	UNI	utf8mb3
flag	4	title	varchar	varchar(255)	YES	''		utf8mb3
flag	5	global	tinyint	tinyint(4)	YES	0		
flag	6	options	text	text	YES	NULL		utf8mb3
flagging	1	flagging_id	int	int(10) unsigned	NO	~NULL~	PRI	
flagging	2	fid	smallint	smallint(5) unsigned	NO	0	MUL	
flagging	3	entity_type	varchar	varchar(128)	NO	''	MUL	utf8mb3
flagging	4	entity_id	int	int(10) unsigned	NO	0	MUL	
flagging	5	uid	int	int(10) unsigned	NO	0		
flagging	6	sid	int	int(10) unsigned	NO	0		
flagging	7	timestamp	int	int(10) unsigned	NO	0		
flag_counts	1	fid	smallint	smallint(5) unsigned	NO	0	PRI	
flag_counts	2	entity_type	varchar	varchar(128)	NO	''	MUL	utf8mb3
flag_counts	3	entity_id	int	int(10) unsigned	NO	0	PRI	
flag_counts	4	count	int	int(10) unsigned	NO	0		
flag_counts	5	last_updated	int	int(10) unsigned	NO	0		
flag_types	1	fid	smallint	smallint(5) unsigned	NO	0	MUL	
flag_types	2	type	varchar	varchar(128)	NO	''		utf8mb3
flood	1	fid	int	int(11)	NO	~NULL~	PRI	
flood	2	event	varchar	varchar(64)	NO	''	MUL	utf8mb3
flood	3	identifier	varchar	varchar(128)	NO	''		utf8mb3
flood	4	timestamp	int	int(11)	NO	0		
flood	5	expiration	int	int(11)	NO	0	MUL	
fontyourface_font	1	fid	int	int(10) unsigned	NO	~NULL~	PRI	
fontyourface_font	2	name	varchar	varchar(255)	NO	''		utf8mb3
fontyourface_font	3	enabled	tinyint	tinyint(3) unsigned	NO	0	MUL	
fontyourface_font	4	url	varchar	varchar(255)	NO	''	UNI	utf8mb3
fontyourface_font	5	provider	varchar	varchar(255)	NO	''		utf8mb3
fontyourface_font	6	css_selector	longtext	longtext	YES	NULL		utf8mb3
fontyourface_font	7	css_family	varchar	varchar(255)	YES	''		utf8mb3
fontyourface_font	8	css_style	varchar	varchar(255)	YES	''		utf8mb3
fontyourface_font	9	css_weight	varchar	varchar(255)	YES	''		utf8mb3
fontyourface_font	10	css_fallbacks	varchar	varchar(255)	YES	''		utf8mb3
fontyourface_font	11	foundry	varchar	varchar(255)	YES	''		utf8mb3
fontyourface_font	12	foundry_url	varchar	varchar(255)	YES	''		utf8mb3
fontyourface_font	13	license	varchar	varchar(255)	YES	''		utf8mb3
fontyourface_font	14	license_url	varchar	varchar(255)	YES	''		utf8mb3
fontyourface_font	15	designer	varchar	varchar(255)	YES	''		utf8mb3
fontyourface_font	16	designer_url	varchar	varchar(255)	YES	''		utf8mb3
fontyourface_font	17	metadata	longtext	longtext	YES	NULL		utf8mb3
fontyourface_tag	1	tid	int	int(10) unsigned	NO	~NULL~	PRI	
fontyourface_tag	2	name	varchar	varchar(255)	NO	''		utf8mb3
fontyourface_tag	3	type	varchar	varchar(10)	NO	'tag'		utf8mb3
fontyourface_tag_font	1	fid	int	int(10) unsigned	NO	0	PRI	
fontyourface_tag_font	2	tid	int	int(10) unsigned	NO	0	PRI	
front_page	1	rid	int	int(10) unsigned	NO	~NULL~	PRI	
front_page	2	mode	varchar	varchar(10)	NO	''		utf8mb3
front_page	3	data	longtext	longtext	NO	~NULL~		utf8mb3
front_page	4	filter_format	varchar	varchar(255)	NO	''		utf8mb3
front_page	5	weight	int	int(11)	YES	0	MUL	
history	1	uid	int	int(11)	NO	0	PRI	
history	2	nid	int	int(10) unsigned	NO	0	PRI	
history	3	timestamp	int	int(11)	NO	0		
i18n_block_language	1	module	varchar	varchar(64)	NO	~NULL~	PRI	utf8mb3
i18n_block_language	2	delta	varchar	varchar(32)	NO	~NULL~	PRI	utf8mb3
i18n_block_language	3	language	varchar	varchar(12)	NO	''	PRI	utf8mb3
i18n_path	1	tpid	int	int(10) unsigned	NO	~NULL~	PRI	
i18n_path	2	tsid	int	int(10) unsigned	NO	~NULL~	MUL	
i18n_path	3	path	varchar	varchar(255)	NO	''	MUL	utf8mb3
i18n_path	4	language	varchar	varchar(12)	NO	''		utf8mb3
i18n_path	5	pid	int	int(10) unsigned	NO	0		
i18n_string	1	lid	int	int(11)	NO	0	PRI	
i18n_string	2	textgroup	varchar	varchar(50)	NO	'default'	MUL	utf8mb3
i18n_string	3	context	varchar	varchar(255)	NO	''		utf8mb3
i18n_string	4	objectid	varchar	varchar(255)	NO	''		utf8mb3
i18n_string	5	type	varchar	varchar(255)	NO	''		utf8mb3
i18n_string	6	property	varchar	varchar(255)	NO	''		utf8mb3
i18n_string	7	objectindex	bigint	bigint(20)	NO	0		
i18n_string	8	format	varchar	varchar(255)	YES	NULL		utf8mb3
i18n_translation_set	1	tsid	int	int(10) unsigned	NO	~NULL~	PRI	
i18n_translation_set	2	title	varchar	varchar(255)	NO	''		utf8mb3
i18n_translation_set	3	type	varchar	varchar(32)	NO	''	MUL	utf8mb3
i18n_translation_set	4	bundle	varchar	varchar(128)	NO	''		utf8mb3
i18n_translation_set	5	master_id	int	int(10) unsigned	NO	0		
i18n_translation_set	6	status	int	int(11)	NO	1		
i18n_translation_set	7	created	int	int(11)	NO	0		
i18n_translation_set	8	changed	int	int(11)	NO	0		
imagefield_crop	1	fid	int	int(11)	NO	~NULL~	PRI	
imagefield_crop	2	x	int	int(11)	YES	NULL		
imagefield_crop	3	y	int	int(11)	YES	NULL		
imagefield_crop	4	width	int	int(11)	YES	NULL		
imagefield_crop	5	height	int	int(11)	YES	NULL		
image_effects	1	ieid	int	int(10) unsigned	NO	~NULL~	PRI	
image_effects	2	isid	int	int(10) unsigned	NO	0	MUL	
image_effects	3	weight	int	int(11)	NO	0	MUL	
image_effects	4	name	varchar	varchar(255)	NO	~NULL~		utf8mb3
image_effects	5	data	longblob	longblob	NO	~NULL~		
image_styles	1	isid	int	int(10) unsigned	NO	~NULL~	PRI	
image_styles	2	name	varchar	varchar(255)	NO	~NULL~	UNI	utf8mb3
image_styles	3	label	varchar	varchar(255)	NO	''		utf8mb3
job_schedule	1	item_id	int	int(10) unsigned	NO	~NULL~	PRI	
job_schedule	2	name	varchar	varchar(128)	NO	''	MUL	utf8mb3
job_schedule	3	type	varchar	varchar(128)	NO	''		utf8mb3
job_schedule	4	id	int	int(10) unsigned	NO	0		
job_schedule	5	period	int	int(10) unsigned	NO	0		
job_schedule	6	crontab	varchar	varchar(255)	NO	''		utf8mb3
job_schedule	7	data	longblob	longblob	YES	NULL		
job_schedule	8	expire	int	int(11)	NO	0		
job_schedule	9	last	int	int(10) unsigned	NO	0		
job_schedule	10	periodic	smallint	smallint(5) unsigned	NO	0		
job_schedule	11	next	int	int(10) unsigned	NO	0	MUL	
job_schedule	12	scheduled	int	int(10) unsigned	NO	0	MUL	
l10n_update_file	1	project	varchar	varchar(255)	NO	~NULL~	PRI	utf8mb3
l10n_update_file	2	language	varchar	varchar(12)	NO	~NULL~	PRI	utf8mb3
l10n_update_file	3	type	varchar	varchar(50)	NO	''		utf8mb3
l10n_update_file	4	filename	varchar	varchar(255)	NO	''		utf8mb3
l10n_update_file	5	fileurl	varchar	varchar(255)	NO	''		utf8mb3
l10n_update_file	6	uri	varchar	varchar(255)	NO	''		utf8mb3
l10n_update_file	7	timestamp	int	int(11)	YES	0		
l10n_update_file	8	version	varchar	varchar(128)	NO	''		utf8mb3
l10n_update_file	9	status	int	int(11)	NO	1		
l10n_update_file	10	last_checked	int	int(11)	YES	0		
l10n_update_project	1	name	varchar	varchar(255)	NO	~NULL~	PRI	utf8mb3
l10n_update_project	2	project_type	varchar	varchar(50)	NO	~NULL~		utf8mb3
l10n_update_project	3	core	varchar	varchar(128)	NO	''		utf8mb3
l10n_update_project	4	version	varchar	varchar(128)	NO	''		utf8mb3
l10n_update_project	5	l10n_path	varchar	varchar(255)	NO	''		utf8mb3
l10n_update_project	6	status	int	int(11)	NO	1		
languages	1	language	varchar	varchar(12)	NO	''	PRI	utf8mb3
languages	2	name	varchar	varchar(64)	NO	''		utf8mb3
languages	3	native	varchar	varchar(64)	NO	''		utf8mb3
languages	4	direction	int	int(11)	NO	0		
languages	5	enabled	int	int(11)	NO	0		
languages	6	plurals	int	int(11)	NO	0		
languages	7	formula	varchar	varchar(255)	NO	''		utf8mb3
languages	8	domain	varchar	varchar(128)	NO	''		utf8mb3
languages	9	prefix	varchar	varchar(128)	NO	''		utf8mb3
languages	10	weight	int	int(11)	NO	0	MUL	
languages	11	javascript	varchar	varchar(64)	NO	''		utf8mb3
locales_source	1	lid	int	int(11)	NO	~NULL~	PRI	
locales_source	2	location	longtext	longtext	YES	NULL		utf8mb3
locales_source	3	textgroup	varchar	varchar(255)	NO	'default'	MUL	utf8mb3
locales_source	4	source	blob	blob	NO	~NULL~	MUL	
locales_source	5	context	varchar	varchar(255)	NO	''		utf8mb3
locales_source	6	version	varchar	varchar(20)	NO	'none'		utf8mb3
locales_target	1	lid	int	int(11)	NO	0	PRI	
locales_target	2	translation	blob	blob	NO	~NULL~		
locales_target	3	language	varchar	varchar(12)	NO	''	PRI	utf8mb3
locales_target	4	plid	int	int(11)	NO	0	MUL	
locales_target	5	plural	int	int(11)	NO	0	PRI	
locales_target	6	i18n_status	int	int(11)	NO	0		
locales_target	7	l10n_status	int	int(11)	NO	0		
login_destination	1	id	int	int(10) unsigned	NO	~NULL~	PRI	
login_destination	2	triggers	text	text	NO	~NULL~		utf8mb3
login_destination	3	roles	text	text	NO	~NULL~		utf8mb3
login_destination	4	pages_type	tinyint	tinyint(4)	NO	0		
login_destination	5	pages	text	text	NO	~NULL~		utf8mb3
login_destination	6	destination_type	tinyint	tinyint(4)	NO	0		
login_destination	7	destination	text	text	NO	~NULL~		utf8mb3
login_destination	8	weight	int	int(11)	NO	0	MUL	
login_destination	9	enabled	int	int(10) unsigned	NO	1		
masquerade	1	sid	varchar	varchar(64)	NO	''	MUL	utf8mb3
masquerade	2	uid_from	int	int(11)	NO	0		
masquerade	3	uid_as	int	int(11)	NO	0		
masquerade_users	1	uid_from	int	int(11)	NO	0	PRI	
masquerade_users	2	uid_to	int	int(11)	NO	0	PRI	
menu_custom	1	menu_name	varchar	varchar(32)	NO	''	PRI	utf8mb3
menu_custom	2	title	varchar	varchar(255)	NO	''		utf8mb3
menu_custom	3	description	text	text	YES	NULL		utf8mb3
menu_custom	4	language	varchar	varchar(12)	NO	'und'		utf8mb3
menu_custom	5	i18n_mode	int	int(10) unsigned	NO	0		
menu_links	1	menu_name	varchar	varchar(32)	NO	''	MUL	utf8mb3
menu_links	2	mlid	int	int(10) unsigned	NO	~NULL~	PRI	
menu_links	3	plid	int	int(10) unsigned	NO	0		
menu_links	4	link_path	varchar	varchar(255)	NO	''	MUL	utf8mb3
menu_links	5	router_path	varchar	varchar(255)	NO	''	MUL	utf8mb3
menu_links	6	link_title	varchar	varchar(255)	NO	''		utf8mb3
menu_links	7	options	blob	blob	YES	NULL		
menu_links	8	module	varchar	varchar(255)	NO	'system'		utf8mb3
menu_links	9	hidden	smallint	smallint(6)	NO	0		
menu_links	10	external	smallint	smallint(6)	NO	0		
menu_links	11	has_children	smallint	smallint(6)	NO	0		
menu_links	12	expanded	smallint	smallint(6)	NO	0		
menu_links	13	weight	int	int(11)	NO	0		
menu_links	14	depth	smallint	smallint(6)	NO	0		
menu_links	15	customized	smallint	smallint(6)	NO	0		
menu_links	16	p1	int	int(10) unsigned	NO	0		
menu_links	17	p2	int	int(10) unsigned	NO	0		
menu_links	18	p3	int	int(10) unsigned	NO	0		
menu_links	19	p4	int	int(10) unsigned	NO	0		
menu_links	20	p5	int	int(10) unsigned	NO	0		
menu_links	21	p6	int	int(10) unsigned	NO	0		
menu_links	22	p7	int	int(10) unsigned	NO	0		
menu_links	23	p8	int	int(10) unsigned	NO	0		
menu_links	24	p9	int	int(10) unsigned	NO	0		
menu_links	25	updated	smallint	smallint(6)	NO	0		
menu_links	26	language	varchar	varchar(12)	NO	'und'		utf8mb3
menu_links	27	i18n_tsid	int	int(10) unsigned	NO	0		
menu_links	28	hweight	int	int(11)	NO	0		
menu_router	1	path	varchar	varchar(255)	NO	''	PRI	utf8mb3
menu_router	2	load_functions	blob	blob	NO	~NULL~		
menu_router	3	to_arg_functions	blob	blob	NO	~NULL~		
menu_router	4	access_callback	varchar	varchar(255)	NO	''		utf8mb3
menu_router	5	access_arguments	blob	blob	YES	NULL		
menu_router	6	page_callback	varchar	varchar(255)	NO	''		utf8mb3
menu_router	7	page_arguments	blob	blob	YES	NULL		
menu_router	8	delivery_callback	varchar	varchar(255)	NO	''		utf8mb3
menu_router	9	fit	int	int(11)	NO	0	MUL	
menu_router	10	number_parts	smallint	smallint(6)	NO	0		
menu_router	11	context	int	int(11)	NO	0		
menu_router	12	tab_parent	varchar	varchar(255)	NO	''	MUL	utf8mb3
menu_router	13	tab_root	varchar	varchar(255)	NO	''	MUL	utf8mb3
menu_router	14	title	varchar	varchar(255)	NO	''		utf8mb3
menu_router	15	title_callback	varchar	varchar(255)	NO	''		utf8mb3
menu_router	16	title_arguments	varchar	varchar(255)	NO	''		utf8mb3
menu_router	17	theme_callback	varchar	varchar(255)	NO	''		utf8mb3
menu_router	18	theme_arguments	varchar	varchar(255)	NO	''		utf8mb3
menu_router	19	type	int	int(11)	NO	0		
menu_router	20	description	text	text	NO	~NULL~		utf8mb3
menu_router	21	position	varchar	varchar(255)	NO	''		utf8mb3
menu_router	22	weight	int	int(11)	NO	0		
menu_router	23	include_file	mediumtext	mediumtext	YES	NULL		utf8mb3
name_custom_format	1	ncfid	int	int(10) unsigned	NO	~NULL~	PRI	
name_custom_format	2	name	varchar	varchar(255)	NO	~NULL~		utf8mb3
name_custom_format	3	machine_name	varchar	varchar(255)	NO	~NULL~		utf8mb3
name_custom_format	4	format	varchar	varchar(255)	NO	~NULL~		utf8mb3
node	1	nid	int	int(10) unsigned	NO	~NULL~	PRI	
node	2	vid	int	int(10) unsigned	YES	NULL	UNI	
node	3	type	varchar	varchar(32)	NO	''	MUL	utf8mb3
node	4	language	varchar	varchar(12)	NO	''	MUL	utf8mb3
node	5	title	varchar	varchar(255)	NO	''	MUL	utf8mb3
node	6	uid	int	int(11)	NO	0	MUL	
node	7	status	int	int(11)	NO	1	MUL	
node	8	created	int	int(11)	NO	0	MUL	
node	9	changed	int	int(11)	NO	0	MUL	
node	10	comment	int	int(11)	NO	0		
node	11	promote	int	int(11)	NO	0	MUL	
node	12	sticky	int	int(11)	NO	0		
node	13	tnid	int	int(10) unsigned	NO	0	MUL	
node	14	translate	int	int(11)	NO	0	MUL	
node	15	uuid	char	char(36)	NO	''	MUL	utf8mb3
nodequeue_nodes	1	qid	int	int(10) unsigned	NO	~NULL~	MUL	
nodequeue_nodes	2	sqid	int	int(10) unsigned	NO	~NULL~	MUL	
nodequeue_nodes	3	nid	int	int(10) unsigned	YES	NULL	MUL	
nodequeue_nodes	4	position	int	int(10) unsigned	YES	NULL		
nodequeue_nodes	5	timestamp	int	int(10) unsigned	NO	0		
nodequeue_queue	1	qid	int	int(10) unsigned	NO	~NULL~	PRI	
nodequeue_queue	2	name	varchar	varchar(128)	YES	NULL	UNI	utf8mb3
nodequeue_queue	3	title	varchar	varchar(255)	NO	~NULL~		utf8mb3
nodequeue_queue	4	subqueue_title	varchar	varchar(255)	NO	~NULL~		utf8mb3
nodequeue_queue	5	size	int	int(11)	YES	0		
nodequeue_queue	6	link	varchar	varchar(40)	YES	NULL		utf8mb3
nodequeue_queue	7	link_remove	varchar	varchar(40)	YES	NULL		utf8mb3
nodequeue_queue	8	owner	varchar	varchar(255)	YES	NULL		utf8mb3
nodequeue_queue	9	show_in_ui	tinyint	tinyint(4)	YES	1		
nodequeue_queue	10	show_in_tab	tinyint	tinyint(4)	YES	1		
nodequeue_queue	11	show_in_links	tinyint	tinyint(4)	YES	1		
nodequeue_queue	12	reference	varchar	varchar(255)	YES	'0'		utf8mb3
nodequeue_queue	13	reverse	tinyint	tinyint(4)	YES	0		
nodequeue_queue	14	insert_at_front	tinyint	tinyint(4)	YES	0		
nodequeue_queue	15	unique_entries	tinyint	tinyint(4)	YES	0		
nodequeue_queue	16	i18n	tinyint	tinyint(4)	YES	1		
nodequeue_roles	1	qid	bigint	bigint(20) unsigned	NO	~NULL~	MUL	
nodequeue_roles	2	rid	bigint	bigint(20) unsigned	NO	~NULL~	MUL	
nodequeue_subqueue	1	sqid	int	int(10) unsigned	NO	~NULL~	PRI	
nodequeue_subqueue	2	qid	int	int(10) unsigned	NO	~NULL~	MUL	
nodequeue_subqueue	3	reference	varchar	varchar(255)	YES	'0'	MUL	utf8mb3
nodequeue_subqueue	4	title	varchar	varchar(255)	YES	''	MUL	utf8mb3
nodequeue_types	1	qid	bigint	bigint(20) unsigned	NO	~NULL~	MUL	
nodequeue_types	2	type	varchar	varchar(255)	YES	NULL	MUL	utf8mb3
node_access	1	nid	int	int(10) unsigned	NO	0	PRI	
node_access	2	gid	int	int(10) unsigned	NO	0	PRI	
node_access	3	realm	varchar	varchar(255)	NO	''	PRI	utf8mb3
node_access	4	grant_view	tinyint	tinyint(3) unsigned	NO	0		
node_access	5	grant_update	tinyint	tinyint(3) unsigned	NO	0		
node_access	6	grant_delete	tinyint	tinyint(3) unsigned	NO	0		
node_comment_statistics	1	nid	int	int(10) unsigned	NO	0	PRI	
node_comment_statistics	2	cid	int	int(11)	NO	0		
node_comment_statistics	3	last_comment_timestamp	int	int(11)	NO	0	MUL	
node_comment_statistics	4	last_comment_name	varchar	varchar(60)	YES	NULL		utf8mb3
node_comment_statistics	5	last_comment_uid	int	int(11)	NO	0	MUL	
node_comment_statistics	6	comment_count	int	int(10) unsigned	NO	0	MUL	
node_revision	1	nid	int	int(10) unsigned	NO	0	MUL	
node_revision	2	vid	int	int(10) unsigned	NO	~NULL~	PRI	
node_revision	3	uid	int	int(11)	NO	0	MUL	
node_revision	4	title	varchar	varchar(255)	NO	''		utf8mb3
node_revision	5	log	longtext	longtext	NO	~NULL~		utf8mb3
node_revision	6	timestamp	int	int(11)	NO	0		
node_revision	7	status	int	int(11)	NO	1		
node_revision	8	comment	int	int(11)	NO	0		
node_revision	9	promote	int	int(11)	NO	0		
node_revision	10	sticky	int	int(11)	NO	0		
node_revision	11	ds_switch	varchar	varchar(255)	NO	''		utf8mb3
node_revision	12	vuuid	char	char(36)	NO	''	MUL	utf8mb3
node_type	1	type	varchar	varchar(32)	NO	~NULL~	PRI	utf8mb3
node_type	2	name	varchar	varchar(255)	NO	''		utf8mb3
node_type	3	base	varchar	varchar(255)	NO	~NULL~		utf8mb3
node_type	4	module	varchar	varchar(255)	NO	~NULL~		utf8mb3
node_type	5	description	mediumtext	mediumtext	NO	~NULL~		utf8mb3
node_type	6	help	mediumtext	mediumtext	NO	~NULL~		utf8mb3
node_type	7	has_title	tinyint	tinyint(3) unsigned	NO	~NULL~		
node_type	8	title_label	varchar	varchar(255)	NO	''		utf8mb3
node_type	9	custom	tinyint	tinyint(4)	NO	0		
node_type	10	modified	tinyint	tinyint(4)	NO	0		
node_type	11	locked	tinyint	tinyint(4)	NO	0		
node_type	12	disabled	tinyint	tinyint(4)	NO	0		
node_type	13	orig_type	varchar	varchar(255)	NO	''		utf8mb3
pathauto_state	1	entity_type	varchar	varchar(32)	NO	~NULL~	PRI	utf8mb3
pathauto_state	2	entity_id	int	int(10) unsigned	NO	~NULL~	PRI	
pathauto_state	3	pathauto	tinyint	tinyint(4)	NO	0		
print_node_conf	1	nid	int	int(10) unsigned	NO	~NULL~	PRI	
print_node_conf	2	link	tinyint	tinyint(3) unsigned	NO	1		
print_node_conf	3	comments	tinyint	tinyint(3) unsigned	NO	1		
print_node_conf	4	url_list	tinyint	tinyint(3) unsigned	NO	1		
print_page_counter	1	path	varchar	varchar(255)	NO	~NULL~	PRI	utf8mb3
print_page_counter	2	totalcount	bigint	bigint(20) unsigned	NO	0		
print_page_counter	3	timestamp	int	int(10) unsigned	NO	0		
print_pdf_node_conf	1	nid	int	int(10) unsigned	NO	~NULL~	PRI	
print_pdf_node_conf	2	link	tinyint	tinyint(3) unsigned	NO	1		
print_pdf_node_conf	3	comments	tinyint	tinyint(3) unsigned	NO	1		
print_pdf_node_conf	4	url_list	tinyint	tinyint(3) unsigned	NO	1		
print_pdf_node_conf	5	size	varchar	varchar(9)	YES	NULL		utf8mb3
print_pdf_node_conf	6	orientation	varchar	varchar(9)	YES	NULL		utf8mb3
print_pdf_page_counter	1	path	varchar	varchar(255)	NO	~NULL~	PRI	utf8mb3
print_pdf_page_counter	2	totalcount	bigint	bigint(20) unsigned	NO	0		
print_pdf_page_counter	3	timestamp	int	int(10) unsigned	NO	0		
queue	1	item_id	int	int(10) unsigned	NO	~NULL~	PRI	
queue	2	name	varchar	varchar(255)	NO	''	MUL	utf8mb3
queue	3	data	longblob	longblob	YES	NULL		
queue	4	expire	int	int(11)	NO	0	MUL	
queue	5	created	int	int(11)	NO	0		
rdf_mapping	1	type	varchar	varchar(128)	NO	~NULL~	PRI	utf8mb3
rdf_mapping	2	bundle	varchar	varchar(128)	NO	~NULL~	PRI	utf8mb3
rdf_mapping	3	mapping	longblob	longblob	YES	NULL		
registry	1	name	varchar	varchar(255)	NO	''	PRI	utf8mb3
registry	2	type	varchar	varchar(9)	NO	''	PRI	utf8mb3
registry	3	filename	varchar	varchar(255)	NO	~NULL~		utf8mb3
registry	4	module	varchar	varchar(255)	NO	''		utf8mb3
registry	5	weight	int	int(11)	NO	0		
registry_file	1	filename	varchar	varchar(255)	NO	~NULL~	PRI	utf8mb3
registry_file	2	hash	varchar	varchar(64)	NO	~NULL~		utf8mb3
report_cache	1	report_id	varchar	varchar(255)	NO	''	PRI	utf8mb3
report_cache	2	report_row_pk	varchar	varchar(255)	NO	''	PRI	utf8mb3
report_cache	3	report_type	varchar	varchar(255)	NO	''	PRI	utf8mb3
report_cache	4	report_data	blob	blob	NO	~NULL~		
report_cache	5	report_domain_nid	int	int(11)	NO	~NULL~	PRI	
report_cache	6	report_instance	varchar	varchar(255)	YES	NULL		utf8mb3
role	1	rid	int	int(10) unsigned	NO	~NULL~	PRI	
role	2	name	varchar	varchar(64)	NO	''	UNI	utf8mb3
role	3	weight	int	int(11)	NO	0		
role_permission	1	rid	int	int(10) unsigned	NO	~NULL~	PRI	
role_permission	2	permission	varchar	varchar(128)	NO	''	PRI	utf8mb3
role_permission	3	module	varchar	varchar(255)	NO	''		utf8mb3
rules_config	1	id	int	int(11)	NO	~NULL~	PRI	
rules_config	2	name	varchar	varchar(64)	NO	~NULL~	UNI	utf8mb3
rules_config	3	label	varchar	varchar(255)	NO	'unlabeled'		utf8mb3
rules_config	4	plugin	varchar	varchar(127)	NO	~NULL~	MUL	utf8mb3
rules_config	5	active	int	int(11)	NO	1		
rules_config	6	weight	tinyint	tinyint(4)	NO	0		
rules_config	7	status	tinyint	tinyint(4)	NO	1		
rules_config	8	dirty	tinyint	tinyint(4)	NO	0		
rules_config	9	module	varchar	varchar(255)	YES	NULL		utf8mb3
rules_config	10	owner	varchar	varchar(255)	NO	'rules'		utf8mb3
rules_config	11	access_exposed	tinyint	tinyint(4)	NO	0		
rules_config	12	data	longblob	longblob	YES	NULL		
rules_dependencies	1	id	int	int(10) unsigned	NO	~NULL~	PRI	
rules_dependencies	2	module	varchar	varchar(255)	NO	~NULL~	PRI	utf8mb3
rules_tags	1	id	int	int(10) unsigned	NO	~NULL~	PRI	
rules_tags	2	tag	varchar	varchar(255)	NO	~NULL~	PRI	utf8mb3
rules_trigger	1	id	int	int(10) unsigned	NO	~NULL~	PRI	
rules_trigger	2	event	varchar	varchar(127)	NO	''	PRI	utf8mb3
s3fs_file	1	uri	varchar	varchar(255)	NO	''	PRI	utf8mb3
s3fs_file	2	filesize	bigint	bigint(20) unsigned	NO	0		
s3fs_file	3	timestamp	int	int(10) unsigned	NO	0		
s3fs_file	4	dir	int	int(11)	NO	0		
s3fs_file	5	version	varchar	varchar(32)	YES	''		utf8mb3
search_dataset	1	sid	int	int(10) unsigned	NO	0	PRI	
search_dataset	2	type	varchar	varchar(16)	NO	~NULL~	PRI	utf8mb3
search_dataset	3	data	longtext	longtext	NO	~NULL~		utf8mb3
search_dataset	4	reindex	int	int(10) unsigned	NO	0		
search_index	1	word	varchar	varchar(50)	NO	''	PRI	utf8mb3
search_index	2	sid	int	int(10) unsigned	NO	0	PRI	
search_index	3	type	varchar	varchar(16)	NO	~NULL~	PRI	utf8mb3
search_index	4	score	float	float	YES	NULL		
search_node_links	1	sid	int	int(10) unsigned	NO	0	PRI	
search_node_links	2	type	varchar	varchar(16)	NO	''	PRI	utf8mb3
search_node_links	3	nid	int	int(10) unsigned	NO	0	PRI	
search_node_links	4	caption	longtext	longtext	YES	NULL		utf8mb3
search_total	1	word	varchar	varchar(50)	NO	''	PRI	utf8mb3
search_total	2	count	float	float	YES	NULL		
semaphore	1	name	varchar	varchar(255)	NO	''	PRI	utf8mb3
semaphore	2	value	varchar	varchar(255)	NO	''	MUL	utf8mb3
semaphore	3	expire	double	double	NO	~NULL~	MUL	
sequences	1	value	int	int(10) unsigned	NO	~NULL~	PRI	
services_endpoint	1	eid	int	int(10) unsigned	NO	~NULL~	PRI	
services_endpoint	2	name	varchar	varchar(255)	NO	~NULL~	UNI	utf8mb3
services_endpoint	3	server	varchar	varchar(32)	NO	~NULL~		utf8mb3
services_endpoint	4	path	varchar	varchar(255)	NO	~NULL~		utf8mb3
services_endpoint	5	authentication	longtext	longtext	NO	~NULL~		utf8mb3
services_endpoint	6	server_settings	longblob	longblob	NO	~NULL~		
services_endpoint	7	resources	longtext	longtext	NO	~NULL~		utf8mb3
services_endpoint	8	debug	int	int(11)	NO	0		
services_user	1	uid	int	int(10) unsigned	NO	~NULL~	PRI	
services_user	2	created	int	int(11)	NO	0		
services_user	3	changed	int	int(11)	NO	0		
sessions	1	uid	int	int(10) unsigned	NO	~NULL~	MUL	
sessions	2	sid	varchar	varchar(128)	NO	~NULL~	PRI	utf8mb3
sessions	3	ssid	varchar	varchar(128)	NO	''	PRI	utf8mb3
sessions	4	hostname	varchar	varchar(128)	NO	''		utf8mb3
sessions	5	timestamp	int	int(11)	NO	0	MUL	
sessions	6	cache	int	int(11)	NO	0		
sessions	7	session	longblob	longblob	YES	NULL		
shortcut_set	1	set_name	varchar	varchar(32)	NO	''	PRI	utf8mb3
shortcut_set	2	title	varchar	varchar(255)	NO	''		utf8mb3
shortcut_set_users	1	uid	int	int(10) unsigned	NO	0	PRI	
shortcut_set_users	2	set_name	varchar	varchar(32)	NO	''	MUL	utf8mb3
sirius_denorm_queue	1	denorm_id	int	int(11)	NO	~NULL~	PRI	
sirius_denorm_queue	2	denorm_created_ts	int	int(11)	YES	NULL	MUL	
sirius_denorm_queue	3	denorm_updated_ts	int	int(11)	YES	NULL	MUL	
sirius_denorm_queue	4	denorm_source_nid	int	int(11)	YES	NULL	MUL	
sirius_denorm_queue	5	denorm_target_nid	int	int(11)	YES	NULL	MUL	
sirius_denorm_queue	6	denorm_status	varchar	varchar(255)	YES	NULL		latin1
sirius_denorm_queue	7	denorm_trigger	varchar	varchar(255)	YES	NULL		latin1
sirius_denorm_queue	8	denorm_trigger_args	longtext	longtext	YES	NULL		utf8mb4
sirius_dispatch_elig_cache	1	job_nid	int	int(11)	NO	~NULL~	PRI	
sirius_dispatch_elig_cache	2	worker_nid	int	int(11)	NO	~NULL~	PRI	
sirius_dispatch_elig_cache	3	plugin	varchar	varchar(255)	YES	NULL		latin1
sirius_dispatch_elig_cache	4	details	text	text	YES	NULL		latin1
sirius_dispatch_elig_cache	5	ts	int	int(11)	YES	NULL		
sirius_hours_cache	1	payperiod_nid	int	int(11)	YES	NULL	MUL	
sirius_hours_cache	2	year	int	int(11)	YES	NULL	MUL	
sirius_hours_cache	3	month	int	int(11)	YES	NULL		
sirius_hours_cache	4	day	int	int(11)	YES	NULL		
sirius_hours_cache	5	worker_nid	int	int(11)	YES	NULL	MUL	
sirius_hours_cache	6	employer_nid	int	int(11)	YES	NULL	MUL	
sirius_hours_cache	7	hours_type_tid	int	int(11)	YES	NULL		
sirius_hours_cache	8	department_tid	int	int(11)	YES	NULL		
sirius_hours_cache	9	total	decimal	decimal(10,2)	YES	NULL		
sirius_hours_cache	10	worker_name	varchar	varchar(255)	YES	NULL		latin1
sirius_hours_cache	11	employer_name	varchar	varchar(255)	YES	NULL		latin1
sirius_hours_cache	12	hours_type_name	varchar	varchar(255)	YES	NULL		latin1
sirius_hours_cache	13	department_name	varchar	varchar(255)	YES	NULL		latin1
sirius_hours_cache	14	hours	decimal	decimal(10,4)	YES	NULL		
sirius_ledger_ar	1	ledger_id	int	int(11)	NO	~NULL~	PRI	
sirius_ledger_ar	2	ledger_amount	decimal	decimal(10,2)	YES	NULL		
sirius_ledger_ar	3	ledger_status	varchar	varchar(100)	YES	NULL		latin1
sirius_ledger_ar	4	ledger_account	int	int(11)	YES	NULL	MUL	
sirius_ledger_ar	5	ledger_participant	int	int(11)	YES	NULL	MUL	
sirius_ledger_ar	6	ledger_reference	int	int(11)	YES	NULL	MUL	
sirius_ledger_ar	7	ledger_ts	int	int(11)	YES	NULL		
sirius_ledger_ar	8	ledger_memo	varchar	varchar(255)	YES	NULL		latin1
sirius_ledger_ar	9	ledger_key	varchar	varchar(255)	YES	NULL	MUL	latin1
sirius_ledger_ar	10	ledger_json	longtext	longtext	YES	NULL		utf8mb4
sirius_ledger_balance	1	balance_participant	int	int(11)	NO	~NULL~	PRI	
sirius_ledger_balance	2	balance_account	int	int(11)	NO	~NULL~	PRI	
sirius_ledger_balance	3	balance_amount	decimal	decimal(10,2)	YES	NULL		
sirius_lock	1	id	varchar	varchar(255)	NO	~NULL~	PRI	latin1
sirius_lock	2	type	varchar	varchar(255)	NO	~NULL~	PRI	latin1
sirius_lock	3	uid	int	int(11)	YES	NULL	MUL	
sirius_lock	4	ts	int	int(11)	YES	NULL		
sirius_postal_lob_cache	1	cache_uuid	varchar	varchar(1024)	NO	~NULL~	PRI	latin1
sirius_postal_lob_cache	2	cache_body	longtext	longtext	YES	NULL		latin1
sirius_postal_lob_cache	3	cache_created	int	int(11)	YES	NULL		
sirius_quickhash	1	hash_key	varchar	varchar(1024)	NO	~NULL~	PRI	latin1
sirius_quickhash	2	hash_json	longtext	longtext	YES	NULL		utf8mb4
sirius_quickhash	3	hash_type	varchar	varchar(255)	YES	NULL		latin1
sirius_quickhash	4	hash_domain	int	int(11)	YES	NULL		
sirius_quickhash	5	hash_uid	int	int(11)	YES	NULL		
sirius_quickhash	6	hash_ts	int	int(11)	YES	NULL		
sirius_sched	1	id	int	int(11)	NO	~NULL~	PRI	
sirius_sched	2	entity_nid	int	int(11)	YES	NULL	MUL	
sirius_sched	3	handler_nid	int	int(11)	YES	NULL	MUL	
sirius_sched	4	type	varchar	varchar(255)	YES	NULL		latin1
sirius_sched	5	start_ts	int	int(11)	YES	NULL	MUL	
sirius_sched	6	end_ts	int	int(11)	YES	NULL	MUL	
sirius_sched	7	title	varchar	varchar(255)	YES	NULL		latin1
sirius_sched	8	json	longtext	longtext	YES	NULL		utf8mb4
sirius_trust_wb_scan_changelog	1	log_nid	int	int(11)	NO	~NULL~	PRI	
sirius_trust_wb_scan_changelog	2	ts	int	int(11)	YES	NULL		
sirius_trust_wb_scan_changelog	3	mode	varchar	varchar(255)	YES	NULL		latin1
sirius_trust_wb_scan_changelog	4	scan	varchar	varchar(255)	YES	NULL		latin1
sirius_trust_wb_scan_changelog	5	wb_nid	int	int(11)	YES	NULL		
sirius_trust_wb_scan_changelog	6	subscriber_worker_nid	int	int(11)	YES	NULL		
sirius_trust_wb_scan_changelog	7	dependent_worker_nid	int	int(11)	YES	NULL		
sirius_trust_wb_scan_changelog	8	relationship_nid	int	int(11)	YES	NULL		
sirius_trust_wb_scan_changelog	9	benefit_nid	int	int(11)	YES	NULL		
sirius_trust_wb_scan_changelog	10	msg	varchar	varchar(255)	YES	NULL		latin1
sirius_trust_wb_scan_changelog	11	action	varchar	varchar(255)	YES	NULL		latin1
system	1	filename	varchar	varchar(255)	NO	''	PRI	utf8mb3
system	2	name	varchar	varchar(255)	NO	''		utf8mb3
system	3	type	varchar	varchar(12)	NO	''	MUL	utf8mb3
system	4	owner	varchar	varchar(255)	NO	''		utf8mb3
system	5	status	int	int(11)	NO	0	MUL	
system	6	bootstrap	int	int(11)	NO	0		
system	7	schema_version	smallint	smallint(6)	NO	-1		
system	8	weight	int	int(11)	NO	0		
system	9	info	longblob	longblob	YES	NULL		
taxonomy_index	1	nid	int	int(10) unsigned	NO	0	MUL	
taxonomy_index	2	tid	int	int(10) unsigned	NO	0	MUL	
taxonomy_index	3	sticky	tinyint	tinyint(4)	YES	0		
taxonomy_index	4	created	int	int(11)	NO	0		
taxonomy_term_data	1	tid	int	int(10) unsigned	NO	~NULL~	PRI	
taxonomy_term_data	2	vid	int	int(10) unsigned	NO	0	MUL	
taxonomy_term_data	3	name	varchar	varchar(255)	NO	''	MUL	utf8mb3
taxonomy_term_data	4	description	longtext	longtext	YES	NULL		utf8mb3
taxonomy_term_data	5	format	varchar	varchar(255)	YES	NULL		utf8mb3
taxonomy_term_data	6	weight	int	int(11)	NO	0		
taxonomy_term_data	7	hweight	int	int(11)	NO	0		
taxonomy_term_data	8	hdepth	int	int(11)	NO	0		
taxonomy_term_data	9	uuid	char	char(36)	NO	''	MUL	utf8mb3
taxonomy_term_hierarchy	1	tid	int	int(10) unsigned	NO	0	PRI	
taxonomy_term_hierarchy	2	parent	int	int(10) unsigned	NO	0	PRI	
taxonomy_vocabulary	1	vid	int	int(10) unsigned	NO	~NULL~	PRI	
taxonomy_vocabulary	2	name	varchar	varchar(255)	NO	''		utf8mb3
taxonomy_vocabulary	3	machine_name	varchar	varchar(255)	NO	''	UNI	utf8mb3
taxonomy_vocabulary	4	description	longtext	longtext	YES	NULL		utf8mb3
taxonomy_vocabulary	5	hierarchy	tinyint	tinyint(3) unsigned	NO	0		
taxonomy_vocabulary	6	module	varchar	varchar(255)	NO	''		utf8mb3
taxonomy_vocabulary	7	weight	int	int(11)	NO	0	MUL	
tfa_accepted_code	1	cid	int	int(10) unsigned	NO	~NULL~	PRI	
tfa_accepted_code	2	uid	int	int(10) unsigned	NO	0	MUL	
tfa_accepted_code	3	code_hash	varchar	varchar(255)	NO	''		utf8mb3
tfa_accepted_code	4	time_accepted	int	int(11)	NO	0	MUL	
tfa_recovery_code	1	id	int	int(10) unsigned	NO	~NULL~	PRI	
tfa_recovery_code	2	uid	int	int(10) unsigned	NO	0	MUL	
tfa_recovery_code	3	code	varchar	varchar(255)	NO	''		utf8mb3
tfa_recovery_code	4	created	int	int(11)	NO	0		
tfa_recovery_code	5	used	int	int(11)	NO	0		
tfa_totp_seed	1	uid	int	int(10) unsigned	NO	0	PRI	
tfa_totp_seed	2	seed	varchar	varchar(255)	NO	''		utf8mb3
tfa_totp_seed	3	created	int	int(11)	NO	0		
tfa_trusted_browser	1	did	int	int(10) unsigned	NO	~NULL~	PRI	
tfa_trusted_browser	2	uid	int	int(10) unsigned	NO	0	MUL	
tfa_trusted_browser	3	value	varchar	varchar(160)	NO	''		utf8mb3
tfa_trusted_browser	4	created	int	int(11)	NO	0		
tfa_trusted_browser	5	last_used	int	int(11)	NO	0		
tfa_trusted_browser	6	ip	varchar	varchar(60)	NO	''		utf8mb3
tfa_trusted_browser	7	name	varchar	varchar(255)	NO	''		utf8mb3
tfa_user_settings	1	uid	int	int(10) unsigned	NO	0	PRI	
tfa_user_settings	2	saved	int	int(11)	NO	0		
tfa_user_settings	3	status	int	int(11)	NO	0		
tfa_user_settings	4	data	varchar	varchar(255)	NO	''		utf8mb3
url_alias	1	pid	int	int(10) unsigned	NO	~NULL~	PRI	
url_alias	2	source	varchar	varchar(255)	NO	''	MUL	utf8mb3
url_alias	3	alias	varchar	varchar(255)	NO	''	MUL	utf8mb3
url_alias	4	language	varchar	varchar(12)	NO	''		utf8mb3
users	1	uid	int	int(10) unsigned	NO	0	PRI	
users	2	name	varchar	varchar(60)	NO	''	UNI	utf8mb3
users	3	pass	varchar	varchar(128)	NO	''		utf8mb3
users	4	mail	varchar	varchar(254)	YES	''	MUL	utf8mb3
users	5	theme	varchar	varchar(255)	NO	''		utf8mb3
users	6	signature	varchar	varchar(255)	NO	''		utf8mb3
users	7	signature_format	varchar	varchar(255)	YES	NULL		utf8mb3
users	8	created	int	int(11)	NO	0	MUL	
users	9	access	int	int(11)	NO	0	MUL	
users	10	login	int	int(11)	NO	0		
users	11	status	tinyint	tinyint(4)	NO	0		
users	12	timezone	varchar	varchar(32)	YES	NULL		utf8mb3
users	13	language	varchar	varchar(12)	NO	''		utf8mb3
users	14	picture	int	int(11)	NO	0	MUL	
users	15	init	varchar	varchar(254)	YES	''		utf8mb3
users	16	data	longblob	longblob	YES	NULL		
users	17	uuid	char	char(36)	NO	''	MUL	utf8mb3
users	18	changed	int	int(11)	NO	0	MUL	
users_roles	1	uid	int	int(10) unsigned	NO	0	PRI	
users_roles	2	rid	int	int(10) unsigned	NO	0	PRI	
variable	1	name	varchar	varchar(128)	NO	''	PRI	utf8mb3
variable	2	value	longblob	longblob	NO	~NULL~		
variable_store	1	realm	varchar	varchar(50)	NO	''	PRI	utf8mb3
variable_store	2	realm_key	varchar	varchar(50)	NO	''	PRI	utf8mb3
variable_store	3	name	varchar	varchar(128)	NO	''	PRI	utf8mb3
variable_store	4	value	longtext	longtext	NO	~NULL~		utf8mb3
variable_store	5	serialized	smallint	smallint(6)	NO	1		
views_calc_fields	1	cid	int	int(11)	NO	~NULL~	PRI	
views_calc_fields	2	label	varchar	varchar(255)	NO	''		utf8mb3
views_calc_fields	3	format	varchar	varchar(255)	NO	''		utf8mb3
views_calc_fields	4	custom	varchar	varchar(255)	NO	''		utf8mb3
views_calc_fields	5	base	varchar	varchar(255)	NO	''		utf8mb3
views_calc_fields	6	tablelist	text	text	NO	~NULL~		utf8mb3
views_calc_fields	7	fieldlist	text	text	NO	~NULL~		utf8mb3
views_calc_fields	8	calc	text	text	NO	~NULL~		utf8mb3
views_data_export	1	eid	int	int(10) unsigned	NO	~NULL~	PRI	
views_data_export	2	view_name	varchar	varchar(128)	NO	''		utf8mb3
views_data_export	3	view_display_id	varchar	varchar(64)	NO	''		utf8mb3
views_data_export	4	time_stamp	int	int(10) unsigned	NO	0		
views_data_export	5	fid	int	int(10) unsigned	NO	~NULL~		
views_data_export	6	batch_state	varchar	varchar(32)	NO	'init'		utf8mb3
views_data_export	7	sandbox	longblob	longblob	YES	NULL		
views_data_export_object_cache	1	eid	varchar	varchar(64)	YES	NULL	MUL	utf8mb3
views_data_export_object_cache	2	updated	int	int(10) unsigned	NO	0	MUL	
views_data_export_object_cache	3	data	longblob	longblob	YES	NULL		
views_display	1	vid	int	int(10) unsigned	NO	0	PRI	
views_display	2	id	varchar	varchar(64)	NO	''	PRI	utf8mb3
views_display	3	display_title	varchar	varchar(64)	NO	''		utf8mb3
views_display	4	display_plugin	varchar	varchar(64)	NO	''		utf8mb3
views_display	5	position	int	int(11)	YES	0		
views_display	6	display_options	longtext	longtext	YES	NULL		utf8mb3
views_savedsearches	1	sid	int	int(10) unsigned	NO	~NULL~	PRI	
views_savedsearches	2	uid	int	int(10) unsigned	NO	~NULL~		
views_savedsearches	3	vid	int	int(10) unsigned	NO	~NULL~		
views_savedsearches	4	view_name	varchar	varchar(32)	YES	''		utf8mb3
views_savedsearches	5	display	varchar	varchar(32)	NO	~NULL~		utf8mb3
views_savedsearches	6	name	varchar	varchar(30)	NO	''		utf8mb3
views_savedsearches	7	filters	longtext	longtext	YES	NULL		utf8mb3
views_view	1	vid	int	int(10) unsigned	NO	~NULL~	PRI	
views_view	2	name	varchar	varchar(128)	NO	''	UNI	utf8mb3
views_view	3	description	varchar	varchar(255)	YES	''		utf8mb3
views_view	4	tag	varchar	varchar(255)	YES	''		utf8mb3
views_view	5	base_table	varchar	varchar(64)	NO	''		utf8mb3
views_view	6	human_name	varchar	varchar(255)	YES	''		utf8mb3
views_view	7	core	int	int(11)	YES	0		
watchdog	1	wid	int	int(11)	NO	~NULL~	PRI	
watchdog	2	uid	int	int(11)	NO	0	MUL	
watchdog	3	type	varchar	varchar(64)	NO	''	MUL	utf8mb3
watchdog	4	message	longtext	longtext	NO	~NULL~		utf8mb3
watchdog	5	variables	longblob	longblob	NO	~NULL~		
watchdog	6	severity	tinyint	tinyint(3) unsigned	NO	0	MUL	
watchdog	7	link	varchar	varchar(255)	YES	''		utf8mb3
watchdog	8	location	text	text	NO	~NULL~		utf8mb3
watchdog	9	referer	text	text	YES	NULL		utf8mb3
watchdog	10	hostname	varchar	varchar(128)	NO	''		utf8mb3
watchdog	11	timestamp	int	int(11)	NO	0		
